{"type":"FeatureCollection","features":[{"type":"Feature","geometry":{"type":"Polygon","coordinates":[[[50.2245417,53.3064687],[50.2246652,53.30645],[50.2247035,53.3065404],[50.22458,53.306559],[50.2245417,53.3064687]]]},"properties":{"id":"929b8caf-e168-4492-b7cb-4e814ac1c00f","source_type":"ml"}},{"type":"Feature","geometry":{"type":"Polygon","coordinates":[[[50.229363,53.293958],[50.2293397,53.2939161],[50.2293712,53.2939099],[50.2293944,53.2939518],[50.229363,53.293958]]]},"properties":{"id":"64b8ba0f-0829-4bc6-8a30-3f8282f9d712","source_type":"ml"}},{"type":"Feature","geometry":{"type":"Polygon","coordinates":[[[50.2293292,53.2943263],[50.2293493,53.2943623],[50.2292805,53.294376],[50.2292604,53.29434],[50.2293292,53.2943263]]]},"properties":{"id":"cb5126f2-9bd9-468b-b68b-dc37606a8743","source_type":"ml"}},{"type":"Feature","geometry":{"type":"Polygon","coordinates":[[[50.232314,53.2971042],[50.2322926,53.2971048],[50.232289,53.29706],[50.2323773,53.2970574],[50.2323805,53.2970974],[50.2324046,53.2970967],[50.2324079,53.2971367],[50.2323169,53.2971394],[50.232314,53.2971042]]]},"properties":{"id":"a124906e-9868-48e6-b4c3-69aabd7e0773","source_type":"ml"}},{"type":"Feature","geometry":{"type":"Polygon","coordinates":[[[50.2325474,53.2970855],[50.2324391,53.297084],[50.2324414,53.2970247],[50.2325497,53.2970262],[50.2325474,53.2970855]]]},"properties":{"id":"2d8e24a9-12fc-4d10-93e7-0b51f9cfcb3c","source_type":"ml"}},{"type":"Feature","geometry":{"type":"Polygon","coordinates":[[[50.2333983,53.2960443],[50.2334293,53.2960028],[50.233466,53.2960126],[50.2334351,53.2960541],[50.2333983,53.2960443]]]},"properties":{"id":"0f79f550-cf17-48a7-856b-deb14e4e5777","source_type":"ml"}},{"type":"Feature","geometry":{"type":"Polygon","coordinates":[[[50.2342102,53.2965825],[50.2342933,53.2966332],[50.2341414,53.2967222],[50.2339993,53.2966355],[50.2341991,53.2965185],[50.2342581,53.2965545],[50.2342102,53.2965825]]]},"properties":{"id":"a8ad9044-d7fe-4fa0-af80-7bdc8f54cb78","source_type":"ml"}},{"type":"Feature","geometry":{"type":"Polygon","coordinates":[[[50.2342808,53.2966979],[50.2342433,53.2966749],[50.2343041,53.2966393],[50.2343417,53.2966623],[50.2342808,53.2966979]]]},"properties":{"id":"5013bb69-15d0-4d1c-974f-87eeeb7fdfff","source_type":"ml"}},{"type":"Feature","geometry":{"type":"Polygon","coordinates":[[[50.2344327,53.2970116],[50.2344524,53.2970263],[50.2343918,53.2970552],[50.2343722,53.2970405],[50.2344327,53.2970116]]]},"properties":{"id":"6647a7d2-78c7-4b8e-a375-1e341767e5be","source_type":"ml"}},{"type":"Feature","geometry":{"type":"Polygon","coordinates":[[[50.2328139,53.2983971],[50.232875,53.2983618],[50.2329501,53.2984083],[50.2328889,53.2984436],[50.2328139,53.2983971]]]},"properties":{"id":"156c1390-fc30-4be3-aae2-6f1c13dd9fa1","source_type":"ml"}},{"type":"Feature","geometry":{"type":"Polygon","coordinates":[[[50.2322318,53.2977568],[50.2320661,53.2977665],[50.2320521,53.2976807],[50.2322124,53.2976713],[50.2322111,53.2976634],[50.2323387,53.2976559],[50.2323574,53.2977702],[50.2322352,53.2977774],[50.2322318,53.2977568]]]},"properties":{"id":"c002d7b0-f380-4062-b7d7-dd181ea64768","source_type":"ml"}},{"type":"Feature","geometry":{"type":"Polygon","coordinates":[[[50.229489,53.2987628],[50.2294917,53.2988124],[50.2293738,53.2988147],[50.2293717,53.2987752],[50.2293063,53.2987765],[50.2293026,53.2987077],[50.2294537,53.2987047],[50.2294569,53.2987634],[50.229489,53.2987628]]]},"properties":{"id":"c26a6b46-c48e-45cc-b1e0-71283b7226f9","source_type":"ml"}},{"type":"Feature","geometry":{"type":"Polygon","coordinates":[[[50.2303873,53.2995167],[50.230391,53.2995759],[50.2303294,53.2995773],[50.2303257,53.299518],[50.2303873,53.2995167]]]},"properties":{"id":"72b0d24b-36df-4989-9ff2-b6df5c9441b3","source_type":"ml"}},{"type":"Feature","geometry":{"type":"Polygon","coordinates":[[[50.2313157,53.3001338],[50.2314176,53.3001354],[50.231415,53.3001915],[50.2313132,53.3001898],[50.2313157,53.3001338]]]},"properties":{"id":"649e3cd2-fc57-45cb-a0b8-5832f8653f16","source_type":"ml"}},{"type":"Feature","geometry":{"type":"Polygon","coordinates":[[[50.2314691,53.300567],[50.2313327,53.3005953],[50.2312441,53.3004428],[50.2313399,53.3004229],[50.2313263,53.3003994],[50.2314484,53.3003741],[50.2315273,53.3005101],[50.2314459,53.3005269],[50.2314691,53.300567]]]},"properties":{"id":"02577f8e-5e97-497d-9bd2-504f0a8da8f5","source_type":"ml"}},{"type":"Feature","geometry":{"type":"Polygon","coordinates":[[[50.2301493,53.3011253],[50.2301976,53.3011253],[50.2301976,53.3011862],[50.2301493,53.3011862],[50.2301493,53.3011253]]]},"properties":{"id":"f071e3dc-9681-470d-a9c3-c6e1cef906e6","source_type":"ml"}},{"type":"Feature","geometry":{"type":"Polygon","coordinates":[[[50.2312858,53.3020035],[50.2312746,53.301959],[50.2314109,53.3019467],[50.2314222,53.3019912],[50.2312858,53.3020035]]]},"properties":{"id":"ac4c27b9-17f8-4cd3-9e37-40be36bb6438","source_type":"ml"}},{"type":"Feature","geometry":{"type":"Polygon","coordinates":[[[50.2293484,53.3020153],[50.2293472,53.3020596],[50.229256,53.3020587],[50.2292572,53.3020144],[50.2293484,53.3020153]]]},"properties":{"id":"728e31d3-b346-4536-b2be-82234f2a57d3","source_type":"ml"}},{"type":"Feature","geometry":{"type":"Polygon","coordinates":[[[50.2293852,53.3017454],[50.2293876,53.301715],[50.2294331,53.3017163],[50.2294307,53.3017467],[50.2293852,53.3017454]]]},"properties":{"id":"c13d8050-71db-41ab-ac49-e1078b8a95ff","source_type":"ml"}},{"type":"Feature","geometry":{"type":"Polygon","coordinates":[[[50.2297211,53.3019615],[50.2297149,53.3018847],[50.2298808,53.3018799],[50.2298858,53.3019413],[50.2298537,53.3019422],[50.2298549,53.3019576],[50.2297211,53.3019615]]]},"properties":{"id":"673e0030-f02e-4a4e-a847-4eca4461d763","source_type":"ml"}},{"type":"Feature","geometry":{"type":"Polygon","coordinates":[[[50.2291379,53.3020413],[50.2290816,53.3020426],[50.2290834,53.3020698],[50.2289349,53.3020733],[50.2289293,53.3019891],[50.2291341,53.3019842],[50.2291379,53.3020413]]]},"properties":{"id":"82514865-3781-48d7-bc5c-b3185b891f29","source_type":"ml"}},{"type":"Feature","geometry":{"type":"Polygon","coordinates":[[[50.2296058,53.3053209],[50.2294969,53.3053198],[50.2294961,53.3053481],[50.2294264,53.3053474],[50.2294279,53.3052984],[50.2294523,53.3052986],[50.2294539,53.3052428],[50.229608,53.3052443],[50.2296058,53.3053209]]]},"properties":{"id":"d398b411-0a5e-4e74-8e75-03a5314e73ee","source_type":"osm"}},{"type":"Feature","geometry":{"type":"Polygon","coordinates":[[[50.2309557,53.3025518],[50.2309621,53.3025909],[50.230901,53.3025945],[50.2309043,53.3026151],[50.2306918,53.3026275],[50.230677,53.3025371],[50.2308762,53.3025254],[50.2308813,53.3025562],[50.2309557,53.3025518]]]},"properties":{"id":"46252927-1b2a-463e-b694-db5083a73a70","source_type":"ml"}},{"type":"Feature","geometry":{"type":"Polygon","coordinates":[[[50.2311321,53.3029277],[50.2310385,53.302914],[50.2310496,53.3028868],[50.2311432,53.3029005],[50.2311321,53.3029277]]]},"properties":{"id":"7c20f359-ac1b-4257-8fda-ca4a206969b3","source_type":"ml"}},{"type":"Feature","geometry":{"type":"Polygon","coordinates":[[[50.2315999,53.3028893],[50.2317594,53.3029024],[50.2317292,53.3030345],[50.2315697,53.3030215],[50.2315999,53.3028893]]]},"properties":{"id":"710ce2ab-16e2-4745-9fc4-d91191731e9f","source_type":"ml"}},{"type":"Feature","geometry":{"type":"Polygon","coordinates":[[[50.2320814,53.3051406],[50.232153,53.3051359],[50.2321611,53.3051802],[50.2320896,53.3051849],[50.2320814,53.3051406]]]},"properties":{"id":"0ddca627-0daa-4e06-acff-fd4376e8ffa5","source_type":"ml"}},{"type":"Feature","geometry":{"type":"Polygon","coordinates":[[[50.2325498,53.3051539],[50.2326278,53.3052649],[50.2324873,53.3053001],[50.2324246,53.305211],[50.2324602,53.305202],[50.2324449,53.3051802],[50.2325498,53.3051539]]]},"properties":{"id":"98eead5c-1159-47d6-b4ce-5fad3f6cf746","source_type":"ml"}},{"type":"Feature","geometry":{"type":"Polygon","coordinates":[[[50.2337988,53.3043491],[50.23387,53.304362],[50.2338454,53.3044104],[50.2337742,53.3043975],[50.2337988,53.3043491]]]},"properties":{"id":"e9b0ba90-286a-45a3-a4eb-2fc060f82ee2","source_type":"ml"}},{"type":"Feature","geometry":{"type":"Polygon","coordinates":[[[50.2332899,53.3030633],[50.2332357,53.3030599],[50.233244,53.3030123],[50.2332982,53.3030157],[50.2332899,53.3030633]]]},"properties":{"id":"868bf756-a348-4215-85b6-4473ef2c2319","source_type":"ml"}},{"type":"Feature","geometry":{"type":"Polygon","coordinates":[[[50.2342387,53.3028589],[50.2342395,53.3028044],[50.234328,53.3028048],[50.2343272,53.3028593],[50.2342387,53.3028589]]]},"properties":{"id":"f19fc456-a5de-49ce-85ee-5cdcc008f67a","source_type":"ml"}},{"type":"Feature","geometry":{"type":"Polygon","coordinates":[[[50.234303,53.3014772],[50.234298,53.301394],[50.2344346,53.3013911],[50.2344356,53.3014071],[50.2345293,53.3014051],[50.2345333,53.3014723],[50.234303,53.3014772]]]},"properties":{"id":"157474f0-67fb-4704-a856-f5d0ab4c0c0b","source_type":"ml"}},{"type":"Feature","geometry":{"type":"Polygon","coordinates":[[[50.2343589,53.3011586],[50.2343614,53.3012387],[50.2342461,53.3012399],[50.2342436,53.3011598],[50.2343589,53.3011586]]]},"properties":{"id":"f10a672f-84b0-4d48-9962-536291de0513","source_type":"ml"}},{"type":"Feature","geometry":{"type":"Polygon","coordinates":[[[50.2331048,53.3018077],[50.233084,53.3017453],[50.2331897,53.3017327],[50.2332106,53.3017951],[50.2331048,53.3018077]]]},"properties":{"id":"6032a94f-e73b-4c7b-b61d-a02802e511b8","source_type":"ml"}},{"type":"Feature","geometry":{"type":"Polygon","coordinates":[[[50.233549,53.3022204],[50.2336121,53.3022199],[50.2336128,53.3022471],[50.2335497,53.3022477],[50.233549,53.3022204]]]},"properties":{"id":"dfb6d36b-2b82-4484-a370-84edd1ec21d8","source_type":"ml"}},{"type":"Feature","geometry":{"type":"Polygon","coordinates":[[[50.2318577,53.2997206],[50.231834,53.2997035],[50.2319195,53.299661],[50.2319432,53.299678],[50.2318577,53.2997206]]]},"properties":{"id":"951e42cb-f600-4d5c-86f8-f376bde439be","source_type":"ml"}},{"type":"Feature","geometry":{"type":"Polygon","coordinates":[[[50.2345063,53.3031106],[50.2345258,53.3030237],[50.2347171,53.3030391],[50.2346976,53.3031259],[50.2345063,53.3031106]]]},"properties":{"id":"9ccbe52b-afae-4a55-b2d1-17aa60cda586","source_type":"osm"}},{"type":"Feature","geometry":{"type":"Polygon","coordinates":[[[50.2347593,53.3028432],[50.234768,53.3028694],[50.234701,53.3028774],[50.2346922,53.3028511],[50.2347593,53.3028432]]]},"properties":{"id":"459b7571-79ec-4b02-80bf-52b8863d9446","source_type":"ml"}},{"type":"Feature","geometry":{"type":"Polygon","coordinates":[[[50.2349129,53.3047626],[50.2349318,53.304698],[50.2350427,53.3047096],[50.2350239,53.3047742],[50.2349129,53.3047626]]]},"properties":{"id":"b2a86c25-b0ce-4d24-8082-611ed6b253eb","source_type":"ml"}},{"type":"Feature","geometry":{"type":"Polygon","coordinates":[[[50.2359923,53.3052128],[50.2359163,53.3051964],[50.2359317,53.3051709],[50.2360077,53.3051872],[50.2359923,53.3052128]]]},"properties":{"id":"bb83d91f-e524-4e46-bc3c-99c122ec6534","source_type":"ml"}},{"type":"Feature","geometry":{"type":"Polygon","coordinates":[[[50.2359506,53.3050042],[50.2360216,53.3050218],[50.2359979,53.305056],[50.2358811,53.3050271],[50.2359219,53.3049683],[50.2359677,53.3049796],[50.2359506,53.3050042]]]},"properties":{"id":"d2e6cf54-b8a0-4acb-989b-44a1359151d8","source_type":"ml"}},{"type":"Feature","geometry":{"type":"Polygon","coordinates":[[[50.2365871,53.30438],[50.2366696,53.3043845],[50.2366616,53.304437],[50.236619,53.3044346],[50.2366208,53.3044226],[50.2365809,53.3044205],[50.2365871,53.30438]]]},"properties":{"id":"3793ceff-f705-447c-812f-162ccbd77462","source_type":"ml"}},{"type":"Feature","geometry":{"type":"Polygon","coordinates":[[[50.2363483,53.3047316],[50.2362879,53.3047247],[50.236302,53.3046807],[50.2363625,53.3046876],[50.2363483,53.3047316]]]},"properties":{"id":"bebcd995-d365-400c-8bfb-497de554cc76","source_type":"ml"}},{"type":"Feature","geometry":{"type":"Polygon","coordinates":[[[50.2369741,53.3054013],[50.2369684,53.3053655],[50.2370667,53.3053598],[50.2370725,53.3053957],[50.2369741,53.3054013]]]},"properties":{"id":"cb2e18a5-b874-45b0-a80f-3fef7f4f21a0","source_type":"ml"}},{"type":"Feature","geometry":{"type":"Polygon","coordinates":[[[50.238778,53.3053256],[50.2387302,53.3053108],[50.2388122,53.3052159],[50.2388601,53.3052307],[50.238778,53.3053256]]]},"properties":{"id":"4d429b7b-6cca-4b39-8626-393e3b8f3895","source_type":"ml"}},{"type":"Feature","geometry":{"type":"Polygon","coordinates":[[[50.2379046,53.2966479],[50.2379693,53.296625],[50.2380093,53.2966654],[50.2379445,53.2966883],[50.2379046,53.2966479]]]},"properties":{"id":"fca7cab9-c720-4d24-b74a-14372c54251d","source_type":"ml"}},{"type":"Feature","geometry":{"type":"Polygon","coordinates":[[[50.2350274,53.2978077],[50.2350659,53.2978266],[50.2350198,53.2978601],[50.2349814,53.2978412],[50.2350274,53.2978077]]]},"properties":{"id":"5bd00428-690f-4c24-ab4f-29307fc528ce","source_type":"ml"}},{"type":"Feature","geometry":{"type":"Polygon","coordinates":[[[50.2359666,53.2973948],[50.2360403,53.2973488],[50.2360908,53.2973776],[50.2360171,53.2974237],[50.2359666,53.2973948]]]},"properties":{"id":"0733e99c-a65f-4bd8-8a87-4b20cbdf7fda","source_type":"ml"}},{"type":"Feature","geometry":{"type":"Polygon","coordinates":[[[50.2356401,53.2962773],[50.2356908,53.2962574],[50.235735,53.2962978],[50.2356843,53.2963177],[50.2356401,53.2962773]]]},"properties":{"id":"72bf8d43-0656-4857-b0ff-7b408fe33ca2","source_type":"ml"}},{"type":"Feature","geometry":{"type":"Polygon","coordinates":[[[50.2363704,53.2959793],[50.2364164,53.2960101],[50.236364,53.296038],[50.236318,53.2960071],[50.2363704,53.2959793]]]},"properties":{"id":"cba34c9c-0fc1-4d34-aab8-23d1aa1e37be","source_type":"ml"}},{"type":"Feature","geometry":{"type":"Polygon","coordinates":[[[50.239765,53.2942065],[50.2396524,53.2941119],[50.2397156,53.294085],[50.2398283,53.2941796],[50.239765,53.2942065]]]},"properties":{"id":"e6446b11-d37a-449f-9a42-c313b2352d5f","source_type":"osm"}},{"type":"Feature","geometry":{"type":"Polygon","coordinates":[[[50.2403599,53.2952974],[50.2404043,53.2952843],[50.2404297,53.2953153],[50.2403854,53.2953283],[50.2403599,53.2952974]]]},"properties":{"id":"285733da-a4b8-427b-897a-7455012aa858","source_type":"ml"}},{"type":"Feature","geometry":{"type":"Polygon","coordinates":[[[50.2402897,53.2955944],[50.2403482,53.2955662],[50.2403901,53.2955972],[50.2403316,53.2956254],[50.2402897,53.2955944]]]},"properties":{"id":"0038b176-0f69-4633-9152-8e2e41635e05","source_type":"ml"}},{"type":"Feature","geometry":{"type":"Polygon","coordinates":[[[50.2424701,53.2939275],[50.2423231,53.2939876],[50.2424371,53.2940872],[50.2425299,53.2940493],[50.2425996,53.2941102],[50.24237,53.294204],[50.242108,53.2939752],[50.2423918,53.2938591],[50.2424701,53.2939275]]]},"properties":{"id":"64ea3925-611e-488f-8fa5-b4e8c496d8e3","source_type":"osm"}},{"type":"Feature","geometry":{"type":"Polygon","coordinates":[[[50.2417258,53.2953336],[50.2417365,53.2953603],[50.2416821,53.2953681],[50.2416713,53.2953414],[50.2417258,53.2953336]]]},"properties":{"id":"4ee3202c-aef7-4bd1-b40e-00faae7bb024","source_type":"ml"}},{"type":"Feature","geometry":{"type":"Polygon","coordinates":[[[50.2418722,53.2946507],[50.2419152,53.2946927],[50.2418351,53.2947219],[50.2417921,53.2946799],[50.2418722,53.2946507]]]},"properties":{"id":"252b01ec-6e5c-4753-9094-4925adfe3de7","source_type":"ml"}},{"type":"Feature","geometry":{"type":"Polygon","coordinates":[[[50.2408945,53.2944654],[50.2409832,53.2944207],[50.2410664,53.2944798],[50.2409778,53.2945244],[50.2408945,53.2944654]]]},"properties":{"id":"ed3d078c-456f-41ee-8fe2-35b9609c939b","source_type":"ml"}},{"type":"Feature","geometry":{"type":"Polygon","coordinates":[[[50.2421692,53.2963371],[50.2421949,53.2963592],[50.2422412,53.2963399],[50.242362,53.2964437],[50.242195,53.2965132],[50.2420485,53.2963873],[50.2421692,53.2963371]]]},"properties":{"id":"417b469c-caf0-4fe8-bbd2-952010acd61e","source_type":"osm"}},{"type":"Feature","geometry":{"type":"Polygon","coordinates":[[[50.2432606,53.2979729],[50.2431485,53.2978878],[50.2432116,53.2978557],[50.2431929,53.2978404],[50.2432466,53.2978153],[50.2432163,53.2977901],[50.2434848,53.2976715],[50.2435408,53.297719],[50.2434918,53.2977427],[50.2435175,53.297765],[50.2434101,53.2978139],[50.2434311,53.297832],[50.2434241,53.2978808],[50.2433937,53.2978948],[50.2434077,53.2979102],[50.2432606,53.2979729]]]},"properties":{"id":"ae243f68-9118-46d7-bde4-324d6c2ecfea","source_type":"osm"}},{"type":"Feature","geometry":{"type":"Polygon","coordinates":[[[50.2432355,53.2969593],[50.2432589,53.2969833],[50.2432149,53.2969986],[50.2431915,53.2969747],[50.2432355,53.2969593]]]},"properties":{"id":"4274451b-3194-42f9-a81a-d119a34b475f","source_type":"ml"}},{"type":"Feature","geometry":{"type":"Polygon","coordinates":[[[50.2433246,53.2959464],[50.2432615,53.2958975],[50.2433642,53.2958529],[50.2434226,53.2959031],[50.2433246,53.2959464]]]},"properties":{"id":"6ad056f3-b2b1-43f2-8406-754fb45efca1","source_type":"osm"}},{"type":"Feature","geometry":{"type":"Polygon","coordinates":[[[50.243496,53.295838],[50.2434424,53.2958049],[50.2435173,53.2957616],[50.2435709,53.2957948],[50.243496,53.295838]]]},"properties":{"id":"90f32fb0-acba-4ec4-a966-1a4d3060ee22","source_type":"ml"}},{"type":"Feature","geometry":{"type":"Polygon","coordinates":[[[50.2438092,53.3045046],[50.2436901,53.3044875],[50.24372,53.3044132],[50.2438391,53.3044304],[50.2438092,53.3045046]]]},"properties":{"id":"c385eda0-2b08-4864-b68f-dd6a82398096","source_type":"ml"}},{"type":"Feature","geometry":{"type":"Polygon","coordinates":[[[50.2438594,53.3042273],[50.243799,53.3042248],[50.2438061,53.3041642],[50.2438665,53.3041667],[50.2438594,53.3042273]]]},"properties":{"id":"405ebf54-0075-493b-96db-a19472a1da56","source_type":"ml"}},{"type":"Feature","geometry":{"type":"Polygon","coordinates":[[[50.2439589,53.3040541],[50.244046,53.3040608],[50.2440347,53.3041128],[50.2439477,53.3041061],[50.2439589,53.3040541]]]},"properties":{"id":"71bc4111-c804-4299-9fa6-3264f5762058","source_type":"ml"}},{"type":"Feature","geometry":{"type":"Polygon","coordinates":[[[50.2446704,53.3046494],[50.2446688,53.3046766],[50.24455,53.3046742],[50.2445515,53.304647],[50.2446704,53.3046494]]]},"properties":{"id":"2c676210-9f3f-49b2-a3a0-a789b384d45a","source_type":"ml"}},{"type":"Feature","geometry":{"type":"Polygon","coordinates":[[[50.2436704,53.3045755],[50.2437589,53.3045771],[50.2437543,53.3046636],[50.2436659,53.3046619],[50.2436704,53.3045755]]]},"properties":{"id":"69fdd789-f7d2-4a9b-ae23-5ce70996e72f","source_type":"ml"}},{"type":"Feature","geometry":{"type":"Polygon","coordinates":[[[50.2409464,53.3070522],[50.2410348,53.3070543],[50.2410305,53.3071205],[50.2409421,53.3071184],[50.2409464,53.3070522]]]},"properties":{"id":"63f4e510-cb15-4ad5-973c-134a94f7ec37","source_type":"ml"}},{"type":"Feature","geometry":{"type":"Polygon","coordinates":[[[50.2420336,53.3069276],[50.2420349,53.3069869],[50.2419464,53.3069875],[50.2419451,53.3069282],[50.2420336,53.3069276]]]},"properties":{"id":"2b74fd76-2267-4c5e-ad9d-cc98d020b3fc","source_type":"ml"}},{"type":"Feature","geometry":{"type":"Polygon","coordinates":[[[50.2414444,53.30635],[50.2414483,53.3063014],[50.2415099,53.3063032],[50.2415059,53.3063518],[50.2414444,53.30635]]]},"properties":{"id":"a8e7af44-85d5-4311-bea7-e4bcc57c465d","source_type":"ml"}},{"type":"Feature","geometry":{"type":"Polygon","coordinates":[[[50.2429525,53.3074216],[50.2430597,53.3074235],[50.2430586,53.3074459],[50.2429514,53.307444],[50.2429525,53.3074216]]]},"properties":{"id":"44566ebc-b0ce-43fc-ba71-2dba1f25e3b9","source_type":"ml"}},{"type":"Feature","geometry":{"type":"Polygon","coordinates":[[[50.2424933,53.3067807],[50.2425872,53.306782],[50.2425851,53.3068358],[50.2424913,53.3068345],[50.2424933,53.3067807]]]},"properties":{"id":"8a50d95c-b3bc-4a9e-813b-a71edd31c68c","source_type":"ml"}},{"type":"Feature","geometry":{"type":"Polygon","coordinates":[[[50.240903,53.3081495],[50.2409062,53.3082056],[50.240799,53.3082077],[50.2407958,53.3081517],[50.240903,53.3081495]]]},"properties":{"id":"616ed223-aca9-46ad-be39-4bf8bb9bb892","source_type":"ml"}},{"type":"Feature","geometry":{"type":"Polygon","coordinates":[[[50.2438362,53.3078276],[50.2438534,53.3078693],[50.2438041,53.3078765],[50.2437869,53.3078349],[50.2438362,53.3078276]]]},"properties":{"id":"d1dc85a9-a2c2-4f5b-beb8-ee1ac3a43af6","source_type":"ml"}},{"type":"Feature","geometry":{"type":"Polygon","coordinates":[[[50.2443297,53.3071191],[50.2443264,53.3071719],[50.2442675,53.3071706],[50.2442708,53.3071177],[50.2443297,53.3071191]]]},"properties":{"id":"ea090bba-7c40-4afb-bc48-9f657791b69e","source_type":"ml"}},{"type":"Feature","geometry":{"type":"Polygon","coordinates":[[[50.2438799,53.3066609],[50.2437834,53.3066593],[50.2437853,53.3066209],[50.2438818,53.3066225],[50.2438799,53.3066609]]]},"properties":{"id":"3fe91ef2-7233-4bf7-a067-3dd8f5e70698","source_type":"ml"}},{"type":"Feature","geometry":{"type":"Polygon","coordinates":[[[50.2438238,53.3064118],[50.2439791,53.3064154],[50.243973,53.3065098],[50.2437695,53.3065051],[50.2437749,53.3064212],[50.2438231,53.3064223],[50.2438238,53.3064118]]]},"properties":{"id":"b11895e0-d9ad-4f7e-aa90-a7c0c0fc8345","source_type":"ml"}},{"type":"Feature","geometry":{"type":"Polygon","coordinates":[[[50.2439281,53.3063037],[50.2438734,53.3063021],[50.2438778,53.3062462],[50.2439325,53.3062477],[50.2439281,53.3063037]]]},"properties":{"id":"3cf81d7c-ecbd-47b0-89f4-9cc8d2af9ecc","source_type":"ml"}},{"type":"Feature","geometry":{"type":"Polygon","coordinates":[[[50.2438831,53.3059946],[50.2439635,53.3059931],[50.2439656,53.306034],[50.2438852,53.3060355],[50.2438831,53.3059946]]]},"properties":{"id":"4433bd2d-813e-49b2-a715-d4714960fb62","source_type":"ml"}},{"type":"Feature","geometry":{"type":"Polygon","coordinates":[[[50.2402471,53.3059963],[50.2402484,53.3059755],[50.2403529,53.3059779],[50.2403516,53.3059987],[50.2402471,53.3059963]]]},"properties":{"id":"6d0f3f75-49ac-48d7-a1f9-b9bd6ebb3e77","source_type":"ml"}},{"type":"Feature","geometry":{"type":"Polygon","coordinates":[[[50.240244,53.3063329],[50.2402426,53.3063665],[50.2401997,53.3063659],[50.2402011,53.3063322],[50.240244,53.3063329]]]},"properties":{"id":"0b5ef4d0-3c68-4e07-bd79-5a097da40937","source_type":"ml"}},{"type":"Feature","geometry":{"type":"Polygon","coordinates":[[[50.2390352,53.3067415],[50.2391167,53.3067304],[50.2391392,53.3067892],[50.2390577,53.3068003],[50.2390352,53.3067415]]]},"properties":{"id":"ec12c39f-c865-4ab7-b7c1-c00915cee5c2","source_type":"ml"}},{"type":"Feature","geometry":{"type":"Polygon","coordinates":[[[50.2364325,53.3057479],[50.2364383,53.3058616],[50.2363151,53.3058639],[50.2363093,53.3057502],[50.2364325,53.3057479]]]},"properties":{"id":"58cbc77c-a312-42cd-b316-d44f725f2ee0","source_type":"ml"}},{"type":"Feature","geometry":{"type":"Polygon","coordinates":[[[50.2323588,53.3062621],[50.2324579,53.3062602],[50.2324615,53.3063291],[50.2323624,53.3063309],[50.2323588,53.3062621]]]},"properties":{"id":"bf25aaa1-be87-4381-928a-36eaa5336a19","source_type":"ml"}},{"type":"Feature","geometry":{"type":"Polygon","coordinates":[[[50.2270031,53.3078242],[50.2268289,53.307845],[50.2267567,53.3076294],[50.2269309,53.3076086],[50.2270031,53.3078242]]]},"properties":{"id":"5742449f-645a-4612-9715-f4ce35765b4d","source_type":"osm"}},{"type":"Feature","geometry":{"type":"Polygon","coordinates":[[[50.2251054,53.3061687],[50.2251338,53.30622],[50.2250044,53.3062456],[50.224976,53.3061943],[50.2251054,53.3061687]]]},"properties":{"id":"3076ca8b-71a3-4cbd-95fc-1015d3bf0faa","source_type":"osm"}},{"type":"Feature","geometry":{"type":"Polygon","coordinates":[[[50.2247616,53.3074169],[50.2248716,53.3073993],[50.2249212,53.3075104],[50.2248112,53.307528],[50.2247616,53.3074169]]]},"properties":{"id":"ab2a1a14-5713-4fc6-9826-a155a8e4d7e4","source_type":"osm"}},{"type":"Feature","geometry":{"type":"Polygon","coordinates":[[[50.225293,53.3078668],[50.2251187,53.3078967],[50.2250285,53.3077092],[50.2252028,53.3076792],[50.225293,53.3078668]]]},"properties":{"id":"3a3da843-63ba-4cdf-a6d3-f0c2702b2bc6","source_type":"osm"}},{"type":"Feature","geometry":{"type":"Polygon","coordinates":[[[50.2230014,53.3057418],[50.2230984,53.3057355],[50.2231054,53.3057743],[50.2230084,53.3057806],[50.2230014,53.3057418]]]},"properties":{"id":"5c47cd59-86ae-489f-9b3c-e06a104db335","source_type":"ml"}},{"type":"Feature","geometry":{"type":"Polygon","coordinates":[[[50.2234087,53.3058547],[50.2233695,53.3057442],[50.2237648,53.3056942],[50.2238043,53.3058054],[50.223658,53.3058239],[50.2236495,53.3058001],[50.223552,53.3058125],[50.2235601,53.3058355],[50.2234087,53.3058547]]]},"properties":{"id":"f752fcca-db93-4980-b032-6e8c30ef9e83","source_type":"ml"}},{"type":"Feature","geometry":{"type":"Polygon","coordinates":[[[50.226044,53.300061],[50.2260076,53.3000606],[50.2260099,53.3000006],[50.2260462,53.300001],[50.226044,53.300061]]]},"properties":{"id":"fb0cc8d6-d98b-4e8e-95f0-9b86ef6fdee7","source_type":"ml"}},{"type":"Feature","geometry":{"type":"Polygon","coordinates":[[[50.2334378,53.296079],[50.2333652,53.2960648],[50.2333763,53.2960445],[50.2334489,53.2960588],[50.2334378,53.296079]]]},"properties":{"id":"f19a7358-8f7f-49a6-82bd-36b2cfb3a40e","source_type":"ml"}},{"type":"Feature","geometry":{"type":"Polygon","coordinates":[[[50.2335723,53.2979718],[50.2336224,53.297939],[50.233683,53.297972],[50.2336329,53.2980048],[50.2335723,53.2979718]]]},"properties":{"id":"01319c4b-3705-4716-91c1-6c92c1b02dfa","source_type":"ml"}},{"type":"Feature","geometry":{"type":"Polygon","coordinates":[[[50.2334699,53.2975767],[50.2334123,53.2975402],[50.233462,53.2975122],[50.2335196,53.2975487],[50.2334699,53.2975767]]]},"properties":{"id":"b97ed79b-1c4e-4105-a65e-a49e6b34d460","source_type":"ml"}},{"type":"Feature","geometry":{"type":"Polygon","coordinates":[[[50.2324507,53.2986415],[50.2324718,53.2986125],[50.2325372,53.2986295],[50.232516,53.2986585],[50.2324507,53.2986415]]]},"properties":{"id":"472cb406-d008-4121-8851-c1aa3d6e70e9","source_type":"ml"}},{"type":"Feature","geometry":{"type":"Polygon","coordinates":[[[50.2314538,53.2987673],[50.2314293,53.2987432],[50.2315134,53.2987126],[50.2315379,53.2987367],[50.2314538,53.2987673]]]},"properties":{"id":"d347b40c-b9e7-412d-a9ef-d3e2e961a6db","source_type":"ml"}},{"type":"Feature","geometry":{"type":"Polygon","coordinates":[[[50.2313235,53.2989102],[50.2313076,53.2988992],[50.231343,53.298881],[50.2312966,53.2988488],[50.2313212,53.2988361],[50.2313835,53.2988793],[50.2313235,53.2989102]]]},"properties":{"id":"c7e57ae6-2b52-4b90-be7f-a45b3f71acae","source_type":"ml"}},{"type":"Feature","geometry":{"type":"Polygon","coordinates":[[[50.2311041,53.2985948],[50.2311924,53.2985815],[50.231215,53.2986352],[50.2311268,53.2986485],[50.2311041,53.2985948]]]},"properties":{"id":"078d5926-a399-41d2-a008-9b2580c49a57","source_type":"ml"}},{"type":"Feature","geometry":{"type":"Polygon","coordinates":[[[50.2306428,53.2986166],[50.2306374,53.2985865],[50.2306948,53.2985829],[50.2307001,53.298613],[50.2306428,53.2986166]]]},"properties":{"id":"58c808f8-237a-4e3f-aadc-b0ac500a3b7b","source_type":"ml"}},{"type":"Feature","geometry":{"type":"Polygon","coordinates":[[[50.2310799,53.2980238],[50.231081,53.2980494],[50.2309658,53.2980513],[50.2309646,53.2980257],[50.2310799,53.2980238]]]},"properties":{"id":"1e1275dc-a329-4e83-830e-d0d198eb2098","source_type":"ml"}},{"type":"Feature","geometry":{"type":"Polygon","coordinates":[[[50.230987,53.297301],[50.2309915,53.2973403],[50.2309408,53.2973424],[50.2309362,53.2973031],[50.230987,53.297301]]]},"properties":{"id":"f22f7583-5000-40b3-aaeb-5ee6d058ad91","source_type":"ml"}},{"type":"Feature","geometry":{"type":"Polygon","coordinates":[[[50.2292537,53.2975341],[50.2292555,53.2975821],[50.2291483,53.2975835],[50.2291465,53.2975355],[50.2292537,53.2975341]]]},"properties":{"id":"13abd1fd-3fb2-4b26-b9cf-f1117226fbbb","source_type":"ml"}},{"type":"Feature","geometry":{"type":"Polygon","coordinates":[[[50.229738,53.2973997],[50.2297955,53.2973941],[50.2298035,53.2974238],[50.229746,53.2974293],[50.229738,53.2973997]]]},"properties":{"id":"b0932443-e83f-4b08-aed3-0e43860bb5ae","source_type":"ml"}},{"type":"Feature","geometry":{"type":"Polygon","coordinates":[[[50.2287005,53.2987713],[50.2286827,53.2986294],[50.2288801,53.2986206],[50.2288979,53.2987625],[50.2287005,53.2987713]]]},"properties":{"id":"46825f3a-b1dd-408b-9a7f-dab4f47d3ccb","source_type":"ml"}},{"type":"Feature","geometry":{"type":"Polygon","coordinates":[[[50.2291618,53.298461],[50.2290464,53.2984615],[50.2290454,53.2983749],[50.2291607,53.2983744],[50.2291618,53.298461]]]},"properties":{"id":"6a3f5d9e-68df-4d0d-a994-6cdcd68bbe32","source_type":"ml"}},{"type":"Feature","geometry":{"type":"Polygon","coordinates":[[[50.2310014,53.3005252],[50.2311434,53.3005221],[50.2311475,53.30059],[50.2310055,53.3005931],[50.2310014,53.3005252]]]},"properties":{"id":"55be85b0-f39a-432c-bd72-6fb96898c24e","source_type":"ml"}},{"type":"Feature","geometry":{"type":"Polygon","coordinates":[[[50.2299613,53.3004507],[50.2299656,53.3004964],[50.2298733,53.3004995],[50.229869,53.3004538],[50.2299613,53.3004507]]]},"properties":{"id":"9bf40424-aeed-431d-bc4c-532568b49a9a","source_type":"ml"}},{"type":"Feature","geometry":{"type":"Polygon","coordinates":[[[50.2307053,53.300877],[50.2307119,53.3009053],[50.2306184,53.3009132],[50.2306118,53.3008849],[50.2307053,53.300877]]]},"properties":{"id":"112fd95c-c99b-4e7d-95a4-eabfcc995008","source_type":"ml"}},{"type":"Feature","geometry":{"type":"Polygon","coordinates":[[[50.2297121,53.3023199],[50.2297049,53.3024186],[50.2295297,53.302414],[50.229539,53.302285],[50.2296595,53.3022881],[50.2296573,53.3023185],[50.2297121,53.3023199]]]},"properties":{"id":"bb260a46-bf55-4272-ae7b-c3c275441d03","source_type":"ml"}},{"type":"Feature","geometry":{"type":"Polygon","coordinates":[[[50.2290097,53.3009403],[50.2292064,53.3009226],[50.2292321,53.3010245],[50.2290353,53.3010422],[50.2290097,53.3009403]]]},"properties":{"id":"0220ebf8-1bcc-4d8f-83c6-de9a62a18794","source_type":"ml"}},{"type":"Feature","geometry":{"type":"Polygon","coordinates":[[[50.2285902,53.3021048],[50.2287534,53.3021094],[50.2287509,53.3021414],[50.2285876,53.3021368],[50.2285902,53.3021048]]]},"properties":{"id":"da43a271-5a35-4b20-ab39-66b84a5fa284","source_type":"ml"}},{"type":"Feature","geometry":{"type":"Polygon","coordinates":[[[50.2291083,53.302677],[50.2291057,53.3026183],[50.2291888,53.302617],[50.2291914,53.3026756],[50.2291083,53.302677]]]},"properties":{"id":"ce2f574e-4342-4d4a-b373-55b480b3e931","source_type":"ml"}},{"type":"Feature","geometry":{"type":"Polygon","coordinates":[[[50.2299777,53.3027004],[50.2297329,53.3027088],[50.2297242,53.3026183],[50.2299689,53.3026099],[50.2299777,53.3027004]]]},"properties":{"id":"0b92f05d-abc0-453a-a7a7-d5b68b402838","source_type":"ml"}},{"type":"Feature","geometry":{"type":"Polygon","coordinates":[[[50.228468,53.3044417],[50.2284716,53.3044967],[50.2284127,53.3044981],[50.2284091,53.3044431],[50.228468,53.3044417]]]},"properties":{"id":"cc95a745-5ac1-48e7-a723-607464c4ab15","source_type":"ml"}},{"type":"Feature","geometry":{"type":"Polygon","coordinates":[[[50.2297067,53.3047377],[50.2296814,53.3046716],[50.2297273,53.3046654],[50.2297526,53.3047314],[50.2297067,53.3047377]]]},"properties":{"id":"9f82c350-3680-4f4c-a1c6-0e646eb2af32","source_type":"ml"}},{"type":"Feature","geometry":{"type":"Polygon","coordinates":[[[50.2296226,53.3049287],[50.229621,53.3048732],[50.2297299,53.304872],[50.2297316,53.3049275],[50.2296226,53.3049287]]]},"properties":{"id":"acaaf8b0-de7f-438b-8c17-62f6f253956f","source_type":"ml"}},{"type":"Feature","geometry":{"type":"Polygon","coordinates":[[[50.2306861,53.3050806],[50.2307985,53.3050775],[50.2308025,53.3051303],[50.2306901,53.3051334],[50.2306861,53.3050806]]]},"properties":{"id":"a4176b9b-d11a-4faf-a9b5-c51e4b265ed2","source_type":"ml"}},{"type":"Feature","geometry":{"type":"Polygon","coordinates":[[[50.2312927,53.3054676],[50.2312901,53.3055028],[50.2312044,53.3055005],[50.2312071,53.3054653],[50.2312927,53.3054676]]]},"properties":{"id":"6a84a6a8-3970-4e2d-8e3f-6b16508b28dd","source_type":"ml"}},{"type":"Feature","geometry":{"type":"Polygon","coordinates":[[[50.2313851,53.3039825],[50.2312099,53.3039612],[50.2312615,53.3038098],[50.2313655,53.3038224],[50.2313739,53.3037978],[50.2312683,53.3037849],[50.2312835,53.3037403],[50.2315271,53.3037699],[50.2314903,53.3038783],[50.2314233,53.3038701],[50.2313851,53.3039825]]]},"properties":{"id":"88d06b3d-a50b-4805-bf6e-0f24b36807fe","source_type":"ml"}},{"type":"Feature","geometry":{"type":"Polygon","coordinates":[[[50.2308196,53.3024961],[50.2308105,53.3024535],[50.2308489,53.3024506],[50.230858,53.3024932],[50.2308196,53.3024961]]]},"properties":{"id":"e8aee30e-6b85-4659-8b79-caa0f27d25e6","source_type":"ml"}},{"type":"Feature","geometry":{"type":"Polygon","coordinates":[[[50.230954,53.3030975],[50.2308881,53.3030967],[50.2308893,53.3030583],[50.2310168,53.3030597],[50.2310152,53.303111],[50.2309777,53.3031106],[50.2309771,53.3031314],[50.2309529,53.3031311],[50.230954,53.3030975]]]},"properties":{"id":"bc712d98-96ea-4594-a8df-3f2ee69c30fe","source_type":"ml"}},{"type":"Feature","geometry":{"type":"Polygon","coordinates":[[[50.2316256,53.3025209],[50.2314942,53.302519],[50.2314977,53.3024341],[50.231629,53.302436],[50.2316256,53.3025209]]]},"properties":{"id":"16c4a69f-0f46-4d08-934a-5cd4a751b169","source_type":"ml"}},{"type":"Feature","geometry":{"type":"Polygon","coordinates":[[[50.2319352,53.3036096],[50.232085,53.3035825],[50.2321237,53.3036588],[50.2319739,53.3036859],[50.2319352,53.3036096]]]},"properties":{"id":"c2751947-bca1-4708-a6cb-e86a32ccbf39","source_type":"ml"}},{"type":"Feature","geometry":{"type":"Polygon","coordinates":[[[50.232057,53.3046171],[50.2320611,53.3044656],[50.2322113,53.3044671],[50.2322071,53.3046186],[50.232057,53.3046171]]]},"properties":{"id":"32342e51-96ff-4c05-aa2e-317ddd7a36a0","source_type":"ml"}},{"type":"Feature","geometry":{"type":"Polygon","coordinates":[[[50.2318022,53.3047347],[50.2318078,53.3047664],[50.2317362,53.304771],[50.2317306,53.3047393],[50.2318022,53.3047347]]]},"properties":{"id":"51e8bae4-d23f-4ba6-95aa-d02b1b7efec8","source_type":"ml"}},{"type":"Feature","geometry":{"type":"Polygon","coordinates":[[[50.233354,53.3044765],[50.2332608,53.3045767],[50.2331211,53.3045302],[50.2332143,53.3044301],[50.233354,53.3044765]]]},"properties":{"id":"e89d74b1-d707-4b33-9676-ccdbbcbe7419","source_type":"my"}},{"type":"Feature","geometry":{"type":"Polygon","coordinates":[[[50.2342166,53.3047007],[50.2342367,53.3046559],[50.2343084,53.3046673],[50.2342883,53.3047122],[50.2342166,53.3047007]]]},"properties":{"id":"73c82edf-a1c3-413d-9a54-9281eb08a45f","source_type":"ml"}},{"type":"Feature","geometry":{"type":"Polygon","coordinates":[[[50.2342276,53.304777],[50.2341583,53.3048743],[50.2340271,53.3048409],[50.2340964,53.3047436],[50.2342276,53.304777]]]},"properties":{"id":"90b1576d-66f4-4f14-8019-b5a89d33b3e9","source_type":"my"}},{"type":"Feature","geometry":{"type":"Polygon","coordinates":[[[50.2337404,53.3024858],[50.2337391,53.3025852],[50.2334962,53.3025841],[50.2334976,53.3024751],[50.2335984,53.3024756],[50.2335982,53.3024852],[50.2337404,53.3024858]]]},"properties":{"id":"b45ac240-46dc-4131-8970-e10171ba324c","source_type":"ml"}},{"type":"Feature","geometry":{"type":"Polygon","coordinates":[[[50.2342275,53.3018848],[50.2340116,53.3018819],[50.2340146,53.3018026],[50.234077,53.3018034],[50.2340775,53.3017914],[50.2342309,53.3017934],[50.2342275,53.3018848]]]},"properties":{"id":"e869c821-8ade-49c0-80d2-113208e60549","source_type":"osm"}},{"type":"Feature","geometry":{"type":"Polygon","coordinates":[[[50.2334465,53.3017818],[50.2336047,53.301784],[50.2336031,53.3018272],[50.2334449,53.3018251],[50.2334465,53.3017818]]]},"properties":{"id":"e660c8ac-7616-4071-bf69-27ba2f54f79e","source_type":"ml"}},{"type":"Feature","geometry":{"type":"Polygon","coordinates":[[[50.2325414,53.3003065],[50.2326291,53.3002854],[50.2326453,53.3003095],[50.2325575,53.3003305],[50.2325414,53.3003065]]]},"properties":{"id":"f74ffb36-76eb-4774-910c-d8cee20d09ea","source_type":"ml"}},{"type":"Feature","geometry":{"type":"Polygon","coordinates":[[[50.2325867,53.3005756],[50.2324021,53.3006101],[50.2323521,53.3005145],[50.2325367,53.3004801],[50.2325867,53.3005756]]]},"properties":{"id":"0bb2085a-6320-4dea-9262-621fb634f2cb","source_type":"ml"}},{"type":"Feature","geometry":{"type":"Polygon","coordinates":[[[50.231678,53.3003805],[50.2316416,53.3003327],[50.2316783,53.3003227],[50.2317148,53.3003705],[50.231678,53.3003805]]]},"properties":{"id":"40edd3d4-ae22-4c37-94ad-b8869607d60c","source_type":"ml"}},{"type":"Feature","geometry":{"type":"Polygon","coordinates":[[[50.2315309,53.2999162],[50.2315706,53.2999071],[50.2316117,53.2999707],[50.231572,53.2999798],[50.2315309,53.2999162]]]},"properties":{"id":"9c5cc06a-4a73-4052-8d1b-5e5647609007","source_type":"ml"}},{"type":"Feature","geometry":{"type":"Polygon","coordinates":[[[50.2320621,53.2994783],[50.232096,53.2995188],[50.2320595,53.2995297],[50.2320256,53.2994892],[50.2320621,53.2994783]]]},"properties":{"id":"ed2685ed-9902-4727-85d2-1040a4f6cfaa","source_type":"ml"}},{"type":"Feature","geometry":{"type":"Polygon","coordinates":[[[50.2316751,53.2992646],[50.2317202,53.2992961],[50.2316845,53.2993143],[50.2316395,53.2992828],[50.2316751,53.2992646]]]},"properties":{"id":"5e835c94-35f5-4d28-8ad5-ffbc0fb37488","source_type":"ml"}},{"type":"Feature","geometry":{"type":"Polygon","coordinates":[[[50.2327662,53.2997441],[50.232751,53.2997002],[50.2328076,53.2996933],[50.2328228,53.2997372],[50.2327662,53.2997441]]]},"properties":{"id":"2752b955-4216-46ea-a668-6318e97c1dd8","source_type":"ml"}},{"type":"Feature","geometry":{"type":"Polygon","coordinates":[[[50.234726,53.3017412],[50.2347365,53.3017852],[50.2346353,53.3017938],[50.2346248,53.3017499],[50.234726,53.3017412]]]},"properties":{"id":"a42f00d6-3eb3-4ad6-b0f0-0587773a022f","source_type":"ml"}},{"type":"Feature","geometry":{"type":"Polygon","coordinates":[[[50.2350314,53.3051067],[50.2349921,53.3051801],[50.2349127,53.305165],[50.234952,53.3050915],[50.2350314,53.3051067]]]},"properties":{"id":"9e0d1703-4669-4d40-a398-444962da26f1","source_type":"ml"}},{"type":"Feature","geometry":{"type":"Polygon","coordinates":[[[50.2352067,53.3047547],[50.2352355,53.3047054],[50.2353582,53.3047311],[50.2353294,53.3047804],[50.2352067,53.3047547]]]},"properties":{"id":"c2c4370b-a245-4a65-aa1f-6365092da302","source_type":"ml"}},{"type":"Feature","geometry":{"type":"Polygon","coordinates":[[[50.2364402,53.3046603],[50.2364621,53.3046308],[50.236545,53.3046528],[50.2365232,53.3046822],[50.2364402,53.3046603]]]},"properties":{"id":"01b4ecc0-2dc8-4a05-9717-b21c5c18da6b","source_type":"ml"}},{"type":"Feature","geometry":{"type":"Polygon","coordinates":[[[50.2363518,53.3049003],[50.2362877,53.3050371],[50.2361136,53.3050079],[50.2361328,53.3049671],[50.2361029,53.3049621],[50.2361479,53.3048662],[50.2363518,53.3049003]]]},"properties":{"id":"76769559-d447-4b01-92f5-d2f2b9fd86f8","source_type":"ml"}},{"type":"Feature","geometry":{"type":"Polygon","coordinates":[[[50.2367156,53.3056781],[50.2367072,53.3057483],[50.236594,53.3057434],[50.2366025,53.3056732],[50.2367156,53.3056781]]]},"properties":{"id":"70fa012a-4426-41be-9a6b-5063baf369df","source_type":"ml"}},{"type":"Feature","geometry":{"type":"Polygon","coordinates":[[[50.2377438,53.3050959],[50.2378045,53.305158],[50.2377586,53.3051741],[50.2376978,53.305112],[50.2377438,53.3050959]]]},"properties":{"id":"72efe336-7b35-4d0f-b849-b7ac9862aa22","source_type":"ml"}},{"type":"Feature","geometry":{"type":"Polygon","coordinates":[[[50.2392801,53.2969238],[50.2393599,53.2970046],[50.2392751,53.2970345],[50.2391953,53.2969536],[50.2392801,53.2969238]]]},"properties":{"id":"b2ae42d3-8cb7-4bb7-a981-514d78377054","source_type":"ml"}},{"type":"Feature","geometry":{"type":"Polygon","coordinates":[[[50.2384738,53.2968523],[50.2385512,53.2968166],[50.2386389,53.2968846],[50.2385614,53.2969203],[50.2384738,53.2968523]]]},"properties":{"id":"b907ed53-4db4-48fb-b6e8-51454f3de885","source_type":"ml"}},{"type":"Feature","geometry":{"type":"Polygon","coordinates":[[[50.2380555,53.2963263],[50.2379304,53.2963772],[50.2378392,53.296297],[50.2379643,53.2962462],[50.2380555,53.2963263]]]},"properties":{"id":"2c7f9d10-c79d-41cc-81ef-6688de834955","source_type":"osm"}},{"type":"Feature","geometry":{"type":"Polygon","coordinates":[[[50.2351962,53.2975898],[50.2351686,53.2975562],[50.2352054,53.2975454],[50.235233,53.297579],[50.2351962,53.2975898]]]},"properties":{"id":"f93cfa0f-c68a-4b90-9e5f-f5b35ba85c6e","source_type":"ml"}},{"type":"Feature","geometry":{"type":"Polygon","coordinates":[[[50.2416506,53.2955203],[50.2416952,53.2955601],[50.2416211,53.2955898],[50.2415765,53.2955499],[50.2416506,53.2955203]]]},"properties":{"id":"4fea1a1d-aed4-4c5f-8e38-d8ffa239d28e","source_type":"ml"}},{"type":"Feature","geometry":{"type":"Polygon","coordinates":[[[50.2412294,53.2954625],[50.2413821,53.2953962],[50.2414369,53.2954413],[50.241358,53.2954756],[50.2413342,53.2954561],[50.2412605,53.2954881],[50.2412294,53.2954625]]]},"properties":{"id":"bfb53690-3cd7-487c-9bfa-a4b775095853","source_type":"ml"}},{"type":"Feature","geometry":{"type":"Polygon","coordinates":[[[50.241925,53.2975654],[50.2419569,53.2975963],[50.241851,53.2976354],[50.2418191,53.2976046],[50.241925,53.2975654]]]},"properties":{"id":"181669d9-c3f2-421a-9c21-fe51b59bf127","source_type":"ml"}},{"type":"Feature","geometry":{"type":"Polygon","coordinates":[[[50.242447,53.2975659],[50.2423672,53.2975985],[50.2422767,53.2975202],[50.2422218,53.2974733],[50.2423019,53.2974405],[50.2423561,53.2974869],[50.242447,53.2975659]]]},"properties":{"id":"e781e608-4cc4-4796-ae3c-afac6c570f2d","source_type":"osm"}},{"type":"Feature","geometry":{"type":"Polygon","coordinates":[[[50.243597,53.298989],[50.2436827,53.2988309],[50.2437555,53.298845],[50.2436698,53.2990031],[50.243597,53.298989]]]},"properties":{"id":"0b99fe1d-fe32-4cff-a204-60fd1882d29d","source_type":"osm"}},{"type":"Feature","geometry":{"type":"Polygon","coordinates":[[[50.2428477,53.2967758],[50.2428995,53.2967517],[50.2429676,53.2968041],[50.2429159,53.2968281],[50.2428477,53.2967758]]]},"properties":{"id":"844f73b6-88ee-4ac5-bd0d-3dea593d34f1","source_type":"ml"}},{"type":"Feature","geometry":{"type":"Polygon","coordinates":[[[50.2439871,53.2984757],[50.2440867,53.2984181],[50.2441323,53.2984462],[50.2440327,53.2985038],[50.2439871,53.2984757]]]},"properties":{"id":"481d4ba5-f365-4e58-ba4b-089e48a5894a","source_type":"ml"}},{"type":"Feature","geometry":{"type":"Polygon","coordinates":[[[50.241741,53.3067007],[50.2418177,53.3067127],[50.241789,53.3067781],[50.2417123,53.3067662],[50.241741,53.3067007]]]},"properties":{"id":"f626cb6d-c890-4dad-ab1e-376780828271","source_type":"ml"}},{"type":"Feature","geometry":{"type":"Polygon","coordinates":[[[50.2433826,53.3070211],[50.2434442,53.3070195],[50.2434464,53.3070515],[50.2433848,53.3070531],[50.2433826,53.3070211]]]},"properties":{"id":"c1bc9326-37ae-45b6-b9bf-f4bb48ad0395","source_type":"ml"}},{"type":"Feature","geometry":{"type":"Polygon","coordinates":[[[50.2426609,53.3081386],[50.2425483,53.3081403],[50.2425469,53.3081051],[50.2426594,53.3081034],[50.2426609,53.3081386]]]},"properties":{"id":"9da37c26-8e81-473a-888f-45694dc389b6","source_type":"ml"}},{"type":"Feature","geometry":{"type":"Polygon","coordinates":[[[50.2433883,53.3076356],[50.2433899,53.30761],[50.2434489,53.3076114],[50.2434472,53.307637],[50.2433883,53.3076356]]]},"properties":{"id":"bdb1a366-0b7c-43b5-b108-8c32decdeff3","source_type":"ml"}},{"type":"Feature","geometry":{"type":"Polygon","coordinates":[[[50.2442858,53.3074358],[50.2442676,53.3075477],[50.2441852,53.3075429],[50.2442035,53.307431],[50.2442858,53.3074358]]]},"properties":{"id":"de193f0a-c813-418a-9450-7add84dd7d83","source_type":"ml"}},{"type":"Feature","geometry":{"type":"Polygon","coordinates":[[[50.2442174,53.3070519],[50.2442161,53.3071192],[50.2441142,53.3071185],[50.2441149,53.3070801],[50.2441537,53.3070803],[50.2441543,53.3070515],[50.2442174,53.3070519]]]},"properties":{"id":"c8d28b43-ad88-4205-b8b3-791235b96f32","source_type":"ml"}},{"type":"Feature","geometry":{"type":"Polygon","coordinates":[[[50.2441604,53.3060371],[50.2440625,53.3060397],[50.2440601,53.3060061],[50.244158,53.3060035],[50.2441604,53.3060371]]]},"properties":{"id":"54fc6327-640d-4c18-80cd-19600172f4c7","source_type":"ml"}},{"type":"Feature","geometry":{"type":"Polygon","coordinates":[[[50.2444669,53.3059651],[50.2443355,53.3059659],[50.2443347,53.3059187],[50.2444661,53.3059179],[50.2444669,53.3059651]]]},"properties":{"id":"98bd142d-c5aa-4407-b658-dd4869e27df1","source_type":"ml"}},{"type":"Feature","geometry":{"type":"Polygon","coordinates":[[[50.239721,53.3086878],[50.2397138,53.308645],[50.2397988,53.3086399],[50.239806,53.3086827],[50.239721,53.3086878]]]},"properties":{"id":"1faeef21-b068-4bb3-83cc-101d883f219d","source_type":"ml"}},{"type":"Feature","geometry":{"type":"Polygon","coordinates":[[[50.2402517,53.3060346],[50.2402531,53.3060026],[50.2403561,53.3060042],[50.2403547,53.3060362],[50.2402517,53.3060346]]]},"properties":{"id":"0c57717c-ae2b-48d3-a7e0-22d7b103d6f7","source_type":"ml"}},{"type":"Feature","geometry":{"type":"Polygon","coordinates":[[[50.2385081,53.3059788],[50.2387691,53.3060935],[50.2386962,53.3061528],[50.2384351,53.306038],[50.2385081,53.3059788]]]},"properties":{"id":"f9677b29-e3ed-4a13-a3ed-2107ff018059","source_type":"ml"}},{"type":"Feature","geometry":{"type":"Polygon","coordinates":[[[50.2383675,53.3058884],[50.2384708,53.3058684],[50.2385091,53.3059388],[50.2384058,53.3059589],[50.2383675,53.3058884]]]},"properties":{"id":"62b91608-fd62-491c-bc46-42025fd5416a","source_type":"ml"}},{"type":"Feature","geometry":{"type":"Polygon","coordinates":[[[50.2368104,53.3058082],[50.236841,53.3058077],[50.2368453,53.3058973],[50.2366914,53.3059],[50.236687,53.3058063],[50.236739,53.3058055],[50.2367374,53.3057726],[50.2368087,53.3057713],[50.2368104,53.3058082]]]},"properties":{"id":"d9657b4f-cb50-400b-9f82-51b4211928a7","source_type":"ml"}},{"type":"Feature","geometry":{"type":"Polygon","coordinates":[[[50.2322224,53.3061106],[50.2323855,53.3060922],[50.2324098,53.3061689],[50.2322466,53.3061873],[50.2322224,53.3061106]]]},"properties":{"id":"033f6329-81a3-4eab-bba9-fb1472f1b974","source_type":"ml"}},{"type":"Feature","geometry":{"type":"Polygon","coordinates":[[[50.2297048,53.3058725],[50.2297164,53.305771],[50.2301244,53.3057939],[50.2301105,53.3058564],[50.2300262,53.3058505],[50.2300139,53.3059395],[50.2297473,53.3059233],[50.2297048,53.3058725]]]},"properties":{"id":"61e02a18-aea6-4e20-bc3b-c0fd18b5bad4","source_type":"osm"}},{"type":"Feature","geometry":{"type":"Polygon","coordinates":[[[50.2235362,53.306078],[50.2235525,53.3061189],[50.2229863,53.3061993],[50.2229501,53.3061083],[50.2230085,53.3061],[50.222997,53.3060712],[50.2231214,53.3060535],[50.2231232,53.306058],[50.2232934,53.3060339],[50.2233021,53.3060559],[50.2233935,53.3060429],[50.2234143,53.3060953],[50.2235362,53.306078]]]},"properties":{"id":"4597cdae-7601-4770-b78d-3b20e746eeb2","source_type":"ml"}},{"type":"Feature","geometry":{"type":"Polygon","coordinates":[[[50.2285268,53.293494],[50.2285515,53.2935466],[50.2285142,53.2935528],[50.2284895,53.2935003],[50.2285268,53.293494]]]},"properties":{"id":"e510e43f-0512-49c8-8f9b-351acde63021","source_type":"ml"}},{"type":"Feature","geometry":{"type":"Polygon","coordinates":[[[50.2293034,53.2947571],[50.2293387,53.294817],[50.2291074,53.2948657],[50.229072,53.2948059],[50.2293034,53.2947571]]]},"properties":{"id":"a5318e49-4107-46b0-9af9-f317ce0d4534","source_type":"ml"}},{"type":"Feature","geometry":{"type":"Polygon","coordinates":[[[50.2316729,53.2972708],[50.2316716,53.29729],[50.2316009,53.2972882],[50.2316023,53.297269],[50.2316729,53.2972708]]]},"properties":{"id":"12a14f50-80ff-4ac3-9f55-abe64f7de062","source_type":"ml"}},{"type":"Feature","geometry":{"type":"Polygon","coordinates":[[[50.2331544,53.296839],[50.2333206,53.296842],[50.2333161,53.2969324],[50.2332035,53.2969304],[50.2332054,53.2968928],[50.2331518,53.2968919],[50.2331544,53.296839]]]},"properties":{"id":"127ca6da-1693-4cb2-b136-e802fb609207","source_type":"ml"}},{"type":"Feature","geometry":{"type":"Polygon","coordinates":[[[50.2334391,53.2977283],[50.2334634,53.2977463],[50.2333967,53.2977784],[50.2333724,53.2977604],[50.2334391,53.2977283]]]},"properties":{"id":"36205449-adb5-4ec5-9a86-b556761db957","source_type":"ml"}},{"type":"Feature","geometry":{"type":"Polygon","coordinates":[[[50.2344343,53.2974942],[50.2344594,53.297484],[50.2345067,53.2975258],[50.2344817,53.2975359],[50.2344343,53.2974942]]]},"properties":{"id":"286a35a6-d679-4d96-99d6-207e74cabb92","source_type":"ml"}},{"type":"Feature","geometry":{"type":"Polygon","coordinates":[[[50.2331202,53.2986935],[50.2330001,53.2986298],[50.2330856,53.2985722],[50.2332056,53.2986359],[50.2331202,53.2986935]]]},"properties":{"id":"cb55d39f-8652-44f5-b5fa-9665c4989b34","source_type":"osm"}},{"type":"Feature","geometry":{"type":"Polygon","coordinates":[[[50.2314556,53.2983954],[50.2314556,53.2983634],[50.2315816,53.2983634],[50.2315816,53.2983954],[50.2314556,53.2983954]]]},"properties":{"id":"50687ac4-fd0e-4063-8ee9-d0446e589001","source_type":"ml"}},{"type":"Feature","geometry":{"type":"Polygon","coordinates":[[[50.2321116,53.2984149],[50.2321813,53.2983784],[50.232267,53.2984368],[50.2321972,53.2984733],[50.2321116,53.2984149]]]},"properties":{"id":"c0e36e80-f543-4b7c-b0e3-58fa43b40c50","source_type":"ml"}},{"type":"Feature","geometry":{"type":"Polygon","coordinates":[[[50.2307474,53.2988534],[50.2308608,53.2988496],[50.2308676,53.2989225],[50.2307543,53.2989263],[50.2307474,53.2988534]]]},"properties":{"id":"17a2efb3-033a-448c-bbc9-a0fbcd17e364","source_type":"ml"}},{"type":"Feature","geometry":{"type":"Polygon","coordinates":[[[50.2285523,53.2982333],[50.2285467,53.2982108],[50.2286499,53.2982015],[50.2286556,53.2982241],[50.2285523,53.2982333]]]},"properties":{"id":"ed111358-245d-4e30-829d-ae03ff3e7052","source_type":"ml"}},{"type":"Feature","geometry":{"type":"Polygon","coordinates":[[[50.2298913,53.2990395],[50.2300011,53.2990371],[50.2300043,53.29909],[50.2298945,53.2990923],[50.2298913,53.2990395]]]},"properties":{"id":"d460eebc-c05e-4821-96ab-51a78040e4ef","source_type":"ml"}},{"type":"Feature","geometry":{"type":"Polygon","coordinates":[[[50.2313229,53.3000877],[50.2313196,53.3001251],[50.2312233,53.3001221],[50.2312266,53.3000847],[50.2313229,53.3000877]]]},"properties":{"id":"34720184-fa60-46fb-aef3-74a1ae786d49","source_type":"ml"}},{"type":"Feature","geometry":{"type":"Polygon","coordinates":[[[50.230278,53.3002349],[50.2303986,53.300233],[50.2304024,53.3003186],[50.2302818,53.3003204],[50.230278,53.3002349]]]},"properties":{"id":"217c28c2-bb7e-4e48-b13e-f6f277bce25c","source_type":"ml"}},{"type":"Feature","geometry":{"type":"Polygon","coordinates":[[[50.2312581,53.3022112],[50.2314981,53.3022152],[50.2314955,53.3022696],[50.2312555,53.3022657],[50.2312581,53.3022112]]]},"properties":{"id":"2c65b23d-9565-4b4e-8374-96a780ece934","source_type":"ml"}},{"type":"Feature","geometry":{"type":"Polygon","coordinates":[[[50.2292047,53.304586],[50.2292057,53.3045427],[50.2292486,53.304543],[50.2292477,53.3045863],[50.2292047,53.304586]]]},"properties":{"id":"75d24538-097a-4a68-b27c-aacc933a074e","source_type":"ml"}},{"type":"Feature","geometry":{"type":"Polygon","coordinates":[[[50.2312008,53.305161],[50.2312051,53.305302],[50.2311129,53.305303],[50.2311133,53.3053158],[50.2310838,53.3053162],[50.231083,53.3052889],[50.2310052,53.3052898],[50.2310013,53.3051632],[50.2312008,53.305161]]]},"properties":{"id":"418ec43e-7d4f-4d99-b2b4-17ada9f3c4f6","source_type":"ml"}},{"type":"Feature","geometry":{"type":"Polygon","coordinates":[[[50.2307377,53.3029583],[50.2307401,53.3029183],[50.2308178,53.30292],[50.2308154,53.30296],[50.2307377,53.3029583]]]},"properties":{"id":"40ef3877-4a96-42a3-a248-59ac3fa4e80e","source_type":"ml"}},{"type":"Feature","geometry":{"type":"Polygon","coordinates":[[[50.2313301,53.3025504],[50.2313322,53.30252],[50.2313563,53.3025206],[50.2313581,53.302495],[50.231433,53.3024969],[50.2314292,53.3025529],[50.2313301,53.3025504]]]},"properties":{"id":"30b6b229-bcad-4c90-8263-50a0d16e5455","source_type":"ml"}},{"type":"Feature","geometry":{"type":"Polygon","coordinates":[[[50.2319967,53.3029774],[50.2321518,53.3029827],[50.2321467,53.3030354],[50.2319917,53.3030301],[50.2319967,53.3029774]]]},"properties":{"id":"868d4c9d-3e25-449b-a8d3-8b932526819d","source_type":"ml"}},{"type":"Feature","geometry":{"type":"Polygon","coordinates":[[[50.2327901,53.3036912],[50.2328467,53.3037365],[50.2327674,53.3037719],[50.2327109,53.3037266],[50.2327901,53.3036912]]]},"properties":{"id":"92f1cf5f-9a5d-4df9-a7cd-9318e6f81732","source_type":"ml"}},{"type":"Feature","geometry":{"type":"Polygon","coordinates":[[[50.2316633,53.3050965],[50.2319472,53.3051029],[50.2319425,53.3051772],[50.2318621,53.3051754],[50.2318586,53.3052307],[50.231655,53.3052261],[50.2316633,53.3050965]]]},"properties":{"id":"40b7069a-d830-4ead-9e76-0862d94aad30","source_type":"ml"}},{"type":"Feature","geometry":{"type":"Polygon","coordinates":[[[50.2324525,53.3043691],[50.2324617,53.3043552],[50.2327751,53.304429],[50.2327476,53.3044706],[50.2323971,53.3043881],[50.2324154,53.3043603],[50.2324525,53.3043691]]]},"properties":{"id":"c13f08d1-10a5-472d-bb39-b11a03719cfe","source_type":"ml"}},{"type":"Feature","geometry":{"type":"Polygon","coordinates":[[[50.2337516,53.3043887],[50.2335686,53.3043444],[50.2336174,53.3042723],[50.2338005,53.3043166],[50.2337516,53.3043887]]]},"properties":{"id":"4f086bd9-d6c1-43c1-ae02-65316962090a","source_type":"my"}},{"type":"Feature","geometry":{"type":"Polygon","coordinates":[[[50.2340231,53.3051696],[50.2337699,53.3051225],[50.2337981,53.3050683],[50.2337514,53.3050596],[50.2337796,53.3050055],[50.2340796,53.3050614],[50.2340231,53.3051696]]]},"properties":{"id":"88bf94ad-e431-456b-9fa0-cd49d16cb6eb","source_type":"my"}},{"type":"Feature","geometry":{"type":"Polygon","coordinates":[[[50.2341851,53.3044803],[50.2342045,53.304437],[50.2343288,53.3044568],[50.2343094,53.3045002],[50.2341851,53.3044803]]]},"properties":{"id":"c9018ea3-08cc-42f0-9f1a-f8bab1f63d4b","source_type":"ml"}},{"type":"Feature","geometry":{"type":"Polygon","coordinates":[[[50.2340073,53.3033879],[50.2341476,53.3033843],[50.2341507,53.3034275],[50.2340104,53.3034311],[50.2340073,53.3033879]]]},"properties":{"id":"649e52d2-79ed-431b-b121-f76c5679bcfc","source_type":"ml"}},{"type":"Feature","geometry":{"type":"Polygon","coordinates":[[[50.2339723,53.303345],[50.2339165,53.3033418],[50.2339222,53.3033053],[50.2339781,53.3033084],[50.2339723,53.303345]]]},"properties":{"id":"29003252-0880-4be5-90a3-be3fb702f6ae","source_type":"ml"}},{"type":"Feature","geometry":{"type":"Polygon","coordinates":[[[50.2333828,53.3031513],[50.233387,53.3030751],[50.2335328,53.303078],[50.2335286,53.3031541],[50.2333828,53.3031513]]]},"properties":{"id":"61302382-41b6-4695-8067-c86619433c71","source_type":"ml"}},{"type":"Feature","geometry":{"type":"Polygon","coordinates":[[[50.2342227,53.3026583],[50.2345031,53.3026578],[50.2345033,53.302693],[50.2345328,53.302693],[50.2345333,53.3027867],[50.234336,53.3027871],[50.2343357,53.302735],[50.2342231,53.3027353],[50.2342227,53.3026583]]]},"properties":{"id":"87bc15ef-f2a4-4496-a878-0dd8c6ead211","source_type":"ml"}},{"type":"Feature","geometry":{"type":"Polygon","coordinates":[[[50.2343902,53.3021738],[50.2343741,53.3021013],[50.2345546,53.3020869],[50.234567,53.302142],[50.2345129,53.3021464],[50.2345167,53.3021637],[50.2343902,53.3021738]]]},"properties":{"id":"132962af-c8ed-44e4-9ec1-5f470b7d2d4a","source_type":"ml"}},{"type":"Feature","geometry":{"type":"Polygon","coordinates":[[[50.2340569,53.3024139],[50.2340554,53.3023811],[50.2341505,53.3023795],[50.234152,53.3024124],[50.2340569,53.3024139]]]},"properties":{"id":"e159a92e-1daf-4c11-bd9e-065d466c22d9","source_type":"ml"}},{"type":"Feature","geometry":{"type":"Polygon","coordinates":[[[50.233819,53.3020752],[50.2338157,53.3019838],[50.2339095,53.3019826],[50.2339129,53.3020739],[50.233819,53.3020752]]]},"properties":{"id":"bb385995-304e-4031-b4b9-ac98db27e771","source_type":"ml"}},{"type":"Feature","geometry":{"type":"Polygon","coordinates":[[[50.2318715,53.3023634],[50.231873,53.3023954],[50.2316586,53.3023989],[50.2316521,53.302258],[50.2317057,53.3022571],[50.2317093,53.302334],[50.2319022,53.3023308],[50.2319037,53.3023629],[50.2318715,53.3023634]]]},"properties":{"id":"ca76c7fe-25ab-4d26-91c4-50b072fdef60","source_type":"ml"}},{"type":"Feature","geometry":{"type":"Polygon","coordinates":[[[50.232762,53.3002847],[50.2327993,53.3003206],[50.2327703,53.3003314],[50.232733,53.3002955],[50.232762,53.3002847]]]},"properties":{"id":"0df617b9-7589-449f-a59d-ae80d105792e","source_type":"ml"}},{"type":"Feature","geometry":{"type":"Polygon","coordinates":[[[50.2319787,53.2995326],[50.232,53.2995141],[50.2320601,53.2995387],[50.2320389,53.2995573],[50.2319787,53.2995326]]]},"properties":{"id":"18ca5d5a-064a-40de-97f3-5c7b8cfa24fd","source_type":"ml"}},{"type":"Feature","geometry":{"type":"Polygon","coordinates":[[[50.2317029,53.2996761],[50.2317767,53.2996362],[50.2318322,53.2996729],[50.2317584,53.2997128],[50.2317029,53.2996761]]]},"properties":{"id":"7fc1e21d-bab9-46a7-888c-1555ee1a3ed4","source_type":"ml"}},{"type":"Feature","geometry":{"type":"Polygon","coordinates":[[[50.232464,53.2992601],[50.2322879,53.29915],[50.2323921,53.2990905],[50.2325681,53.2992007],[50.232464,53.2992601]]]},"properties":{"id":"eae288c6-d3cf-4252-b0d9-b5e5021bdc49","source_type":"osm"}},{"type":"Feature","geometry":{"type":"Polygon","coordinates":[[[50.2341198,53.300654],[50.2342279,53.3006455],[50.2342341,53.3006738],[50.234126,53.3006823],[50.2341198,53.300654]]]},"properties":{"id":"25f411f6-2cd7-49f5-8793-11b9df2259b9","source_type":"ml"}},{"type":"Feature","geometry":{"type":"Polygon","coordinates":[[[50.234897,53.3026004],[50.2350296,53.3025985],[50.2350309,53.3026305],[50.2348983,53.3026324],[50.234897,53.3026004]]]},"properties":{"id":"f2a6b1a8-d95c-4e6e-8bce-ffe844967776","source_type":"ml"}},{"type":"Feature","geometry":{"type":"Polygon","coordinates":[[[50.2371661,53.3056511],[50.2372095,53.3056998],[50.2371676,53.3057131],[50.2371243,53.3056644],[50.2371661,53.3056511]]]},"properties":{"id":"76a1cf10-5ee9-47b9-92d3-9b87b708a354","source_type":"ml"}},{"type":"Feature","geometry":{"type":"Polygon","coordinates":[[[50.240366,53.2961033],[50.2403216,53.2960579],[50.2404126,53.2960261],[50.2404571,53.2960715],[50.240366,53.2961033]]]},"properties":{"id":"ece94556-cbc6-4a20-a6e4-60e2e5e4a2dc","source_type":"ml"}},{"type":"Feature","geometry":{"type":"Polygon","coordinates":[[[50.2393824,53.2960559],[50.2393533,53.2960193],[50.2393991,53.2960062],[50.2394283,53.2960428],[50.2393824,53.2960559]]]},"properties":{"id":"6d440b3f-8471-4ccd-a332-240ea078a413","source_type":"ml"}},{"type":"Feature","geometry":{"type":"Polygon","coordinates":[[[50.2390366,53.2971176],[50.2389898,53.2970769],[50.2390499,53.2970522],[50.2390967,53.2970929],[50.2390366,53.2971176]]]},"properties":{"id":"4e8a9e8f-c41e-4f7e-b5c7-25e54a27f1f6","source_type":"ml"}},{"type":"Feature","geometry":{"type":"Polygon","coordinates":[[[50.2383091,53.2967381],[50.2384041,53.2967309],[50.2384122,53.2967687],[50.2383172,53.296776],[50.2383091,53.2967381]]]},"properties":{"id":"ba9ed23d-93e3-45d1-af9c-77f7e50628d8","source_type":"ml"}},{"type":"Feature","geometry":{"type":"Polygon","coordinates":[[[50.238922,53.2959682],[50.2389573,53.2959509],[50.2389993,53.2959815],[50.2389641,53.2959988],[50.238922,53.2959682]]]},"properties":{"id":"c5852b2f-f855-491a-819e-76803776e25b","source_type":"ml"}},{"type":"Feature","geometry":{"type":"Polygon","coordinates":[[[50.2380353,53.2959801],[50.2380694,53.2959657],[50.2381174,53.2960065],[50.2380833,53.2960208],[50.2380353,53.2959801]]]},"properties":{"id":"7aa60dc4-5348-48d4-8dff-4e53ef1de4c6","source_type":"ml"}},{"type":"Feature","geometry":{"type":"Polygon","coordinates":[[[50.2376889,53.2969556],[50.2377986,53.2969158],[50.237851,53.2969673],[50.2377412,53.2970071],[50.2376889,53.2969556]]]},"properties":{"id":"3be63662-d66e-4a44-869f-31953975cfa7","source_type":"ml"}},{"type":"Feature","geometry":{"type":"Polygon","coordinates":[[[50.2344882,53.2961709],[50.2345839,53.2961104],[50.2346746,53.2961616],[50.2345789,53.2962221],[50.2344882,53.2961709]]]},"properties":{"id":"a1c10481-ff99-4eeb-aade-bc5285195651","source_type":"ml"}},{"type":"Feature","geometry":{"type":"Polygon","coordinates":[[[50.2347636,53.2952587],[50.2347414,53.2952337],[50.2348105,53.2952118],[50.2348327,53.2952368],[50.2347636,53.2952587]]]},"properties":{"id":"1389944d-9a60-466b-9dd0-d0008fba28c7","source_type":"ml"}},{"type":"Feature","geometry":{"type":"Polygon","coordinates":[[[50.2423997,53.2947692],[50.2423166,53.2947004],[50.242428,53.2946523],[50.2425111,53.2947211],[50.2423997,53.2947692]]]},"properties":{"id":"5a2f8dd8-9bb5-4b45-a6f6-21b705ec2ed1","source_type":"osm"}},{"type":"Feature","geometry":{"type":"Polygon","coordinates":[[[50.2430046,53.2954453],[50.243061,53.2954336],[50.2430974,53.2954967],[50.243041,53.2955083],[50.2430046,53.2954453]]]},"properties":{"id":"3b65cd48-7163-43e1-a19a-3fc890e9261d","source_type":"ml"}},{"type":"Feature","geometry":{"type":"Polygon","coordinates":[[[50.2415362,53.2946775],[50.2415578,53.2946704],[50.2415907,53.294706],[50.2415074,53.2947335],[50.2414575,53.2946794],[50.2415192,53.2946591],[50.2415362,53.2946775]]]},"properties":{"id":"691b50a3-f686-4a44-9af9-623d3ec8f488","source_type":"ml"}},{"type":"Feature","geometry":{"type":"Polygon","coordinates":[[[50.2441965,53.2966397],[50.2440827,53.2965571],[50.2443063,53.2964551],[50.244412,53.2965401],[50.2441965,53.2966397]]]},"properties":{"id":"d477c74f-cae7-4ea6-934b-679e55e419cc","source_type":"osm"}},{"type":"Feature","geometry":{"type":"Polygon","coordinates":[[[50.2441774,53.298793],[50.2440477,53.2988514],[50.2439179,53.2987485],[50.2440477,53.2986901],[50.2441774,53.298793]]]},"properties":{"id":"a61013df-49c9-4204-ad30-3c4ebf16e14d","source_type":"osm"}},{"type":"Feature","geometry":{"type":"Polygon","coordinates":[[[50.2421685,53.2993764],[50.242127,53.2993459],[50.2421885,53.2993161],[50.2422299,53.2993466],[50.2421685,53.2993764]]]},"properties":{"id":"16b16d0b-30a2-4bdb-993d-c3394bf4d9fe","source_type":"ml"}},{"type":"Feature","geometry":{"type":"Polygon","coordinates":[[[50.2412183,53.3063169],[50.2411555,53.3063157],[50.2411596,53.3062452],[50.2412223,53.3062465],[50.2412183,53.3063169]]]},"properties":{"id":"efe9bec6-c34c-4a38-9ce1-6292051ff8a0","source_type":"ml"}},{"type":"Feature","geometry":{"type":"Polygon","coordinates":[[[50.2414008,53.3074176],[50.2413418,53.3074168],[50.2413429,53.3073848],[50.2414019,53.3073855],[50.2414008,53.3074176]]]},"properties":{"id":"427cd95a-1b92-40d3-bdf8-9460323a5281","source_type":"ml"}},{"type":"Feature","geometry":{"type":"Polygon","coordinates":[[[50.2417639,53.3058244],[50.2417616,53.3058676],[50.2416501,53.3058655],[50.2416524,53.3058223],[50.2417639,53.3058244]]]},"properties":{"id":"29849880-48cf-4f1e-b913-90e351f769c5","source_type":"ml"}},{"type":"Feature","geometry":{"type":"Polygon","coordinates":[[[50.2424817,53.3069967],[50.2424825,53.306947],[50.2425778,53.3069475],[50.242577,53.3069972],[50.2424817,53.3069967]]]},"properties":{"id":"53bf1663-3249-4e52-8eea-b4fa26947e44","source_type":"ml"}},{"type":"Feature","geometry":{"type":"Polygon","coordinates":[[[50.2424067,53.3067848],[50.2424871,53.3067857],[50.2424848,53.3068556],[50.2424044,53.3068546],[50.2424067,53.3067848]]]},"properties":{"id":"bbc5eddd-59bf-4e77-8ed4-45c0311c7554","source_type":"ml"}},{"type":"Feature","geometry":{"type":"Polygon","coordinates":[[[50.2423186,53.3073627],[50.2424205,53.3073641],[50.2424181,53.3074234],[50.2423162,53.307422],[50.2423186,53.3073627]]]},"properties":{"id":"557a01a5-6932-403f-9c45-876bd83a97f1","source_type":"ml"}},{"type":"Feature","geometry":{"type":"Polygon","coordinates":[[[50.2406502,53.3075707],[50.2407438,53.3075738],[50.2407404,53.3076106],[50.2406468,53.3076075],[50.2406502,53.3075707]]]},"properties":{"id":"e3a86f65-4e39-4736-a4bc-d5f2c5cb72e2","source_type":"ml"}},{"type":"Feature","geometry":{"type":"Polygon","coordinates":[[[50.2418973,53.3098247],[50.241981,53.3097474],[50.2420434,53.3097716],[50.2420617,53.3097546],[50.2421063,53.3097718],[50.242066,53.3098091],[50.2421481,53.3098409],[50.2420864,53.3098978],[50.2418973,53.3098247]]]},"properties":{"id":"8a0832f2-a684-4003-88b4-9910653c7af8","source_type":"ml"}},{"type":"Feature","geometry":{"type":"Polygon","coordinates":[[[50.2416106,53.3098872],[50.2416476,53.3099345],[50.2416093,53.3099452],[50.2415723,53.3098979],[50.2416106,53.3098872]]]},"properties":{"id":"b999f3a4-c225-40db-b449-cf2482e35337","source_type":"ml"}},{"type":"Feature","geometry":{"type":"Polygon","coordinates":[[[50.2444103,53.3064237],[50.2444683,53.3064281],[50.2444586,53.3064738],[50.2444005,53.3064694],[50.2444103,53.3064237]]]},"properties":{"id":"50206c7d-d277-45a1-bbfa-d555be8b69e8","source_type":"ml"}},{"type":"Feature","geometry":{"type":"Polygon","coordinates":[[[50.2362514,53.3057852],[50.236305,53.3057862],[50.2363017,53.3058503],[50.2362481,53.3058493],[50.2362514,53.3057852]]]},"properties":{"id":"20e4e47f-e71a-4b68-9824-ad911c06badc","source_type":"ml"}},{"type":"Feature","geometry":{"type":"Polygon","coordinates":[[[50.2356777,53.3057326],[50.2359232,53.3057495],[50.2359081,53.305828],[50.2356626,53.3058111],[50.2356777,53.3057326]]]},"properties":{"id":"b862888c-6f04-4694-9e71-0088ff24228a","source_type":"osm"}},{"type":"Feature","geometry":{"type":"Polygon","coordinates":[[[50.2357836,53.3079068],[50.2358826,53.307904],[50.2358885,53.3079775],[50.2357895,53.3079804],[50.2357836,53.3079068]]]},"properties":{"id":"60c17be8-5a87-45a4-94f6-a2f88d547f29","source_type":"ml"}},{"type":"Feature","geometry":{"type":"Polygon","coordinates":[[[50.2330611,53.3058274],[50.2331226,53.305829],[50.2331204,53.3058594],[50.2330588,53.3058578],[50.2330611,53.3058274]]]},"properties":{"id":"00537cf8-55a4-44ad-a66c-44d5fe595190","source_type":"ml"}},{"type":"Feature","geometry":{"type":"Polygon","coordinates":[[[50.2333629,53.3067595],[50.2333692,53.3067944],[50.2332339,53.306803],[50.2332277,53.3067681],[50.2333629,53.3067595]]]},"properties":{"id":"4f2ceb87-ec3b-4f1f-a1cc-1eef65946100","source_type":"ml"}},{"type":"Feature","geometry":{"type":"Polygon","coordinates":[[[50.2333755,53.3067055],[50.2333693,53.3065895],[50.2335408,53.3065862],[50.233547,53.3067022],[50.2333755,53.3067055]]]},"properties":{"id":"3877c90f-7a3b-4894-924b-6b3e36d98ed1","source_type":"ml"}},{"type":"Feature","geometry":{"type":"Polygon","coordinates":[[[50.2321487,53.3059674],[50.2321572,53.3060198],[50.2321173,53.3060221],[50.2321088,53.3059697],[50.2321487,53.3059674]]]},"properties":{"id":"4f8d3d21-14f4-4ff1-9cbb-41d81825cdc3","source_type":"ml"}},{"type":"Feature","geometry":{"type":"Polygon","coordinates":[[[50.2292967,53.3078451],[50.2291562,53.3078771],[50.2290538,53.3077168],[50.2291943,53.3076847],[50.2292967,53.3078451]]]},"properties":{"id":"205852a4-b084-4765-8005-3ed060acbc43","source_type":"ml"}},{"type":"Feature","geometry":{"type":"Polygon","coordinates":[[[50.2252459,53.3058236],[50.2253639,53.3058305],[50.2253553,53.3058829],[50.2252373,53.305876],[50.2252459,53.3058236]]]},"properties":{"id":"2b950e37-90c8-43c7-be4f-56c492b12185","source_type":"ml"}},{"type":"Feature","geometry":{"type":"Polygon","coordinates":[[[50.2250805,53.3079204],[50.225152,53.3079156],[50.2251599,53.3079576],[50.2250884,53.3079624],[50.2250805,53.3079204]]]},"properties":{"id":"ec38b229-938e-4d1d-988c-d18fdf969859","source_type":"ml"}},{"type":"Feature","geometry":{"type":"Polygon","coordinates":[[[50.2236612,53.3067537],[50.2236902,53.30685],[50.2234823,53.3068723],[50.2234576,53.30679],[50.2236005,53.3067747],[50.2235963,53.3067607],[50.2236612,53.3067537]]]},"properties":{"id":"c55c3f2b-5a30-4916-93fe-c571c2f10454","source_type":"ml"}},{"type":"Feature","geometry":{"type":"Polygon","coordinates":[[[50.2290403,53.2938015],[50.2291126,53.2938],[50.2291152,53.2938449],[50.2290429,53.2938464],[50.2290403,53.2938015]]]},"properties":{"id":"950dfdc9-56dc-4318-80bd-e11211bc0b31","source_type":"ml"}},{"type":"Feature","geometry":{"type":"Polygon","coordinates":[[[50.228459,53.2935838],[50.2284158,53.2935188],[50.2284598,53.2935083],[50.228503,53.2935734],[50.228459,53.2935838]]]},"properties":{"id":"02a9d229-bee4-4e27-948f-0d603e0cade9","source_type":"ml"}},{"type":"Feature","geometry":{"type":"Polygon","coordinates":[[[50.2290792,53.2947628],[50.2290592,53.2947267],[50.2291512,53.2947086],[50.2291711,53.2947447],[50.2290792,53.2947628]]]},"properties":{"id":"d39253fc-c39b-4124-9da6-bca3176d2bc2","source_type":"ml"}},{"type":"Feature","geometry":{"type":"Polygon","coordinates":[[[50.2289202,53.2948957],[50.2289087,53.2948641],[50.2290931,53.2948401],[50.2291046,53.2948716],[50.2289202,53.2948957]]]},"properties":{"id":"7a00d650-95ed-46a1-9584-a4548dd24ec0","source_type":"ml"}},{"type":"Feature","geometry":{"type":"Polygon","coordinates":[[[50.230161,53.2942102],[50.2301602,53.2941893],[50.2302474,53.2941882],[50.2302482,53.294209],[50.230161,53.2942102]]]},"properties":{"id":"96a7d686-8a5b-4cf3-aa2b-358a4be29ee7","source_type":"ml"}},{"type":"Feature","geometry":{"type":"Polygon","coordinates":[[[50.2302935,53.2935301],[50.2301439,53.2935248],[50.2301494,53.2934688],[50.2302991,53.2934742],[50.2302935,53.2935301]]]},"properties":{"id":"80654bbd-f90e-4682-a5bf-4dd6df3741d5","source_type":"ml"}},{"type":"Feature","geometry":{"type":"Polygon","coordinates":[[[50.2337805,53.2963286],[50.2337488,53.2963111],[50.2337849,53.2962878],[50.2338167,53.2963054],[50.2337805,53.2963286]]]},"properties":{"id":"f66055ac-2dc0-4245-9ae4-7a9f06cd14c7","source_type":"ml"}},{"type":"Feature","geometry":{"type":"Polygon","coordinates":[[[50.2340044,53.2964519],[50.233906,53.2965194],[50.2337847,53.2964562],[50.2338831,53.2963887],[50.2340044,53.2964519]]]},"properties":{"id":"dacaf1c6-5b09-496a-b5b2-a6629173db6d","source_type":"osm"}},{"type":"Feature","geometry":{"type":"Polygon","coordinates":[[[50.2344545,53.2970269],[50.2345,53.2970556],[50.2344421,53.2970884],[50.2343966,53.2970598],[50.2344545,53.2970269]]]},"properties":{"id":"716b989c-3798-42ba-94c8-a94295fb813d","source_type":"ml"}},{"type":"Feature","geometry":{"type":"Polygon","coordinates":[[[50.2333645,53.2977593],[50.2332622,53.2976796],[50.2333388,53.2976444],[50.2334411,53.2977241],[50.2333645,53.2977593]]]},"properties":{"id":"7b3ee523-9a5f-4b30-88da-b6432cceb2f0","source_type":"ml"}},{"type":"Feature","geometry":{"type":"Polygon","coordinates":[[[50.2344219,53.2977822],[50.2344925,53.2977466],[50.2345651,53.2977982],[50.2344945,53.2978338],[50.2344219,53.2977822]]]},"properties":{"id":"72987020-c1f4-4826-81be-81a8f16ae0d5","source_type":"ml"}},{"type":"Feature","geometry":{"type":"Polygon","coordinates":[[[50.2320407,53.2975972],[50.2321534,53.2975963],[50.2321547,53.2976547],[50.2320421,53.2976556],[50.2320407,53.2975972]]]},"properties":{"id":"2736b476-bc0e-4f49-984f-c0a90191605c","source_type":"ml"}},{"type":"Feature","geometry":{"type":"Polygon","coordinates":[[[50.2317887,53.298798],[50.2317243,53.2987482],[50.2317771,53.2987238],[50.2318414,53.2987737],[50.2317887,53.298798]]]},"properties":{"id":"ec4e568b-a16a-492f-9b0c-dd31c031f2ab","source_type":"ml"}},{"type":"Feature","geometry":{"type":"Polygon","coordinates":[[[50.2312452,53.2988693],[50.2312862,53.298847],[50.2313356,53.2988793],[50.2312946,53.2989017],[50.2312452,53.2988693]]]},"properties":{"id":"a761634a-6ab1-48c1-8075-ff99b989d851","source_type":"ml"}},{"type":"Feature","geometry":{"type":"Polygon","coordinates":[[[50.2314366,53.2985828],[50.2314716,53.2985981],[50.2314218,53.2986389],[50.2313868,53.2986237],[50.2314366,53.2985828]]]},"properties":{"id":"f297b0df-1924-49dc-9e40-674742a80e18","source_type":"ml"}},{"type":"Feature","geometry":{"type":"Polygon","coordinates":[[[50.230406,53.2981195],[50.2304047,53.2980586],[50.2306103,53.2980571],[50.2306116,53.298118],[50.230406,53.2981195]]]},"properties":{"id":"df3db9f1-abf4-4345-9772-dd5353b23d4a","source_type":"ml"}},{"type":"Feature","geometry":{"type":"Polygon","coordinates":[[[50.2309888,53.2981032],[50.2310374,53.2982194],[50.2308893,53.2982415],[50.2308332,53.2981072],[50.2309014,53.298097],[50.2309089,53.2981151],[50.2309888,53.2981032]]]},"properties":{"id":"783c6c75-05ce-4c15-842e-328022ad76c3","source_type":"ml"}},{"type":"Feature","geometry":{"type":"Polygon","coordinates":[[[50.2307581,53.2971661],[50.2307542,53.2970966],[50.2308437,53.2970948],[50.2308475,53.2971643],[50.2307581,53.2971661]]]},"properties":{"id":"6f603724-4acf-4135-889b-b6b52954b214","source_type":"ml"}},{"type":"Feature","geometry":{"type":"Polygon","coordinates":[[[50.2307166,53.2967848],[50.2307187,53.2967496],[50.2308216,53.2967518],[50.2308195,53.2967871],[50.2307166,53.2967848]]]},"properties":{"id":"670bfe48-e852-4573-882b-611c1169b227","source_type":"ml"}},{"type":"Feature","geometry":{"type":"Polygon","coordinates":[[[50.2312911,53.2993269],[50.2312622,53.2992749],[50.2313443,53.2992586],[50.2313732,53.2993105],[50.2312911,53.2993269]]]},"properties":{"id":"a233147a-d5bd-4095-90fa-5f5f2608bac5","source_type":"ml"}},{"type":"Feature","geometry":{"type":"Polygon","coordinates":[[[50.2310641,53.3006168],[50.2310604,53.3006054],[50.2312336,53.3005854],[50.2312373,53.3005968],[50.2310641,53.3006168]]]},"properties":{"id":"c5184f95-7888-417b-abb9-793255c18fd0","source_type":"ml"}},{"type":"Feature","geometry":{"type":"Polygon","coordinates":[[[50.2305619,53.3001122],[50.2305638,53.3000786],[50.2306346,53.30008],[50.2306327,53.3001136],[50.2305619,53.3001122]]]},"properties":{"id":"7e679b8f-97c4-4862-bf3e-9e160e0271b9","source_type":"ml"}},{"type":"Feature","geometry":{"type":"Polygon","coordinates":[[[50.2311836,53.3011983],[50.2311608,53.301144],[50.2312441,53.3011315],[50.2312669,53.3011858],[50.2311836,53.3011983]]]},"properties":{"id":"365853b8-12b2-4070-a990-ec678b1e3142","source_type":"ml"}},{"type":"Feature","geometry":{"type":"Polygon","coordinates":[[[50.2313169,53.3015677],[50.2311793,53.3015771],[50.2311681,53.3015186],[50.2313058,53.3015092],[50.2313169,53.3015677]]]},"properties":{"id":"72b002c3-214d-446a-84f9-ba47e5d700bb","source_type":"ml"}},{"type":"Feature","geometry":{"type":"Polygon","coordinates":[[[50.2312848,53.3021975],[50.2312877,53.3021245],[50.2314539,53.3021268],[50.231451,53.3021999],[50.2312848,53.3021975]]]},"properties":{"id":"40e5f4ce-87a5-4da1-98f5-66d7c7e58521","source_type":"ml"}},{"type":"Feature","geometry":{"type":"Polygon","coordinates":[[[50.2305354,53.3023775],[50.2305302,53.3022981],[50.2306534,53.3022952],[50.230655,53.3023192],[50.2307127,53.3023179],[50.2307144,53.3023435],[50.2307867,53.3023418],[50.2307886,53.3023716],[50.2305354,53.3023775]]]},"properties":{"id":"92ae79a6-61f9-46df-85a3-9104e6acb0e6","source_type":"ml"}},{"type":"Feature","geometry":{"type":"Polygon","coordinates":[[[50.2299296,53.3022993],[50.2299364,53.3024236],[50.2297367,53.3024275],[50.2297311,53.3023251],[50.229715,53.3023254],[50.2297125,53.3022795],[50.2298545,53.3022768],[50.2298558,53.3023008],[50.2299296,53.3022993]]]},"properties":{"id":"ff769e19-49bb-4c40-bea9-92bee76b7a6d","source_type":"ml"}},{"type":"Feature","geometry":{"type":"Polygon","coordinates":[[[50.2295303,53.3027407],[50.2295267,53.3027871],[50.2294453,53.3027848],[50.2294488,53.3027385],[50.2295303,53.3027407]]]},"properties":{"id":"9ae763d9-f734-457b-8552-3f9c7503e7f8","source_type":"ml"}},{"type":"Feature","geometry":{"type":"Polygon","coordinates":[[[50.2296812,53.3027226],[50.2296884,53.3027612],[50.2296116,53.3027663],[50.2296043,53.3027277],[50.2296812,53.3027226]]]},"properties":{"id":"7e37c7e7-1a77-4a6e-a013-8f17f26b4c6a","source_type":"ml"}},{"type":"Feature","geometry":{"type":"Polygon","coordinates":[[[50.2289809,53.3054097],[50.2290186,53.3054611],[50.2291587,53.3055327],[50.2291731,53.3055523],[50.2292719,53.3056028],[50.2292745,53.3056063],[50.2293433,53.3056415],[50.2292762,53.3056883],[50.2290108,53.3055527],[50.2290033,53.3055424],[50.2289457,53.305513],[50.2288878,53.3054341],[50.2289809,53.3054097]]]},"properties":{"id":"e525d678-4480-4318-823e-35ca0d757bf4","source_type":"ml"}},{"type":"Feature","geometry":{"type":"Polygon","coordinates":[[[50.2287484,53.3050268],[50.2288501,53.3050298],[50.2288473,53.3050633],[50.2287456,53.3050603],[50.2287484,53.3050268]]]},"properties":{"id":"7b31fc0a-d91c-404e-9971-5881c6aae9d2","source_type":"ml"}},{"type":"Feature","geometry":{"type":"Polygon","coordinates":[[[50.2309061,53.3032242],[50.2307341,53.3032171],[50.2307479,53.3030969],[50.2309508,53.3031052],[50.2309474,53.3031355],[50.2310114,53.3031381],[50.2309976,53.3032584],[50.2309026,53.3032545],[50.2309061,53.3032242]]]},"properties":{"id":"c53dbe00-0bbe-4639-9e3c-85e310630e64","source_type":"ml"}},{"type":"Feature","geometry":{"type":"Polygon","coordinates":[[[50.2316056,53.3031186],[50.2316991,53.3031221],[50.2316886,53.3032226],[50.231595,53.3032191],[50.2316056,53.3031186]]]},"properties":{"id":"47672c66-b710-4e55-ac11-cb1b319964c6","source_type":"ml"}},{"type":"Feature","geometry":{"type":"Polygon","coordinates":[[[50.232359,53.3034085],[50.2324562,53.3034487],[50.2323741,53.3035197],[50.2322768,53.3034795],[50.232359,53.3034085]]]},"properties":{"id":"d794966f-ba30-4bff-ad25-1c22fd4f2864","source_type":"ml"}},{"type":"Feature","geometry":{"type":"Polygon","coordinates":[[[50.2320186,53.3040345],[50.2321231,53.3040335],[50.2321242,53.3040736],[50.2320196,53.3040746],[50.2320186,53.3040345]]]},"properties":{"id":"3123c3ec-d5ae-48bd-bad2-db49452682c4","source_type":"ml"}},{"type":"Feature","geometry":{"type":"Polygon","coordinates":[[[50.2320641,53.3035613],[50.2320737,53.3035822],[50.2319604,53.3036007],[50.2319509,53.3035799],[50.2320641,53.3035613]]]},"properties":{"id":"aaf2b83e-7bff-44ba-a488-2271af66315b","source_type":"ml"}},{"type":"Feature","geometry":{"type":"Polygon","coordinates":[[[50.2318439,53.3048554],[50.2318894,53.3048557],[50.2318887,53.3048974],[50.2318109,53.3048969],[50.231812,53.3048392],[50.2318441,53.3048394],[50.2318439,53.3048554]]]},"properties":{"id":"38f35dc1-936a-4cce-ab83-86b7eeeda38d","source_type":"ml"}},{"type":"Feature","geometry":{"type":"Polygon","coordinates":[[[50.2328178,53.3044904],[50.2328867,53.3045098],[50.2328336,53.3045775],[50.2327646,53.3045582],[50.2328178,53.3044904]]]},"properties":{"id":"c500219b-50f3-407a-8712-73522da39be7","source_type":"ml"}},{"type":"Feature","geometry":{"type":"Polygon","coordinates":[[[50.2324557,53.3048632],[50.2323885,53.3047679],[50.2324909,53.3047421],[50.2325582,53.3048374],[50.2324557,53.3048632]]]},"properties":{"id":"2862a459-4b25-45c1-809e-e74f5d4b9fe3","source_type":"ml"}},{"type":"Feature","geometry":{"type":"Polygon","coordinates":[[[50.2339738,53.3050332],[50.2339912,53.3049918],[50.234082,53.3050054],[50.2340646,53.3050468],[50.2339738,53.3050332]]]},"properties":{"id":"0e1234ba-be58-4639-af74-981490396a39","source_type":"ml"}},{"type":"Feature","geometry":{"type":"Polygon","coordinates":[[[50.2343171,53.3045134],[50.2343312,53.3044752],[50.23439,53.3044829],[50.234376,53.3045211],[50.2343171,53.3045134]]]},"properties":{"id":"43f8bac1-0f1f-46a9-9490-f063a9eea38c","source_type":"ml"}},{"type":"Feature","geometry":{"type":"Polygon","coordinates":[[[50.2339007,53.3034086],[50.2339051,53.3033671],[50.233973,53.3033697],[50.2339686,53.3034112],[50.2339007,53.3034086]]]},"properties":{"id":"d08df374-eccf-4956-a5c6-0920217e9a73","source_type":"ml"}},{"type":"Feature","geometry":{"type":"Polygon","coordinates":[[[50.2330826,53.3025334],[50.2330747,53.3024519],[50.2331656,53.3024488],[50.2331735,53.3025302],[50.2330826,53.3025334]]]},"properties":{"id":"a11276d4-4788-4276-8630-4e6a8106cb9b","source_type":"ml"}},{"type":"Feature","geometry":{"type":"Polygon","coordinates":[[[50.2338924,53.3026742],[50.2338896,53.3026366],[50.2339325,53.3026355],[50.2339308,53.3026131],[50.2340218,53.3026107],[50.2340313,53.3027395],[50.2339376,53.3027419],[50.2339325,53.3026731],[50.2338924,53.3026742]]]},"properties":{"id":"f24445b1-7d94-45ca-b30e-3c9ddea1c7fa","source_type":"ml"}},{"type":"Feature","geometry":{"type":"Polygon","coordinates":[[[50.2341553,53.3031065],[50.2341522,53.3030457],[50.2342219,53.3030444],[50.234225,53.3031052],[50.2341553,53.3031065]]]},"properties":{"id":"4b38c253-183c-42a0-8e1f-8714132b9003","source_type":"ml"}},{"type":"Feature","geometry":{"type":"Polygon","coordinates":[[[50.2332788,53.3017629],[50.2333807,53.3017616],[50.2333839,53.3018513],[50.2332177,53.3018535],[50.2332155,53.3017926],[50.2332798,53.3017917],[50.2332788,53.3017629]]]},"properties":{"id":"2dd457ae-0978-4f65-a44d-a5c9fc8b6af5","source_type":"ml"}},{"type":"Feature","geometry":{"type":"Polygon","coordinates":[[[50.232673,53.3017295],[50.2325618,53.3017394],[50.2325525,53.3016864],[50.2326668,53.3016784],[50.232673,53.3017295]]]},"properties":{"id":"476d404a-bc8f-4b30-936a-98866a8ba53c","source_type":"osm"}},{"type":"Feature","geometry":{"type":"Polygon","coordinates":[[[50.2327886,53.3011235],[50.2329712,53.3010942],[50.2329907,53.3011375],[50.232753,53.3011757],[50.2327067,53.3010725],[50.2327617,53.3010637],[50.2327886,53.3011235]]]},"properties":{"id":"31e5ef4d-1388-4c52-af96-16ab17171c26","source_type":"ml"}},{"type":"Feature","geometry":{"type":"Polygon","coordinates":[[[50.2317461,53.300386],[50.231787,53.3004596],[50.2316963,53.3004776],[50.2316554,53.300404],[50.2317461,53.300386]]]},"properties":{"id":"bbf2d237-d551-4a91-9d88-02fcf442b34a","source_type":"ml"}},{"type":"Feature","geometry":{"type":"Polygon","coordinates":[[[50.2315216,53.3002551],[50.2314132,53.3002574],[50.2314097,53.3001982],[50.2315181,53.3001959],[50.2315216,53.3002551]]]},"properties":{"id":"7d3f3569-6d01-410a-8f5f-6bec2076f776","source_type":"ml"}},{"type":"Feature","geometry":{"type":"Polygon","coordinates":[[[50.2314745,53.2990778],[50.2315666,53.2990657],[50.2315835,53.2991116],[50.2314913,53.2991237],[50.2314745,53.2990778]]]},"properties":{"id":"75912cf3-f10f-4060-8378-5fdf8cc30668","source_type":"ml"}},{"type":"Feature","geometry":{"type":"Polygon","coordinates":[[[50.2349811,53.302222],[50.2349761,53.3022025],[50.2350509,53.3021956],[50.2350559,53.3022152],[50.2349811,53.302222]]]},"properties":{"id":"afac55eb-7ba2-4cbe-9553-f731e043f60c","source_type":"ml"}},{"type":"Feature","geometry":{"type":"Polygon","coordinates":[[[50.2352199,53.3028855],[50.2352017,53.3028233],[50.2353642,53.3028063],[50.2353824,53.3028685],[50.2352199,53.3028855]]]},"properties":{"id":"55049e7c-fe21-4f01-a07f-0d00cf6484ac","source_type":"ml"}},{"type":"Feature","geometry":{"type":"Polygon","coordinates":[[[50.2352315,53.3052138],[50.2353045,53.3052278],[50.2352893,53.3052562],[50.2352163,53.3052422],[50.2352315,53.3052138]]]},"properties":{"id":"e7c70d2c-5f3c-4cad-914f-ce31eb19484c","source_type":"ml"}},{"type":"Feature","geometry":{"type":"Polygon","coordinates":[[[50.2362781,53.3052825],[50.2362894,53.3052588],[50.2363564,53.3052702],[50.2363246,53.3053369],[50.2362328,53.3053213],[50.2362533,53.3052783],[50.2362781,53.3052825]]]},"properties":{"id":"c25ce38c-483a-41a5-b228-13c71ac6d776","source_type":"ml"}},{"type":"Feature","geometry":{"type":"Polygon","coordinates":[[[50.2361244,53.3055651],[50.2361781,53.305581],[50.2361572,53.3056061],[50.2361035,53.3055901],[50.2361244,53.3055651]]]},"properties":{"id":"04eb5bbd-de99-4010-bde0-413f0702a3b2","source_type":"ml"}},{"type":"Feature","geometry":{"type":"Polygon","coordinates":[[[50.2375157,53.3052066],[50.2375113,53.3050929],[50.2376212,53.3050914],[50.2376256,53.3052051],[50.2375157,53.3052066]]]},"properties":{"id":"0cb5b046-d0fb-4606-b0a7-c40b7ef06454","source_type":"ml"}},{"type":"Feature","geometry":{"type":"Polygon","coordinates":[[[50.2402678,53.2965574],[50.2403041,53.2965413],[50.2403696,53.296594],[50.2403333,53.2966101],[50.2402678,53.2965574]]]},"properties":{"id":"3a71e3b8-4efe-4567-b3c6-c8ae6c211e67","source_type":"ml"}},{"type":"Feature","geometry":{"type":"Polygon","coordinates":[[[50.2395592,53.2964859],[50.2395288,53.2964604],[50.2395687,53.2964434],[50.2395991,53.2964689],[50.2395592,53.2964859]]]},"properties":{"id":"c9fe0972-e30a-4f66-887a-653f63930fea","source_type":"ml"}},{"type":"Feature","geometry":{"type":"Polygon","coordinates":[[[50.2392641,53.2957603],[50.2393179,53.2958084],[50.2392659,53.2958291],[50.2392122,53.295781],[50.2392641,53.2957603]]]},"properties":{"id":"44603e19-7260-407a-8c49-9673711ca9e5","source_type":"ml"}},{"type":"Feature","geometry":{"type":"Polygon","coordinates":[[[50.2394919,53.2965249],[50.2394544,53.2964877],[50.239487,53.296476],[50.2395245,53.2965131],[50.2394919,53.2965249]]]},"properties":{"id":"4a4e5a1f-40a5-4d59-9bc8-1a4735b58880","source_type":"ml"}},{"type":"Feature","geometry":{"type":"Polygon","coordinates":[[[50.2394801,53.2968007],[50.2395019,53.2967901],[50.2395356,53.2968146],[50.2394672,53.2968481],[50.239391,53.2967925],[50.2394375,53.2967697],[50.2394801,53.2968007]]]},"properties":{"id":"f66b02b1-11a0-470f-9fd3-e0379488e5b1","source_type":"ml"}},{"type":"Feature","geometry":{"type":"Polygon","coordinates":[[[50.2386807,53.2958119],[50.2387237,53.2958446],[50.2386814,53.2958645],[50.2386384,53.2958318],[50.2386807,53.2958119]]]},"properties":{"id":"4f89e9ca-c44d-4c90-b9f4-1a89fdc34f3c","source_type":"ml"}},{"type":"Feature","geometry":{"type":"Polygon","coordinates":[[[50.2382991,53.2959784],[50.238233,53.2959528],[50.2382771,53.2959122],[50.2383432,53.2959378],[50.2382991,53.2959784]]]},"properties":{"id":"36a7da5e-b415-4ced-b491-723da1c67cf8","source_type":"ml"}},{"type":"Feature","geometry":{"type":"Polygon","coordinates":[[[50.2377266,53.2963499],[50.2376273,53.296398],[50.23754,53.2963337],[50.2376393,53.2962856],[50.2377266,53.2963499]]]},"properties":{"id":"d35ea7c4-464c-43c2-b82c-f4bfacbbff60","source_type":"osm"}},{"type":"Feature","geometry":{"type":"Polygon","coordinates":[[[50.2378729,53.2966619],[50.2379091,53.2967013],[50.2378412,53.2967236],[50.2378049,53.2966843],[50.2378729,53.2966619]]]},"properties":{"id":"82120e3a-d10d-4e84-801d-dadf51903e48","source_type":"ml"}},{"type":"Feature","geometry":{"type":"Polygon","coordinates":[[[50.2378638,53.2971471],[50.2376969,53.2971037],[50.2377342,53.2970525],[50.2377477,53.297056],[50.2377624,53.2970358],[50.2379158,53.2970757],[50.2378638,53.2971471]]]},"properties":{"id":"4a3ccf30-536d-4ccc-b92d-1d79fb4d5955","source_type":"ml"}},{"type":"Feature","geometry":{"type":"Polygon","coordinates":[[[50.2344694,53.2974693],[50.2345573,53.2974504],[50.2345855,53.2974972],[50.2344976,53.2975161],[50.2344694,53.2974693]]]},"properties":{"id":"ba141b42-2998-42b5-91cb-d792c2ed6dc9","source_type":"ml"}},{"type":"Feature","geometry":{"type":"Polygon","coordinates":[[[50.2352345,53.2974344],[50.2351291,53.2974935],[50.2350268,53.2974283],[50.2351322,53.2973692],[50.2352345,53.2974344]]]},"properties":{"id":"650cbf49-4378-4f20-b14b-0fb25874b932","source_type":"osm"}},{"type":"Feature","geometry":{"type":"Polygon","coordinates":[[[50.2355597,53.2975756],[50.235612,53.2976082],[50.2355854,53.2976234],[50.2355332,53.2975909],[50.2355597,53.2975756]]]},"properties":{"id":"37173326-6e0d-4124-8cc2-6f82055dff6b","source_type":"ml"}},{"type":"Feature","geometry":{"type":"Polygon","coordinates":[[[50.234684,53.2962831],[50.234758,53.2963176],[50.2347067,53.296357],[50.2346326,53.2963224],[50.234684,53.2962831]]]},"properties":{"id":"35e76140-5d1e-41d8-8bf9-633e232433b2","source_type":"ml"}},{"type":"Feature","geometry":{"type":"Polygon","coordinates":[[[50.2349632,53.2958247],[50.235049,53.2958691],[50.2350105,53.2958956],[50.2349247,53.2958512],[50.2349632,53.2958247]]]},"properties":{"id":"5e4f0cf8-e568-4d5e-b1bb-5674274d451c","source_type":"ml"}},{"type":"Feature","geometry":{"type":"Polygon","coordinates":[[[50.2371026,53.2967619],[50.2371778,53.2967249],[50.2372238,53.2967584],[50.2371486,53.2967953],[50.2371026,53.2967619]]]},"properties":{"id":"791578bd-c047-49b0-acfb-ad68f0488fcf","source_type":"ml"}},{"type":"Feature","geometry":{"type":"Polygon","coordinates":[[[50.2349505,53.2955025],[50.2349836,53.2955299],[50.234951,53.295544],[50.2349758,53.2955645],[50.2349115,53.2955923],[50.2348535,53.2955444],[50.2349505,53.2955025]]]},"properties":{"id":"e7251e64-5e14-4656-9112-d8b8599f3292","source_type":"ml"}},{"type":"Feature","geometry":{"type":"Polygon","coordinates":[[[50.2348037,53.2955143],[50.2349098,53.2954644],[50.2349437,53.2954902],[50.2348376,53.29554],[50.2348037,53.2955143]]]},"properties":{"id":"58bda961-7094-484f-a2ab-23f31ec2e5e3","source_type":"ml"}},{"type":"Feature","geometry":{"type":"Polygon","coordinates":[[[50.240259,53.2948597],[50.2402353,53.2948224],[50.2403091,53.2948056],[50.2403328,53.294843],[50.240259,53.2948597]]]},"properties":{"id":"0e626d54-0b6e-442e-827b-a347e6e002b0","source_type":"ml"}},{"type":"Feature","geometry":{"type":"Polygon","coordinates":[[[50.2424026,53.2945372],[50.242357,53.2945565],[50.2423074,53.294514],[50.2423543,53.2944947],[50.2424026,53.2945372]]]},"properties":{"id":"44059d9e-e90a-49dd-8050-ab537881647d","source_type":"osm"}},{"type":"Feature","geometry":{"type":"Polygon","coordinates":[[[50.2429651,53.2953751],[50.2429021,53.2953211],[50.2429975,53.2952813],[50.2430605,53.2953353],[50.2429651,53.2953751]]]},"properties":{"id":"1b4e3df2-e7f4-4050-82f5-5091d5b69c87","source_type":"osm"}},{"type":"Feature","geometry":{"type":"Polygon","coordinates":[[[50.241404,53.2951448],[50.2413414,53.2951023],[50.241426,53.2950578],[50.2414886,53.2951002],[50.241404,53.2951448]]]},"properties":{"id":"18017795-e59d-4cb9-925b-34a92cd85bb0","source_type":"ml"}},{"type":"Feature","geometry":{"type":"Polygon","coordinates":[[[50.2416033,53.2963271],[50.2415417,53.2962685],[50.2416128,53.2962418],[50.2416745,53.2963004],[50.2416033,53.2963271]]]},"properties":{"id":"7847283f-6b65-49d4-9f6d-25d4ad7565d5","source_type":"ml"}},{"type":"Feature","geometry":{"type":"Polygon","coordinates":[[[50.2430296,53.2987743],[50.2430634,53.2988157],[50.2430036,53.2988332],[50.2429697,53.2987917],[50.2430296,53.2987743]]]},"properties":{"id":"e0c1fd5a-78d8-4a73-8ab2-014216369610","source_type":"ml"}},{"type":"Feature","geometry":{"type":"Polygon","coordinates":[[[50.2429892,53.2977427],[50.2430518,53.297713],[50.2430153,53.2976855],[50.2431317,53.2976303],[50.2432204,53.2976973],[50.2430414,53.2977821],[50.2429892,53.2977427]]]},"properties":{"id":"9c04627c-b6bd-43e0-af9b-630aeb01ef54","source_type":"ml"}},{"type":"Feature","geometry":{"type":"Polygon","coordinates":[[[50.2431595,53.2964228],[50.243252,53.2963839],[50.2433025,53.2964268],[50.24321,53.2964657],[50.2431595,53.2964228]]]},"properties":{"id":"2c686085-81db-4d04-8201-069bb08f0cd5","source_type":"ml"}},{"type":"Feature","geometry":{"type":"Polygon","coordinates":[[[50.2442633,53.2982365],[50.2443975,53.298324],[50.2443052,53.2983746],[50.244171,53.2982871],[50.2442633,53.2982365]]]},"properties":{"id":"73cb78ac-43d4-402a-98f8-d835141554ea","source_type":"ml"}},{"type":"Feature","geometry":{"type":"Polygon","coordinates":[[[50.2438715,53.2993876],[50.2438443,53.2993605],[50.2439021,53.2993397],[50.2439294,53.2993667],[50.2438715,53.2993876]]]},"properties":{"id":"178bdd3e-6f50-4b51-acca-0b2d64cc826b","source_type":"ml"}},{"type":"Feature","geometry":{"type":"Polygon","coordinates":[[[50.2417567,53.305913],[50.24182,53.3059131],[50.2418198,53.3059611],[50.2417565,53.305961],[50.2417567,53.305913]]]},"properties":{"id":"92f589d0-77be-4051-ad03-9958f1955058","source_type":"ml"}},{"type":"Feature","geometry":{"type":"Polygon","coordinates":[[[50.2433132,53.3068505],[50.2432825,53.3068499],[50.2432813,53.3068749],[50.2432129,53.3068737],[50.2432161,53.3068055],[50.2433153,53.3068072],[50.2433132,53.3068505]]]},"properties":{"id":"e6e73c88-ca0d-468d-a4ac-6a2b3a13fda5","source_type":"ml"}},{"type":"Feature","geometry":{"type":"Polygon","coordinates":[[[50.2426795,53.3066723],[50.2426802,53.3066505],[50.2427916,53.3066519],[50.2427909,53.3066737],[50.2426795,53.3066723]]]},"properties":{"id":"460fc227-442e-462e-b8d9-9bfec8a36616","source_type":"ml"}},{"type":"Feature","geometry":{"type":"Polygon","coordinates":[[[50.2400694,53.3080869],[50.2400702,53.3081414],[50.2399683,53.3081419],[50.2399675,53.3080874],[50.2400694,53.3080869]]]},"properties":{"id":"ddd7bf68-eb1c-4899-937d-a2203a787461","source_type":"ml"}},{"type":"Feature","geometry":{"type":"Polygon","coordinates":[[[50.2405273,53.3065055],[50.2404776,53.3065045],[50.2404792,53.3064746],[50.240529,53.3064756],[50.2405273,53.3065055]]]},"properties":{"id":"383de9c6-4454-4425-8df2-b1c6dbb39412","source_type":"ml"}},{"type":"Feature","geometry":{"type":"Polygon","coordinates":[[[50.2402348,53.3060972],[50.2401758,53.306098],[50.2401729,53.3060259],[50.2402319,53.3060251],[50.2402348,53.3060972]]]},"properties":{"id":"11682c83-f8bf-4c79-871a-d96cdfd6c95e","source_type":"ml"}},{"type":"Feature","geometry":{"type":"Polygon","coordinates":[[[50.235499,53.3069403],[50.2354996,53.3070353],[50.2353944,53.3070356],[50.2353941,53.3070013],[50.2353269,53.3070014],[50.2353265,53.3069407],[50.235499,53.3069403]]]},"properties":{"id":"1b48d1d3-3ce3-426b-96e7-30ac36b6a544","source_type":"osm"}},{"type":"Feature","geometry":{"type":"Polygon","coordinates":[[[50.2349747,53.3061736],[50.2349132,53.3061563],[50.2349519,53.3061071],[50.2350135,53.3061243],[50.2349747,53.3061736]]]},"properties":{"id":"0fc187b1-690c-4eb3-80ec-51b085290d1a","source_type":"ml"}},{"type":"Feature","geometry":{"type":"Polygon","coordinates":[[[50.2305919,53.3080322],[50.2306026,53.308086],[50.2305417,53.3080903],[50.2305311,53.3080365],[50.2305919,53.3080322]]]},"properties":{"id":"959d9930-f156-40e4-952f-effcfc7ec29c","source_type":"ml"}},{"type":"Feature","geometry":{"type":"Polygon","coordinates":[[[50.2300206,53.3059546],[50.2300422,53.3058983],[50.2301008,53.3059063],[50.2300793,53.3059626],[50.2300206,53.3059546]]]},"properties":{"id":"802d80db-751c-4ff3-8789-b84bf21d0f38","source_type":"ml"}},{"type":"Feature","geometry":{"type":"Polygon","coordinates":[[[50.2312384,53.3127663],[50.2312708,53.3127716],[50.2312529,53.3128103],[50.2312205,53.312805],[50.2312384,53.3127663]]]},"properties":{"id":"195db2ba-66da-4863-ab8c-212f121debe3","source_type":"ml"}},{"type":"Feature","geometry":{"type":"Polygon","coordinates":[[[50.2246665,53.3061961],[50.2246873,53.3062398],[50.2246316,53.3062493],[50.2246108,53.3062056],[50.2246665,53.3061961]]]},"properties":{"id":"70d2097d-1007-4c9d-95e3-e5de4cded83e","source_type":"ml"}},{"type":"Feature","geometry":{"type":"Polygon","coordinates":[[[50.2250805,53.3062724],[50.2250948,53.3063122],[50.2250153,53.3063224],[50.225001,53.3062826],[50.2250805,53.3062724]]]},"properties":{"id":"cfc1ca84-d483-4f85-ad13-96bb5dc4ebdb","source_type":"ml"}},{"type":"Feature","geometry":{"type":"Polygon","coordinates":[[[50.2250161,53.3065443],[50.2250144,53.3065843],[50.2249688,53.3065836],[50.2249705,53.3065435],[50.2250161,53.3065443]]]},"properties":{"id":"363cb06b-1191-4892-8569-9b5cef333133","source_type":"ml"}},{"type":"Feature","geometry":{"type":"Polygon","coordinates":[[[50.2235826,53.3061372],[50.2235494,53.3060538],[50.2234134,53.3060731],[50.2233904,53.3060155],[50.2235569,53.3059918],[50.2235605,53.3060009],[50.2236149,53.3059932],[50.22362,53.3060061],[50.2236911,53.305996],[50.2237002,53.3060187],[50.2237499,53.3060116],[50.2237882,53.306108],[50.2235826,53.3061372]]]},"properties":{"id":"a4cff69e-39eb-4e80-be61-8989fd9e019a","source_type":"ml"}},{"type":"Feature","geometry":{"type":"Polygon","coordinates":[[[50.2289938,53.2939376],[50.2291076,53.2939397],[50.2291047,53.2939957],[50.2289909,53.2939936],[50.2289938,53.2939376]]]},"properties":{"id":"fb9b420f-eba1-42db-95e5-27c6639c8c06","source_type":"ml"}},{"type":"Feature","geometry":{"type":"Polygon","coordinates":[[[50.2285385,53.2937076],[50.2284708,53.2936068],[50.2285553,53.2935866],[50.2286229,53.2936874],[50.2285385,53.2937076]]]},"properties":{"id":"6838ff68-6bdc-4ceb-9d2e-afc777e9e02b","source_type":"ml"}},{"type":"Feature","geometry":{"type":"Polygon","coordinates":[[[50.2297751,53.2941838],[50.2298903,53.2941808],[50.2298946,53.29424],[50.2297795,53.294243],[50.2297751,53.2941838]]]},"properties":{"id":"58492e0b-0d41-4a4a-97f9-0a690d5e466e","source_type":"ml"}},{"type":"Feature","geometry":{"type":"Polygon","coordinates":[[[50.2332009,53.2983857],[50.2333186,53.2983294],[50.2333886,53.2983817],[50.233271,53.298438],[50.2332009,53.2983857]]]},"properties":{"id":"d6bc373c-a91b-416f-a381-39446489246a","source_type":"ml"}},{"type":"Feature","geometry":{"type":"Polygon","coordinates":[[[50.2326954,53.2987011],[50.2328387,53.2987905],[50.2327128,53.2988626],[50.2325695,53.2987731],[50.2326954,53.2987011]]]},"properties":{"id":"59ed90ec-5125-4415-aedf-309e77f70e26","source_type":"ml"}},{"type":"Feature","geometry":{"type":"Polygon","coordinates":[[[50.2328564,53.2978847],[50.2329242,53.2978672],[50.2329555,53.2979104],[50.2328877,53.297928],[50.2328564,53.2978847]]]},"properties":{"id":"b5c4af44-cd6f-4afc-ab86-6618c683c731","source_type":"ml"}},{"type":"Feature","geometry":{"type":"Polygon","coordinates":[[[50.2314989,53.2981234],[50.2314971,53.2980577],[50.231666,53.298056],[50.2316678,53.2981217],[50.2314989,53.2981234]]]},"properties":{"id":"fd6cda0b-bc56-4234-9e1a-b3f885059b9c","source_type":"ml"}},{"type":"Feature","geometry":{"type":"Polygon","coordinates":[[[50.2320461,53.2987767],[50.2321287,53.2987329],[50.23219,53.2987742],[50.2321073,53.298818],[50.2320461,53.2987767]]]},"properties":{"id":"d574a444-53ea-4b02-80ef-8a4bca8bd745","source_type":"ml"}},{"type":"Feature","geometry":{"type":"Polygon","coordinates":[[[50.2307478,53.297995],[50.2307421,53.2979617],[50.2308138,53.2979573],[50.2308195,53.2979906],[50.2307478,53.297995]]]},"properties":{"id":"5c4372d9-c1a7-4db1-b64b-4cdaaaab2305","source_type":"ml"}},{"type":"Feature","geometry":{"type":"Polygon","coordinates":[[[50.2314204,53.2968015],[50.2314248,53.2968719],[50.2313911,53.2968727],[50.2313867,53.2968022],[50.2314204,53.2968015]]]},"properties":{"id":"dd4d3f35-127d-4a03-af6a-831dd0226d59","source_type":"ml"}},{"type":"Feature","geometry":{"type":"Polygon","coordinates":[[[50.2287233,53.2981178],[50.2287285,53.2981769],[50.2286466,53.2981795],[50.2286413,53.2981204],[50.2287233,53.2981178]]]},"properties":{"id":"a84612b8-ec0a-45ee-9f32-c3f6c8fb5afb","source_type":"ml"}},{"type":"Feature","geometry":{"type":"Polygon","coordinates":[[[50.2290529,53.2989831],[50.2292431,53.2989798],[50.2292486,53.2990908],[50.2290583,53.2990942],[50.2290529,53.2989831]]]},"properties":{"id":"fe72f874-b2d0-41cd-a510-091e8f3f5924","source_type":"ml"}},{"type":"Feature","geometry":{"type":"Polygon","coordinates":[[[50.228622,53.2983929],[50.2286205,53.2983571],[50.2287331,53.2983554],[50.2287346,53.2983912],[50.228622,53.2983929]]]},"properties":{"id":"a9a21ab0-c085-4554-8ef8-319b649eba63","source_type":"ml"}},{"type":"Feature","geometry":{"type":"Polygon","coordinates":[[[50.2289402,53.2993194],[50.2289981,53.2993187],[50.2290005,53.299386],[50.2289426,53.2993867],[50.2289402,53.2993194]]]},"properties":{"id":"820b12ad-48a7-4a52-a90e-1bb4d7a7d0ca","source_type":"ml"}},{"type":"Feature","geometry":{"type":"Polygon","coordinates":[[[50.229628,53.299099],[50.2296233,53.2990264],[50.2298,53.2990223],[50.2298048,53.2990949],[50.229628,53.299099]]]},"properties":{"id":"c1bdb3d7-6ddd-488a-a43b-88281711daf6","source_type":"ml"}},{"type":"Feature","geometry":{"type":"Polygon","coordinates":[[[50.2309321,53.2990163],[50.2309407,53.2990687],[50.2308265,53.2990754],[50.2308179,53.299023],[50.2309321,53.2990163]]]},"properties":{"id":"2f4ec490-b1c6-4800-980f-9655a1b660ec","source_type":"ml"}},{"type":"Feature","geometry":{"type":"Polygon","coordinates":[[[50.2305582,53.3011302],[50.230561,53.3010694],[50.2307003,53.3010716],[50.2306976,53.3011325],[50.2305582,53.3011302]]]},"properties":{"id":"b422bc06-86c6-49b0-94a4-bac8c4d92314","source_type":"ml"}},{"type":"Feature","geometry":{"type":"Polygon","coordinates":[[[50.2306327,53.3020653],[50.2308485,53.3020632],[50.2308508,53.3021443],[50.2306994,53.3021458],[50.2306987,53.3021218],[50.2306343,53.3021224],[50.2306327,53.3020653]]]},"properties":{"id":"9c013e0e-e18c-4376-bcfd-a61429e80427","source_type":"ml"}},{"type":"Feature","geometry":{"type":"Polygon","coordinates":[[[50.2293525,53.3020235],[50.2293469,53.3019644],[50.2293923,53.3019628],[50.229398,53.3020219],[50.2293525,53.3020235]]]},"properties":{"id":"ce51c72d-ca82-4610-8f1d-f2693e5f5ac5","source_type":"ml"}},{"type":"Feature","geometry":{"type":"Polygon","coordinates":[[[50.2293549,53.3056869],[50.2293756,53.3057227],[50.2293382,53.3057304],[50.2293175,53.3056946],[50.2293549,53.3056869]]]},"properties":{"id":"210fa028-3105-470b-8f33-bdd649735da2","source_type":"ml"}},{"type":"Feature","geometry":{"type":"Polygon","coordinates":[[[50.2292593,53.3048349],[50.2294416,53.3048379],[50.2294386,53.3049057],[50.2292563,53.3049028],[50.2292593,53.3048349]]]},"properties":{"id":"e31361cc-17bb-4817-ad8b-732d2b73675b","source_type":"ml"}},{"type":"Feature","geometry":{"type":"Polygon","coordinates":[[[50.2292598,53.3046003],[50.2292568,53.3046542],[50.2291594,53.3046523],[50.2291624,53.3045984],[50.2292598,53.3046003]]]},"properties":{"id":"a5e7503f-7f67-4870-91c9-9d53df91bdcd","source_type":"ml"}},{"type":"Feature","geometry":{"type":"Polygon","coordinates":[[[50.2302341,53.3042552],[50.2302361,53.3042344],[50.2303296,53.3042375],[50.2303277,53.3042583],[50.2302341,53.3042552]]]},"properties":{"id":"cb531276-5962-40b5-a0fd-43603e2ed357","source_type":"ml"}},{"type":"Feature","geometry":{"type":"Polygon","coordinates":[[[50.2309315,53.3051188],[50.2309327,53.3050713],[50.2309837,53.3050718],[50.2309825,53.3051192],[50.2309315,53.3051188]]]},"properties":{"id":"755f9db4-f124-4ecc-b581-9771de574348","source_type":"ml"}},{"type":"Feature","geometry":{"type":"Polygon","coordinates":[[[50.2312311,53.3050513],[50.2312294,53.3050144],[50.2312803,53.3050136],[50.231282,53.3050505],[50.2312311,53.3050513]]]},"properties":{"id":"17db14b1-08e2-4d1d-ac58-8740a023f130","source_type":"ml"}},{"type":"Feature","geometry":{"type":"Polygon","coordinates":[[[50.230389,53.3028908],[50.2305171,53.3028853],[50.2305256,53.3029554],[50.2303975,53.302961],[50.230389,53.3028908]]]},"properties":{"id":"98759118-ba67-4fac-889d-270da427efad","source_type":"ml"}},{"type":"Feature","geometry":{"type":"Polygon","coordinates":[[[50.2310821,53.3027399],[50.2311342,53.3027393],[50.2311358,53.3027899],[50.2309282,53.3027923],[50.2309262,53.3027298],[50.2310817,53.302728],[50.2310821,53.3027399]]]},"properties":{"id":"dbaeec92-3d87-4a7b-99cf-c9cc67018ab6","source_type":"ml"}},{"type":"Feature","geometry":{"type":"Polygon","coordinates":[[[50.2314851,53.3024598],[50.2314865,53.3024919],[50.2313766,53.3024936],[50.2313752,53.3024615],[50.2314851,53.3024598]]]},"properties":{"id":"ce7da65e-378c-44f9-b12f-0aa65f641584","source_type":"ml"}},{"type":"Feature","geometry":{"type":"Polygon","coordinates":[[[50.2327797,53.3024081],[50.2328168,53.3024054],[50.2328241,53.3024418],[50.2327871,53.3024444],[50.2327797,53.3024081]]]},"properties":{"id":"aebc02de-6c56-4afe-8ac0-14d71fcb5ae4","source_type":"ml"}},{"type":"Feature","geometry":{"type":"Polygon","coordinates":[[[50.2329017,53.3028231],[50.2330317,53.3028263],[50.2330305,53.3028432],[50.2329005,53.30284],[50.2329017,53.3028231]]]},"properties":{"id":"c8c56974-d13b-4f33-a9a8-037b572a311e","source_type":"ml"}},{"type":"Feature","geometry":{"type":"Polygon","coordinates":[[[50.2318739,53.3044602],[50.2319399,53.3044586],[50.2319441,53.3045233],[50.2318782,53.3045249],[50.2318739,53.3044602]]]},"properties":{"id":"69618ef9-9336-4aeb-b932-dfea1d63c4db","source_type":"ml"}},{"type":"Feature","geometry":{"type":"Polygon","coordinates":[[[50.2314832,53.3049756],[50.2314273,53.3049676],[50.2314375,53.3049418],[50.2314934,53.3049498],[50.2314832,53.3049756]]]},"properties":{"id":"86f79256-c7af-4336-acb9-fc154196a316","source_type":"ml"}},{"type":"Feature","geometry":{"type":"Polygon","coordinates":[[[50.2325692,53.305556],[50.2326855,53.3055389],[50.2327138,53.3056076],[50.2325974,53.3056246],[50.2325692,53.305556]]]},"properties":{"id":"58babfba-c2ba-4962-a2e4-76ab067d492e","source_type":"ml"}},{"type":"Feature","geometry":{"type":"Polygon","coordinates":[[[50.2321706,53.3041411],[50.2321718,53.3040953],[50.2323123,53.3040967],[50.2323111,53.3041424],[50.2321706,53.3041411]]]},"properties":{"id":"81273e9b-8aa1-4a1b-a1b9-cf51f64846c7","source_type":"ml"}},{"type":"Feature","geometry":{"type":"Polygon","coordinates":[[[50.2329847,53.3034186],[50.2329768,53.3033726],[50.2330378,53.3033688],[50.2330458,53.3034148],[50.2329847,53.3034186]]]},"properties":{"id":"a7f0ab25-371a-4199-b1c4-fd429ab7a497","source_type":"ml"}},{"type":"Feature","geometry":{"type":"Polygon","coordinates":[[[50.2335184,53.3029434],[50.2333702,53.3029254],[50.233391,53.3028646],[50.2335391,53.3028826],[50.2335184,53.3029434]]]},"properties":{"id":"c7e25642-8e0b-4b74-ba00-b93d6d5c068e","source_type":"osm"}},{"type":"Feature","geometry":{"type":"Polygon","coordinates":[[[50.2339234,53.3024281],[50.2339206,53.3024809],[50.233879,53.3024802],[50.2338817,53.3024273],[50.2339234,53.3024281]]]},"properties":{"id":"d86c9e52-2f8c-48e3-b57b-80f83a6d1923","source_type":"ml"}},{"type":"Feature","geometry":{"type":"Polygon","coordinates":[[[50.2341825,53.3023557],[50.2339976,53.3023598],[50.233992,53.3022705],[50.234177,53.3022664],[50.2341825,53.3023557]]]},"properties":{"id":"8b24e5c1-8283-4b49-a1d5-3ec635d4fb51","source_type":"osm"}},{"type":"Feature","geometry":{"type":"Polygon","coordinates":[[[50.2335134,53.3022501],[50.2335128,53.3023279],[50.2333974,53.3023276],[50.2333977,53.3022995],[50.2333467,53.3022993],[50.2333472,53.3022361],[50.2333043,53.302236],[50.2333046,53.3021966],[50.2335365,53.3021973],[50.2335361,53.3022502],[50.2335134,53.3022501]]]},"properties":{"id":"a92ff83b-4b5e-4550-85a4-0bd689caefc8","source_type":"ml"}},{"type":"Feature","geometry":{"type":"Polygon","coordinates":[[[50.2319021,53.3023324],[50.2318272,53.3023348],[50.2318218,53.3022757],[50.2318967,53.3022732],[50.2319021,53.3023324]]]},"properties":{"id":"80f1f6e2-2f57-4285-85c3-a8bfe61f03bf","source_type":"ml"}},{"type":"Feature","geometry":{"type":"Polygon","coordinates":[[[50.2323903,53.3011366],[50.2323972,53.301202],[50.2321488,53.3012115],[50.2321347,53.301079],[50.2323016,53.3010726],[50.2323088,53.3011397],[50.2323903,53.3011366]]]},"properties":{"id":"29fdebc3-306c-46fb-9a90-6e2bd34c0c1f","source_type":"ml"}},{"type":"Feature","geometry":{"type":"Polygon","coordinates":[[[50.23266,53.3006416],[50.2326354,53.3006099],[50.2326862,53.3005958],[50.2327108,53.3006275],[50.23266,53.3006416]]]},"properties":{"id":"719343d0-23d3-4cef-87b3-747cf703de0d","source_type":"ml"}},{"type":"Feature","geometry":{"type":"Polygon","coordinates":[[[50.2324265,53.3002238],[50.2324691,53.3002948],[50.2322802,53.3003352],[50.2322564,53.3002954],[50.2322456,53.3002978],[50.2322268,53.3002665],[50.2324265,53.3002238]]]},"properties":{"id":"1cc4924d-716f-4c87-9b61-b89e9e924f76","source_type":"ml"}},{"type":"Feature","geometry":{"type":"Polygon","coordinates":[[[50.2322198,53.3002849],[50.2322377,53.3003139],[50.2321939,53.3003236],[50.232176,53.3002945],[50.2322198,53.3002849]]]},"properties":{"id":"3caa7552-584a-41f1-8a66-4c0e75da33e7","source_type":"ml"}},{"type":"Feature","geometry":{"type":"Polygon","coordinates":[[[50.2324651,53.3003922],[50.2325133,53.3004592],[50.2323944,53.3004898],[50.2323462,53.3004227],[50.2324651,53.3003922]]]},"properties":{"id":"a9e33caf-0c60-4148-8a4e-03c41c7e2f2f","source_type":"ml"}},{"type":"Feature","geometry":{"type":"Polygon","coordinates":[[[50.2319665,53.2997963],[50.2320391,53.2998651],[50.231917,53.2999111],[50.2318444,53.2998422],[50.2319665,53.2997963]]]},"properties":{"id":"b7cdc77b-a8e0-41a4-9af2-e3d2ce3ea3c1","source_type":"ml"}},{"type":"Feature","geometry":{"type":"Polygon","coordinates":[[[50.2325906,53.2993157],[50.2324982,53.2992532],[50.2325596,53.2992208],[50.2325518,53.2992155],[50.2325677,53.2992071],[50.2326679,53.2992748],[50.2325906,53.2993157]]]},"properties":{"id":"35ffd1cc-82c8-4010-bac7-a2aa8d78976a","source_type":"osm"}},{"type":"Feature","geometry":{"type":"Polygon","coordinates":[[[50.2345743,53.3027939],[50.2347645,53.3027902],[50.2347675,53.3028446],[50.2345773,53.3028483],[50.2345743,53.3027939]]]},"properties":{"id":"37a4d720-f19a-4bc4-9ab4-09d0932fd460","source_type":"ml"}},{"type":"Feature","geometry":{"type":"Polygon","coordinates":[[[50.235143,53.3053798],[50.2351868,53.3053922],[50.2351629,53.3054223],[50.2351192,53.3054099],[50.235143,53.3053798]]]},"properties":{"id":"4a318131-a95e-4979-9721-09fe21739dd8","source_type":"ml"}},{"type":"Feature","geometry":{"type":"Polygon","coordinates":[[[50.23683,53.3047307],[50.2368769,53.3046374],[50.2369433,53.3046493],[50.2368964,53.3047426],[50.23683,53.3047307]]]},"properties":{"id":"f101ad48-c484-401f-b7d4-61dcfe697e55","source_type":"ml"}},{"type":"Feature","geometry":{"type":"Polygon","coordinates":[[[50.2391617,53.2961728],[50.2391177,53.296114],[50.2391936,53.2960937],[50.2392377,53.2961524],[50.2391617,53.2961728]]]},"properties":{"id":"1ed4a1e4-32d2-48c1-9584-04dc03b3191d","source_type":"ml"}},{"type":"Feature","geometry":{"type":"Polygon","coordinates":[[[50.238312,53.2962154],[50.2381718,53.2962778],[50.2380779,53.2962024],[50.2382181,53.2961401],[50.238312,53.2962154]]]},"properties":{"id":"f5a1b3c1-7ee7-410a-95a1-05f48f362fa2","source_type":"osm"}},{"type":"Feature","geometry":{"type":"Polygon","coordinates":[[[50.2350609,53.2974932],[50.2349817,53.2975375],[50.2348976,53.2974837],[50.2349768,53.2974395],[50.2350609,53.2974932]]]},"properties":{"id":"277fd094-f661-4a17-87f4-b91a115f5e40","source_type":"osm"}},{"type":"Feature","geometry":{"type":"Polygon","coordinates":[[[50.2348497,53.2970091],[50.234807,53.2969808],[50.2348646,53.2969497],[50.2349073,53.296978],[50.2348497,53.2970091]]]},"properties":{"id":"a57c8fa1-c730-4785-874f-eb76f39c4187","source_type":"ml"}},{"type":"Feature","geometry":{"type":"Polygon","coordinates":[[[50.2344944,53.296846],[50.2344378,53.2968082],[50.2345345,53.2967564],[50.2345911,53.2967942],[50.2344944,53.296846]]]},"properties":{"id":"e1bc22e2-63ac-477a-815e-fedd2bb61f98","source_type":"ml"}},{"type":"Feature","geometry":{"type":"Polygon","coordinates":[[[50.2355567,53.2954146],[50.2355809,53.2954347],[50.2355306,53.2954563],[50.2355064,53.2954363],[50.2355567,53.2954146]]]},"properties":{"id":"9f3618cb-0ab3-422f-b4f1-55cf9a40346d","source_type":"ml"}},{"type":"Feature","geometry":{"type":"Polygon","coordinates":[[[50.2430383,53.2957108],[50.2429572,53.2956396],[50.2430498,53.2956019],[50.2431309,53.2956731],[50.2430383,53.2957108]]]},"properties":{"id":"a3a7c25f-37e5-4cfe-8e5b-00bfe4374c79","source_type":"ml"}},{"type":"Feature","geometry":{"type":"Polygon","coordinates":[[[50.2427825,53.2950959],[50.2427083,53.2950325],[50.2428274,53.2949827],[50.2429016,53.2950462],[50.2427825,53.2950959]]]},"properties":{"id":"3ef97054-d15d-4645-9321-7b725b8b152e","source_type":"osm"}},{"type":"Feature","geometry":{"type":"Polygon","coordinates":[[[50.2411567,53.2946872],[50.2410564,53.2946087],[50.2412194,53.2945344],[50.2413197,53.2946129],[50.2411567,53.2946872]]]},"properties":{"id":"c0fad749-25d0-4d18-9b23-d40083a87edb","source_type":"osm"}},{"type":"Feature","geometry":{"type":"Polygon","coordinates":[[[50.2408933,53.2948882],[50.2410649,53.2948145],[50.2411213,53.2948578],[50.2409496,53.2949347],[50.2408933,53.2948882]]]},"properties":{"id":"51067c02-82c4-468d-9e73-a9972abe665e","source_type":"osm"}},{"type":"Feature","geometry":{"type":"Polygon","coordinates":[[[50.2411729,53.2954877],[50.2412295,53.295467],[50.2412589,53.2954957],[50.2412023,53.2955164],[50.2411729,53.2954877]]]},"properties":{"id":"d2335e87-0a77-44df-a65d-26a513296018","source_type":"ml"}},{"type":"Feature","geometry":{"type":"Polygon","coordinates":[[[50.2417115,53.2959905],[50.2416843,53.2959534],[50.2417652,53.2959321],[50.2417924,53.2959692],[50.2417115,53.2959905]]]},"properties":{"id":"777afd95-f5d9-4f3f-9560-eaa3c67644ab","source_type":"ml"}},{"type":"Feature","geometry":{"type":"Polygon","coordinates":[[[50.2428102,53.2961264],[50.2427809,53.296092],[50.242863,53.296067],[50.2428923,53.2961014],[50.2428102,53.2961264]]]},"properties":{"id":"bd61e58d-40ff-4f42-9204-062fb933a0bd","source_type":"ml"}},{"type":"Feature","geometry":{"type":"Polygon","coordinates":[[[50.2432414,53.2960726],[50.2432913,53.2961093],[50.2432233,53.2961422],[50.2431735,53.2961055],[50.2432414,53.2960726]]]},"properties":{"id":"a63198c9-0ce4-448b-bf8b-85057e7fb630","source_type":"ml"}},{"type":"Feature","geometry":{"type":"Polygon","coordinates":[[[50.2430025,53.2961177],[50.2430732,53.2960831],[50.2431757,53.296158],[50.243105,53.2961926],[50.2430025,53.2961177]]]},"properties":{"id":"f955c6f8-3bb0-426f-8c62-2391e2526b7d","source_type":"ml"}},{"type":"Feature","geometry":{"type":"Polygon","coordinates":[[[50.2411324,53.3073655],[50.241131,53.3073441],[50.241194,53.3073426],[50.2411954,53.307364],[50.2411324,53.3073655]]]},"properties":{"id":"4ae84524-e1d6-4838-8a64-a2ac1d472e1e","source_type":"ml"}},{"type":"Feature","geometry":{"type":"Polygon","coordinates":[[[50.2414577,53.3070453],[50.2414645,53.3069724],[50.241534,53.3069747],[50.2415272,53.3070476],[50.2414577,53.3070453]]]},"properties":{"id":"2d23cc14-3288-4daf-a936-6fdc74931ab5","source_type":"ml"}},{"type":"Feature","geometry":{"type":"Polygon","coordinates":[[[50.2437772,53.3061504],[50.2436673,53.3061483],[50.2436701,53.306097],[50.24378,53.3060992],[50.2437772,53.3061504]]]},"properties":{"id":"1417843e-759a-4294-8388-eb42b472c207","source_type":"ml"}},{"type":"Feature","geometry":{"type":"Polygon","coordinates":[[[50.24319,53.3070034],[50.2432795,53.3070057],[50.2432746,53.3070745],[50.2431851,53.3070722],[50.24319,53.3070034]]]},"properties":{"id":"442c51cf-2946-413c-90f8-a976211778df","source_type":"ml"}},{"type":"Feature","geometry":{"type":"Polygon","coordinates":[[[50.2426907,53.3067811],[50.2426876,53.3067605],[50.2427754,53.3067558],[50.2427785,53.3067765],[50.2426907,53.3067811]]]},"properties":{"id":"2f192993-7760-4919-b839-4790eeb15f6c","source_type":"ml"}},{"type":"Feature","geometry":{"type":"Polygon","coordinates":[[[50.2409849,53.3079524],[50.240843,53.307944],[50.2408562,53.3078645],[50.2409981,53.3078729],[50.2409849,53.3079524]]]},"properties":{"id":"368e6ce1-5f3e-46ba-b8db-8869eacdabaa","source_type":"osm"}},{"type":"Feature","geometry":{"type":"Polygon","coordinates":[[[50.2417744,53.3095969],[50.2418121,53.3095785],[50.241855,53.3096099],[50.2418172,53.3096283],[50.2417744,53.3095969]]]},"properties":{"id":"494e8396-1f0f-4adc-b5d4-4d7e8631c122","source_type":"ml"}},{"type":"Feature","geometry":{"type":"Polygon","coordinates":[[[50.2443618,53.308647],[50.2443826,53.3086845],[50.244327,53.3086955],[50.2443414,53.3087215],[50.2442182,53.308746],[50.2441829,53.3086824],[50.2443618,53.308647]]]},"properties":{"id":"f12a893d-cebb-433d-a384-7a8aa1e63e13","source_type":"ml"}},{"type":"Feature","geometry":{"type":"Polygon","coordinates":[[[50.2439794,53.3059507],[50.2438233,53.3059452],[50.2438282,53.3058965],[50.2439843,53.3059021],[50.2439794,53.3059507]]]},"properties":{"id":"afb5546e-7e28-4be2-84a1-47253171d6f4","source_type":"ml"}},{"type":"Feature","geometry":{"type":"Polygon","coordinates":[[[50.2395791,53.3079187],[50.2395816,53.3079972],[50.2395333,53.3079977],[50.2395308,53.3079192],[50.2395791,53.3079187]]]},"properties":{"id":"ad7f7960-2492-4044-bdfe-bd1d639c7f2a","source_type":"ml"}},{"type":"Feature","geometry":{"type":"Polygon","coordinates":[[[50.2406762,53.3071682],[50.2406172,53.3071676],[50.2406183,53.3071308],[50.2406773,53.3071314],[50.2406762,53.3071682]]]},"properties":{"id":"ba18e1f5-4005-4392-b72d-987a4392cc3e","source_type":"ml"}},{"type":"Feature","geometry":{"type":"Polygon","coordinates":[[[50.2362286,53.3077681],[50.2362315,53.3077313],[50.2363145,53.3077336],[50.2363116,53.3077704],[50.2362286,53.3077681]]]},"properties":{"id":"b8d6fdf8-775c-48c7-8686-80ed10f9cbdf","source_type":"ml"}},{"type":"Feature","geometry":{"type":"Polygon","coordinates":[[[50.2370103,53.3057974],[50.2370906,53.3057682],[50.237118,53.3057951],[50.2370377,53.3058243],[50.2370103,53.3057974]]]},"properties":{"id":"df5eaa7a-08ca-4145-8e10-4d0b14aea948","source_type":"ml"}},{"type":"Feature","geometry":{"type":"Polygon","coordinates":[[[50.2354994,53.3059001],[50.2355061,53.305792],[50.2355784,53.3057936],[50.2355718,53.3059017],[50.2354994,53.3059001]]]},"properties":{"id":"ad4a8e4a-f5df-4328-ad46-1a852b1b9a98","source_type":"ml"}},{"type":"Feature","geometry":{"type":"Polygon","coordinates":[[[50.2350717,53.3070392],[50.2350841,53.306976],[50.2351502,53.3069806],[50.2351378,53.3070439],[50.2350717,53.3070392]]]},"properties":{"id":"4d702fc7-e9dd-4f88-97d5-ce590c3106c2","source_type":"ml"}},{"type":"Feature","geometry":{"type":"Polygon","coordinates":[[[50.235442,53.3075858],[50.235445,53.3076354],[50.2353901,53.3076366],[50.2353916,53.3076606],[50.2352952,53.3076627],[50.2352925,53.3076195],[50.235322,53.3076188],[50.2353201,53.3075884],[50.235442,53.3075858]]]},"properties":{"id":"e150a8ff-215b-403d-aca1-882b8bc43ff6","source_type":"ml"}},{"type":"Feature","geometry":{"type":"Polygon","coordinates":[[[50.2330571,53.3064081],[50.2329508,53.3064215],[50.2329073,53.3062986],[50.2330136,53.3062852],[50.2330571,53.3064081]]]},"properties":{"id":"31e7b1fa-7f4f-41a5-924e-2ee7d85c6513","source_type":"osm"}},{"type":"Feature","geometry":{"type":"Polygon","coordinates":[[[50.232884,53.3064833],[50.2327158,53.3064881],[50.2327081,53.3063908],[50.2328762,53.306386],[50.232884,53.3064833]]]},"properties":{"id":"008e4fba-855a-4b0d-beec-cae5f89baf08","source_type":"osm"}},{"type":"Feature","geometry":{"type":"Polygon","coordinates":[[[50.2291132,53.3078749],[50.2290623,53.3078762],[50.2290598,53.3078426],[50.2291106,53.3078413],[50.2291132,53.3078749]]]},"properties":{"id":"943d6110-e7c8-44e9-a8a4-48bdde85b07c","source_type":"ml"}},{"type":"Feature","geometry":{"type":"Polygon","coordinates":[[[50.2289194,53.3077333],[50.2288532,53.3076199],[50.2290541,53.307578],[50.2291203,53.3076914],[50.2289194,53.3077333]]]},"properties":{"id":"b850170b-c44f-48e3-9f60-bd1d721ac53c","source_type":"ml"}},{"type":"Feature","geometry":{"type":"Polygon","coordinates":[[[50.2264363,53.307244],[50.2267816,53.3071816],[50.2268265,53.3072704],[50.2264812,53.3073327],[50.2264363,53.307244]]]},"properties":{"id":"1404e0a2-1818-4290-a04b-e7ecca2ad763","source_type":"ml"}},{"type":"Feature","geometry":{"type":"Polygon","coordinates":[[[50.2227651,53.3030446],[50.2227804,53.3030136],[50.2228372,53.3030236],[50.2228219,53.3030546],[50.2227651,53.3030446]]]},"properties":{"id":"556c1d0c-f02f-419b-a488-d4c7027b6822","source_type":"ml"}},{"type":"Feature","geometry":{"type":"Polygon","coordinates":[[[50.2291077,53.2946104],[50.2291324,53.2946559],[50.2290985,53.2946625],[50.2291111,53.2946857],[50.2290104,53.2947053],[50.2289731,53.2946366],[50.2291077,53.2946104]]]},"properties":{"id":"aca2a4c5-ecbf-4c35-94ec-606d4c67b6d7","source_type":"ml"}},{"type":"Feature","geometry":{"type":"Polygon","coordinates":[[[50.2293204,53.2950828],[50.2293363,53.2951147],[50.2292117,53.2951368],[50.2291959,53.2951049],[50.2293204,53.2950828]]]},"properties":{"id":"bf4b327c-f8cd-4731-84ba-0056bf75df59","source_type":"ml"}},{"type":"Feature","geometry":{"type":"Polygon","coordinates":[[[50.2300876,53.2947404],[50.2301775,53.2947404],[50.2301775,53.2947644],[50.2300876,53.2947644],[50.2300876,53.2947404]]]},"properties":{"id":"7db769a4-db7f-49b5-b087-c4f11a81c3bf","source_type":"ml"}},{"type":"Feature","geometry":{"type":"Polygon","coordinates":[[[50.2317988,53.2971311],[50.2317804,53.2970329],[50.2319208,53.2970235],[50.2319347,53.297098],[50.2318897,53.297101],[50.2318941,53.2971247],[50.2317988,53.2971311]]]},"properties":{"id":"9415f8e5-3f92-4a35-8ef6-9ae6d82f783c","source_type":"ml"}},{"type":"Feature","geometry":{"type":"Polygon","coordinates":[[[50.2327303,53.2964869],[50.232708,53.2964589],[50.2327924,53.2964349],[50.2328147,53.2964629],[50.2327303,53.2964869]]]},"properties":{"id":"532c9986-2782-4827-812b-39c246f87050","source_type":"ml"}},{"type":"Feature","geometry":{"type":"Polygon","coordinates":[[[50.2331929,53.295991],[50.2330097,53.295941],[50.2330482,53.2958906],[50.2331803,53.2959267],[50.2331662,53.2959452],[50.2332172,53.2959592],[50.2331929,53.295991]]]},"properties":{"id":"372a5c58-778c-4cba-b70d-1a748bd5a93b","source_type":"ml"}},{"type":"Feature","geometry":{"type":"Polygon","coordinates":[[[50.2341566,53.2962528],[50.2340891,53.2963006],[50.2339853,53.2962483],[50.2340529,53.2962005],[50.2341566,53.2962528]]]},"properties":{"id":"31771098-b2bc-4be0-9d0f-39a4f822fca4","source_type":"osm"}},{"type":"Feature","geometry":{"type":"Polygon","coordinates":[[[50.2332981,53.2977047],[50.2333559,53.2977589],[50.2333089,53.2977768],[50.2332511,53.2977226],[50.2332981,53.2977047]]]},"properties":{"id":"cc964c35-5b82-45bf-9494-55ce88d0e8d4","source_type":"ml"}},{"type":"Feature","geometry":{"type":"Polygon","coordinates":[[[50.2314447,53.2983613],[50.2314409,53.298286],[50.2315802,53.2982834],[50.2315841,53.2983587],[50.2314447,53.2983613]]]},"properties":{"id":"e998bfac-d3cb-409e-b20c-283f8142a67c","source_type":"ml"}},{"type":"Feature","geometry":{"type":"Polygon","coordinates":[[[50.2320656,53.2983437],[50.232114,53.2983679],[50.2320586,53.2984076],[50.2320102,53.2983834],[50.2320656,53.2983437]]]},"properties":{"id":"d5226326-ab71-47d7-a302-c90e6d6078e5","source_type":"ml"}},{"type":"Feature","geometry":{"type":"Polygon","coordinates":[[[50.2319248,53.2989399],[50.2318382,53.2988902],[50.2319534,53.2988184],[50.2320127,53.2988523],[50.2319904,53.2988662],[50.2320542,53.2989027],[50.2319853,53.2989457],[50.2320068,53.298958],[50.231905,53.2990215],[50.2318471,53.2989883],[50.2319248,53.2989399]]]},"properties":{"id":"77beeeb6-8235-4ee0-8240-1f3197406b73","source_type":"ml"}},{"type":"Feature","geometry":{"type":"Polygon","coordinates":[[[50.2307003,53.2985688],[50.2307992,53.2985656],[50.2308031,53.2986087],[50.2307042,53.2986119],[50.2307003,53.2985688]]]},"properties":{"id":"9879ccaa-d50f-4870-8c18-b4c5788d4c78","source_type":"ml"}},{"type":"Feature","geometry":{"type":"Polygon","coordinates":[[[50.2305074,53.2988987],[50.2305107,53.2988453],[50.2305466,53.2988461],[50.2305433,53.2988995],[50.2305074,53.2988987]]]},"properties":{"id":"a04097d4-9b32-4bb7-b2e8-faf2816f3abc","source_type":"ml"}},{"type":"Feature","geometry":{"type":"Polygon","coordinates":[[[50.2305563,53.2987672],[50.2305599,53.2988274],[50.2305144,53.2988284],[50.2305108,53.2987682],[50.2305563,53.2987672]]]},"properties":{"id":"e6805cb7-4269-4a91-9522-22cb3d505d70","source_type":"ml"}},{"type":"Feature","geometry":{"type":"Polygon","coordinates":[[[50.2301719,53.2988275],[50.2302939,53.298824],[50.2302981,53.2988768],[50.2301761,53.2988803],[50.2301719,53.2988275]]]},"properties":{"id":"c80bc985-abe4-45b3-b73c-ac503b7a2f32","source_type":"ml"}},{"type":"Feature","geometry":{"type":"Polygon","coordinates":[[[50.2298042,53.2992431],[50.2298062,53.2992015],[50.2298785,53.2992027],[50.2298759,53.2992588],[50.2298437,53.2992582],[50.2298444,53.2992438],[50.2298042,53.2992431]]]},"properties":{"id":"31eb6011-f7b4-46b7-afd6-a403b6918888","source_type":"ml"}},{"type":"Feature","geometry":{"type":"Polygon","coordinates":[[[50.2301976,53.2990203],[50.2302993,53.299023],[50.2302957,53.2990704],[50.230194,53.2990677],[50.2301976,53.2990203]]]},"properties":{"id":"8db7bf95-5896-4ccc-b0ef-8fe272541a05","source_type":"ml"}},{"type":"Feature","geometry":{"type":"Polygon","coordinates":[[[50.2304864,53.3009804],[50.2305608,53.300976],[50.2305711,53.3010379],[50.2304556,53.3010448],[50.2304425,53.3009664],[50.2304837,53.3009639],[50.2304864,53.3009804]]]},"properties":{"id":"e6ce2b30-dbcc-442a-9a8b-d5fd3156018c","source_type":"ml"}},{"type":"Feature","geometry":{"type":"Polygon","coordinates":[[[50.229983,53.3017543],[50.2300393,53.3017533],[50.2300408,53.3017837],[50.2299846,53.3017847],[50.229983,53.3017543]]]},"properties":{"id":"f7ca5252-4f66-4334-a57b-9f43fe5f562d","source_type":"ml"}},{"type":"Feature","geometry":{"type":"Polygon","coordinates":[[[50.2290285,53.3018675],[50.2291249,53.301865],[50.2291268,53.3018906],[50.2290304,53.3018931],[50.2290285,53.3018675]]]},"properties":{"id":"958ee0df-6eac-47f9-a6ff-67d29bb95c0f","source_type":"ml"}},{"type":"Feature","geometry":{"type":"Polygon","coordinates":[[[50.2284228,53.3024898],[50.2283652,53.302474],[50.2283877,53.3024449],[50.2284452,53.3024607],[50.2284228,53.3024898]]]},"properties":{"id":"a6043374-eb48-48fb-aeb5-76b62151f7f7","source_type":"ml"}},{"type":"Feature","geometry":{"type":"Polygon","coordinates":[[[50.2284796,53.3044383],[50.2284045,53.304439],[50.2284042,53.3044262],[50.2283157,53.3044271],[50.2283148,53.3043973],[50.2283926,53.3043965],[50.228392,53.3043734],[50.2284778,53.3043726],[50.2284796,53.3044383]]]},"properties":{"id":"aaa6bcf0-2b21-471d-9314-4c21010bd5c6","source_type":"ml"}},{"type":"Feature","geometry":{"type":"Polygon","coordinates":[[[50.229049,53.3053164],[50.2290511,53.3052603],[50.2291503,53.3052616],[50.2291482,53.3053177],[50.229049,53.3053164]]]},"properties":{"id":"5047af06-f2cc-4921-a2dd-64eade4b8c0c","source_type":"ml"}},{"type":"Feature","geometry":{"type":"Polygon","coordinates":[[[50.2293508,53.3052028],[50.2293481,53.3051484],[50.2294375,53.3051468],[50.2294403,53.3052012],[50.2293508,53.3052028]]]},"properties":{"id":"7fc5f366-4740-4c49-90a3-e15e37d66751","source_type":"ml"}},{"type":"Feature","geometry":{"type":"Polygon","coordinates":[[[50.2295913,53.3043548],[50.2295883,53.3044397],[50.229464,53.3044381],[50.229467,53.3043532],[50.2295913,53.3043548]]]},"properties":{"id":"34cbafb0-15e2-47ff-ae0a-7bbe3679ac4c","source_type":"ml"}},{"type":"Feature","geometry":{"type":"Polygon","coordinates":[[[50.2302279,53.3053148],[50.2302273,53.3052892],[50.2302836,53.3052887],[50.2302842,53.3053144],[50.2302279,53.3053148]]]},"properties":{"id":"f4227faa-944a-4cf2-8a91-d66939a94a19","source_type":"ml"}},{"type":"Feature","geometry":{"type":"Polygon","coordinates":[[[50.2304778,53.3029926],[50.230687,53.3029921],[50.2306873,53.303037],[50.2306578,53.303037],[50.2306584,53.3031332],[50.2304519,53.3031337],[50.2304513,53.3030391],[50.2304781,53.303039],[50.2304778,53.3029926]]]},"properties":{"id":"8ce40c2a-7a70-4aa3-b67b-1e4e55e1fd46","source_type":"ml"}},{"type":"Feature","geometry":{"type":"Polygon","coordinates":[[[50.2328981,53.302886],[50.2329002,53.3028443],[50.2330261,53.3028466],[50.233024,53.3028883],[50.2328981,53.302886]]]},"properties":{"id":"b5e56970-ef96-49ef-8f94-3040fcea5e05","source_type":"ml"}},{"type":"Feature","geometry":{"type":"Polygon","coordinates":[[[50.2320295,53.3042549],[50.2320303,53.304194],[50.2321376,53.3041945],[50.2321374,53.3042089],[50.2322876,53.3042096],[50.2322867,53.3042833],[50.232351,53.3042836],[50.2323502,53.3043461],[50.2321008,53.3043449],[50.232102,53.3042552],[50.2320295,53.3042549]]]},"properties":{"id":"6b61c19e-6e63-4dbc-8eef-56fbaa9deb92","source_type":"ml"}},{"type":"Feature","geometry":{"type":"Polygon","coordinates":[[[50.2335877,53.3046467],[50.2335394,53.3047104],[50.2334704,53.3046917],[50.2334615,53.3047035],[50.2333342,53.3046691],[50.2333914,53.3045936],[50.2335877,53.3046467]]]},"properties":{"id":"16f2e71e-a0b0-4cb5-baf2-22bc2857cc15","source_type":"my"}},{"type":"Feature","geometry":{"type":"Polygon","coordinates":[[[50.2339164,53.3045204],[50.2340145,53.3045334],[50.2339901,53.304599],[50.2338921,53.3045861],[50.2339164,53.3045204]]]},"properties":{"id":"342b20a5-ae2f-4923-bbea-786fe3ac242c","source_type":"ml"}},{"type":"Feature","geometry":{"type":"Polygon","coordinates":[[[50.2342237,53.3040403],[50.2342231,53.3040659],[50.234148,53.3040652],[50.2341486,53.3040396],[50.2342237,53.3040403]]]},"properties":{"id":"7a3d51be-d996-4e24-aece-8fdc344d7250","source_type":"ml"}},{"type":"Feature","geometry":{"type":"Polygon","coordinates":[[[50.2338562,53.3032715],[50.2339246,53.3032773],[50.2339047,53.3033621],[50.2338363,53.3033564],[50.2338562,53.3032715]]]},"properties":{"id":"d03e7f89-3b26-4997-8bb6-ada84e4e22cb","source_type":"ml"}},{"type":"Feature","geometry":{"type":"Polygon","coordinates":[[[50.232992,53.3038985],[50.2329589,53.3038586],[50.233061,53.3038284],[50.233094,53.3038683],[50.232992,53.3038985]]]},"properties":{"id":"00883ad4-dde4-4693-8138-b5b0cadacd1d","source_type":"ml"}},{"type":"Feature","geometry":{"type":"Polygon","coordinates":[[[50.2336812,53.3028687],[50.2335775,53.3028569],[50.2335996,53.3027877],[50.2337033,53.3027996],[50.2336812,53.3028687]]]},"properties":{"id":"0020e705-c55d-41ad-b4bc-7363273044c2","source_type":"osm"}},{"type":"Feature","geometry":{"type":"Polygon","coordinates":[[[50.233678,53.3021069],[50.2339246,53.3021104],[50.2339216,53.3021857],[50.233675,53.3021822],[50.233678,53.3021069]]]},"properties":{"id":"ec79f8f5-6371-4914-a34d-0337ace9f02d","source_type":"ml"}},{"type":"Feature","geometry":{"type":"Polygon","coordinates":[[[50.2335884,53.3014164],[50.2336099,53.3015667],[50.2335061,53.301572],[50.233495,53.3014949],[50.2334231,53.3014986],[50.2334162,53.30145],[50.2334947,53.301446],[50.2334912,53.3014214],[50.2335884,53.3014164]]]},"properties":{"id":"cca53d53-be7a-46b6-8332-769e72492039","source_type":"ml"}},{"type":"Feature","geometry":{"type":"Polygon","coordinates":[[[50.2337825,53.30178],[50.2337837,53.3018024],[50.2336082,53.3018057],[50.2336071,53.3017833],[50.2337825,53.30178]]]},"properties":{"id":"40cca59b-40f8-4821-88b7-7814f64f6f62","source_type":"ml"}},{"type":"Feature","geometry":{"type":"Polygon","coordinates":[[[50.2325135,53.3024096],[50.2325098,53.3023873],[50.2326305,53.3023801],[50.2326342,53.3024023],[50.2325135,53.3024096]]]},"properties":{"id":"58b33ea0-dc64-4103-91d9-e8a2f0567888","source_type":"ml"}},{"type":"Feature","geometry":{"type":"Polygon","coordinates":[[[50.2314893,53.3018021],[50.231492,53.3018501],[50.2313795,53.3018523],[50.2313768,53.3018043],[50.2314893,53.3018021]]]},"properties":{"id":"9fa8c0f8-90e0-40d6-b7a2-4a0c4199ac8c","source_type":"ml"}},{"type":"Feature","geometry":{"type":"Polygon","coordinates":[[[50.2325436,53.3010639],[50.2325504,53.3011181],[50.2324878,53.3011209],[50.232481,53.3010667],[50.2325436,53.3010639]]]},"properties":{"id":"ff68853e-9bbf-4d3a-96ef-f8f3c465b2fa","source_type":"ml"}},{"type":"Feature","geometry":{"type":"Polygon","coordinates":[[[50.2327155,53.3009457],[50.2328181,53.300923],[50.2328365,53.3009526],[50.2327339,53.3009753],[50.2327155,53.3009457]]]},"properties":{"id":"f00cefcf-66d6-452d-ae08-e82b34db367a","source_type":"ml"}},{"type":"Feature","geometry":{"type":"Polygon","coordinates":[[[50.2320384,53.3001923],[50.2319951,53.3001161],[50.2320851,53.3000978],[50.2321284,53.300174],[50.2320384,53.3001923]]]},"properties":{"id":"ff3d1996-00e7-4b32-9365-4cd9dc7af7ed","source_type":"ml"}},{"type":"Feature","geometry":{"type":"Polygon","coordinates":[[[50.232028,53.2992434],[50.2319306,53.2991809],[50.2320119,53.2991356],[50.2321093,53.2991981],[50.232028,53.2992434]]]},"properties":{"id":"78a10c86-19e5-4fdb-81b2-4af829916628","source_type":"osm"}},{"type":"Feature","geometry":{"type":"Polygon","coordinates":[[[50.2347274,53.3044151],[50.2347674,53.3043701],[50.2348072,53.3043827],[50.2347672,53.3044277],[50.2347274,53.3044151]]]},"properties":{"id":"35c74044-164b-44ef-816f-6640eefad9dd","source_type":"ml"}},{"type":"Feature","geometry":{"type":"Polygon","coordinates":[[[50.2347485,53.3045648],[50.2347988,53.3045785],[50.2347625,53.3046263],[50.2347121,53.3046126],[50.2347485,53.3045648]]]},"properties":{"id":"fbf870c1-ca01-4044-b391-a6953e0a18a2","source_type":"ml"}},{"type":"Feature","geometry":{"type":"Polygon","coordinates":[[[50.2349898,53.3055486],[50.2350249,53.3055],[50.2351403,53.3055297],[50.2351568,53.3055067],[50.235245,53.3055294],[50.2352285,53.3055524],[50.2352827,53.3055664],[50.2352476,53.3056151],[50.2349898,53.3055486]]]},"properties":{"id":"655da195-83be-4708-800c-ce17ef2ade6f","source_type":"ml"}},{"type":"Feature","geometry":{"type":"Polygon","coordinates":[[[50.2353279,53.3055329],[50.2352642,53.3055211],[50.2353058,53.3054406],[50.2353695,53.3054524],[50.2353279,53.3055329]]]},"properties":{"id":"b9458ac4-a17c-41b3-9ddd-6cde937680ba","source_type":"ml"}},{"type":"Feature","geometry":{"type":"Polygon","coordinates":[[[50.2353923,53.3055782],[50.2354124,53.3055333],[50.2354714,53.3055428],[50.2354513,53.3055876],[50.2353923,53.3055782]]]},"properties":{"id":"20853249-f36a-40e6-a0b1-f499afcfb84e","source_type":"ml"}},{"type":"Feature","geometry":{"type":"Polygon","coordinates":[[[50.2365199,53.304291],[50.2366728,53.3042927],[50.2366703,53.3043783],[50.2365372,53.3043769],[50.2365387,53.304324],[50.236519,53.3043238],[50.2365199,53.304291]]]},"properties":{"id":"a1b46266-7435-4433-87a2-30ad217d399c","source_type":"ml"}},{"type":"Feature","geometry":{"type":"Polygon","coordinates":[[[50.2368715,53.3056339],[50.2368291,53.3055193],[50.2370004,53.3054967],[50.2370428,53.3056113],[50.2368715,53.3056339]]]},"properties":{"id":"a9034ef9-f7e5-42b6-a76f-0997bbcfeff9","source_type":"ml"}},{"type":"Feature","geometry":{"type":"Polygon","coordinates":[[[50.2377232,53.305727],[50.2377682,53.3057071],[50.2378093,53.3057401],[50.2377643,53.3057601],[50.2377232,53.305727]]]},"properties":{"id":"012b013c-e11e-41f6-b71a-72ad3f4071a1","source_type":"ml"}},{"type":"Feature","geometry":{"type":"Polygon","coordinates":[[[50.2398256,53.2963293],[50.2398561,53.2963823],[50.2398071,53.2963924],[50.2397766,53.2963393],[50.2398256,53.2963293]]]},"properties":{"id":"851fdcdf-f292-4b7f-bbcc-d462bb424c92","source_type":"ml"}},{"type":"Feature","geometry":{"type":"Polygon","coordinates":[[[50.2382866,53.2964401],[50.2383373,53.2964235],[50.238373,53.2964625],[50.2383223,53.2964791],[50.2382866,53.2964401]]]},"properties":{"id":"5b6ebbc9-4b34-41ce-85ab-b6fb00516e8e","source_type":"ml"}},{"type":"Feature","geometry":{"type":"Polygon","coordinates":[[[50.2345467,53.2981578],[50.2345106,53.2981292],[50.2345549,53.2981092],[50.2345911,53.2981377],[50.2345467,53.2981578]]]},"properties":{"id":"ccb61cb1-d88d-4e8f-b23d-51e7b654bbc5","source_type":"ml"}},{"type":"Feature","geometry":{"type":"Polygon","coordinates":[[[50.2353471,53.2977918],[50.235378,53.2978106],[50.2353111,53.2978499],[50.2352803,53.2978311],[50.2353471,53.2977918]]]},"properties":{"id":"01d3daef-cb1d-43c0-af7d-ca1068fec9f0","source_type":"ml"}},{"type":"Feature","geometry":{"type":"Polygon","coordinates":[[[50.2356832,53.2971874],[50.2357104,53.2971662],[50.2357678,53.2971925],[50.2357406,53.2972137],[50.2356832,53.2971874]]]},"properties":{"id":"a03074a8-87d5-45e6-b0f7-a55e465b99c2","source_type":"ml"}},{"type":"Feature","geometry":{"type":"Polygon","coordinates":[[[50.2353229,53.2958601],[50.2352843,53.2958184],[50.2353686,53.2957905],[50.2354072,53.2958323],[50.2353229,53.2958601]]]},"properties":{"id":"58f29e81-7fcd-4ade-89b2-26c0f908c385","source_type":"ml"}},{"type":"Feature","geometry":{"type":"Polygon","coordinates":[[[50.235882,53.2961059],[50.2358348,53.2960599],[50.2359109,53.2960321],[50.2359581,53.2960781],[50.235882,53.2961059]]]},"properties":{"id":"79964acb-a8ab-4da9-8b34-8e296c95bf3b","source_type":"ml"}},{"type":"Feature","geometry":{"type":"Polygon","coordinates":[[[50.236108,53.2957729],[50.2361852,53.2958251],[50.2361054,53.2958673],[50.2360282,53.2958151],[50.236108,53.2957729]]]},"properties":{"id":"b1796b53-be3b-4593-b9bd-db46efc16dc0","source_type":"ml"}},{"type":"Feature","geometry":{"type":"Polygon","coordinates":[[[50.2374833,53.2968184],[50.2375854,53.2967964],[50.2376128,53.2968417],[50.2375107,53.2968638],[50.2374833,53.2968184]]]},"properties":{"id":"7371ca8b-36ac-4c37-839d-1134d072ae0e","source_type":"ml"}},{"type":"Feature","geometry":{"type":"Polygon","coordinates":[[[50.2396103,53.2956574],[50.2396616,53.295637],[50.2397155,53.2956855],[50.2396643,53.2957059],[50.2396103,53.2956574]]]},"properties":{"id":"9113c8ee-bd8a-4554-b774-c70c12c8debd","source_type":"ml"}},{"type":"Feature","geometry":{"type":"Polygon","coordinates":[[[50.2411119,53.2948058],[50.2411485,53.2947867],[50.2411803,53.2948086],[50.2411438,53.2948277],[50.2411119,53.2948058]]]},"properties":{"id":"caa1d465-d7e3-4754-b2b0-66dd8ff48390","source_type":"ml"}},{"type":"Feature","geometry":{"type":"Polygon","coordinates":[[[50.2408748,53.2954632],[50.2408304,53.2954852],[50.240779,53.2954482],[50.2408298,53.295423],[50.2407533,53.295368],[50.2408899,53.2953002],[50.2410731,53.2954321],[50.2409302,53.295503],[50.2408748,53.2954632]]]},"properties":{"id":"1d06f2d8-0480-4073-b01d-41fac00a9899","source_type":"ml"}},{"type":"Feature","geometry":{"type":"Polygon","coordinates":[[[50.2407453,53.2959496],[50.2406919,53.2959144],[50.2407544,53.2958805],[50.2408078,53.2959156],[50.2407453,53.2959496]]]},"properties":{"id":"4464a66d-6139-4f59-adbe-94106390d18c","source_type":"ml"}},{"type":"Feature","geometry":{"type":"Polygon","coordinates":[[[50.2437801,53.298857],[50.2438657,53.2988108],[50.2440152,53.2989096],[50.2439295,53.2989559],[50.2437801,53.298857]]]},"properties":{"id":"e2936c46-06ad-4884-81f6-edb972074d93","source_type":"ml"}},{"type":"Feature","geometry":{"type":"Polygon","coordinates":[[[50.2442976,53.2988457],[50.2442599,53.2988169],[50.2443496,53.2987749],[50.2443874,53.2988037],[50.2442976,53.2988457]]]},"properties":{"id":"50cc0aa9-532c-4cb7-b2e5-c327741e7457","source_type":"ml"}},{"type":"Feature","geometry":{"type":"Polygon","coordinates":[[[50.2443513,53.3042418],[50.2443747,53.3041801],[50.2444563,53.3041911],[50.244433,53.3042528],[50.2443513,53.3042418]]]},"properties":{"id":"3bc81e92-2dd0-4140-a1d6-5368f95684dd","source_type":"ml"}},{"type":"Feature","geometry":{"type":"Polygon","coordinates":[[[50.2417925,53.3070015],[50.2418047,53.3069399],[50.241892,53.3069461],[50.2418798,53.3070077],[50.2417925,53.3070015]]]},"properties":{"id":"65a3abe7-d633-433e-9879-86ae5ef80cd2","source_type":"ml"}},{"type":"Feature","geometry":{"type":"Polygon","coordinates":[[[50.2434191,53.3066858],[50.2434175,53.306705],[50.2433372,53.3067026],[50.2433388,53.3066834],[50.2434191,53.3066858]]]},"properties":{"id":"b1dd8955-8be7-4a0e-98c6-5dcb80fb814d","source_type":"ml"}},{"type":"Feature","geometry":{"type":"Polygon","coordinates":[[[50.2424125,53.3067804],[50.2424153,53.3067356],[50.2424983,53.3067374],[50.2424955,53.3067823],[50.2424125,53.3067804]]]},"properties":{"id":"b257c6d3-98bc-42c1-ad40-3f7ccd13600f","source_type":"ml"}},{"type":"Feature","geometry":{"type":"Polygon","coordinates":[[[50.2426785,53.3077591],[50.2426827,53.3076877],[50.2427858,53.3076899],[50.2427816,53.3077613],[50.2426785,53.3077591]]]},"properties":{"id":"e750d550-b5d7-4034-b861-67706fbe40b5","source_type":"ml"}},{"type":"Feature","geometry":{"type":"Polygon","coordinates":[[[50.243465,53.3077778],[50.2435285,53.3077582],[50.243558,53.3077924],[50.2434946,53.307812],[50.243465,53.3077778]]]},"properties":{"id":"12ce67a4-0dca-468e-9e78-4d90a35e8ddb","source_type":"ml"}},{"type":"Feature","geometry":{"type":"Polygon","coordinates":[[[50.2431019,53.3080193],[50.2431922,53.3079909],[50.2432215,53.3080242],[50.2431312,53.3080526],[50.2431019,53.3080193]]]},"properties":{"id":"c04363d3-2cc6-4665-a1f7-d0ccfc7886c0","source_type":"ml"}},{"type":"Feature","geometry":{"type":"Polygon","coordinates":[[[50.2436799,53.3086062],[50.24369,53.3085753],[50.2437416,53.3085814],[50.2437316,53.3086122],[50.2436799,53.3086062]]]},"properties":{"id":"c6640c2a-383c-4c26-89ce-2f32232818bf","source_type":"ml"}},{"type":"Feature","geometry":{"type":"Polygon","coordinates":[[[50.2412969,53.3077689],[50.2413344,53.3077684],[50.2413358,53.3078058],[50.2412983,53.3078063],[50.2412969,53.3077689]]]},"properties":{"id":"4038e81e-d393-4d66-be01-2f24f8cb64c6","source_type":"ml"}},{"type":"Feature","geometry":{"type":"Polygon","coordinates":[[[50.2441874,53.3086973],[50.2442075,53.3087489],[50.2441325,53.3087594],[50.2441124,53.3087077],[50.2441874,53.3086973]]]},"properties":{"id":"4da43d77-b56e-481b-ad9c-f96337a189f1","source_type":"ml"}},{"type":"Feature","geometry":{"type":"Polygon","coordinates":[[[50.2440696,53.3086248],[50.2440509,53.308562],[50.2441224,53.3085544],[50.2441412,53.3086172],[50.2440696,53.3086248]]]},"properties":{"id":"310b2589-fdb0-4738-8167-7089dc58bd26","source_type":"ml"}},{"type":"Feature","geometry":{"type":"Polygon","coordinates":[[[50.2443689,53.307574],[50.2442965,53.3075724],[50.2443018,53.307486],[50.2443741,53.3074875],[50.2443689,53.307574]]]},"properties":{"id":"e2245d01-1af5-485e-9d9e-85dce10fd2fe","source_type":"ml"}},{"type":"Feature","geometry":{"type":"Polygon","coordinates":[[[50.2442615,53.3073517],[50.2441758,53.3073501],[50.244177,53.3073254],[50.2442628,53.3073269],[50.2442615,53.3073517]]]},"properties":{"id":"c6460fb4-69dd-4224-a28f-87d81a82d54b","source_type":"ml"}},{"type":"Feature","geometry":{"type":"Polygon","coordinates":[[[50.2402398,53.3072377],[50.2402461,53.3071732],[50.2403436,53.3071766],[50.2403373,53.3072411],[50.2402398,53.3072377]]]},"properties":{"id":"41c374da-7a2e-44f0-baac-2ae385c76754","source_type":"ml"}},{"type":"Feature","geometry":{"type":"Polygon","coordinates":[[[50.238268,53.3057949],[50.238249,53.3057388],[50.2383444,53.3057273],[50.2383633,53.3057834],[50.238268,53.3057949]]]},"properties":{"id":"c9678f8b-e638-41a7-bbd1-7a8cc56c1fb1","source_type":"ml"}},{"type":"Feature","geometry":{"type":"Polygon","coordinates":[[[50.2361334,53.3076881],[50.2360343,53.3076856],[50.2360364,53.3076552],[50.2361355,53.3076577],[50.2361334,53.3076881]]]},"properties":{"id":"e42571bf-4c8f-4260-95ce-b73cf1ee6141","source_type":"ml"}},{"type":"Feature","geometry":{"type":"Polygon","coordinates":[[[50.2353661,53.3073658],[50.2353139,53.3073649],[50.2353189,53.3072608],[50.235422,53.3072625],[50.2354202,53.3073002],[50.2353693,53.3072993],[50.2353661,53.3073658]]]},"properties":{"id":"fec3bbdd-0f70-4b94-8a98-589092f33237","source_type":"ml"}},{"type":"Feature","geometry":{"type":"Polygon","coordinates":[[[50.2353404,53.3075327],[50.235291,53.307531],[50.2352969,53.3074703],[50.2353463,53.307472],[50.2353404,53.3075327]]]},"properties":{"id":"51ea0000-eae0-4f50-ab01-a35cc277e85e","source_type":"ml"}},{"type":"Feature","geometry":{"type":"Polygon","coordinates":[[[50.2354327,53.3079265],[50.2355589,53.3079093],[50.2355737,53.3079481],[50.2354476,53.3079654],[50.2354327,53.3079265]]]},"properties":{"id":"cef3e092-8f76-441b-8ecb-e3ff261b0a5c","source_type":"ml"}},{"type":"Feature","geometry":{"type":"Polygon","coordinates":[[[50.2324385,53.3069634],[50.2324142,53.3068129],[50.2329527,53.3067819],[50.232977,53.3069324],[50.2324385,53.3069634]]]},"properties":{"id":"ea1e9097-b1f3-40de-aeae-aba879577166","source_type":"osm"}},{"type":"Feature","geometry":{"type":"Polygon","coordinates":[[[50.230358,53.3144858],[50.2303921,53.3144889],[50.230379,53.3145412],[50.2303449,53.3145381],[50.230358,53.3144858]]]},"properties":{"id":"27a8acf4-d0bc-4378-9b61-9a0e02afe87e","source_type":"ml"}},{"type":"Feature","geometry":{"type":"Polygon","coordinates":[[[50.2237581,53.3062842],[50.2235228,53.3063216],[50.2234778,53.3062209],[50.2237132,53.3061834],[50.2237581,53.3062842]]]},"properties":{"id":"8179b03d-0017-4cf1-95df-26df8f2a1352","source_type":"osm"}},{"type":"Feature","geometry":{"type":"Polygon","coordinates":[[[50.2295427,53.2938187],[50.2295317,53.293778],[50.2296624,53.2937654],[50.2296733,53.293806],[50.2295427,53.2938187]]]},"properties":{"id":"870c79f7-3679-43e0-8b6c-b479307239ca","source_type":"ml"}},{"type":"Feature","geometry":{"type":"Polygon","coordinates":[[[50.2288776,53.2937425],[50.2288696,53.2937073],[50.2289709,53.2936991],[50.2289789,53.2937343],[50.2288776,53.2937425]]]},"properties":{"id":"246b805c-c6c0-4e28-9910-554476f4a372","source_type":"ml"}},{"type":"Feature","geometry":{"type":"Polygon","coordinates":[[[50.2287473,53.2942673],[50.2288398,53.2942541],[50.228857,53.2942971],[50.2287644,53.2943103],[50.2287473,53.2942673]]]},"properties":{"id":"8243c079-ca75-4c77-b158-162b227db5b3","source_type":"ml"}},{"type":"Feature","geometry":{"type":"Polygon","coordinates":[[[50.2295304,53.2943659],[50.2295825,53.2944488],[50.2295426,53.2944578],[50.2294905,53.2943749],[50.2295304,53.2943659]]]},"properties":{"id":"82973232-fa61-45fb-934e-90e1b0cfe4e8","source_type":"ml"}},{"type":"Feature","geometry":{"type":"Polygon","coordinates":[[[50.2318261,53.2964676],[50.2320003,53.2964708],[50.2319945,53.2965813],[50.2318203,53.2965781],[50.2318261,53.2964676]]]},"properties":{"id":"96e5d7f4-b431-40ad-b0ed-77dfd716d078","source_type":"ml"}},{"type":"Feature","geometry":{"type":"Polygon","coordinates":[[[50.2342959,53.2960498],[50.2342963,53.296037],[50.2342722,53.2960367],[50.2342736,53.2959951],[50.2343674,53.2959962],[50.2343656,53.2960507],[50.2342959,53.2960498]]]},"properties":{"id":"312ed012-0fc2-47f8-877d-5e9f88525a1f","source_type":"ml"}},{"type":"Feature","geometry":{"type":"Polygon","coordinates":[[[50.2342555,53.296771],[50.2341769,53.2967325],[50.2342308,53.2966932],[50.2343094,53.2967317],[50.2342555,53.296771]]]},"properties":{"id":"47a27c49-560b-4137-b659-8d9b85ddf0ca","source_type":"ml"}},{"type":"Feature","geometry":{"type":"Polygon","coordinates":[[[50.2344643,53.2966858],[50.2345392,53.2967376],[50.2344564,53.2967805],[50.2343814,53.2967286],[50.2344643,53.2966858]]]},"properties":{"id":"5ac8a398-3b95-4217-8d0d-a12f8d432c72","source_type":"ml"}},{"type":"Feature","geometry":{"type":"Polygon","coordinates":[[[50.233348,53.2966813],[50.2334618,53.2967256],[50.2334495,53.2967368],[50.2334996,53.2967563],[50.2334376,53.2968131],[50.2332739,53.2967493],[50.233348,53.2966813]]]},"properties":{"id":"fb4a92ad-c015-4600-b9dd-28477fce6671","source_type":"ml"}},{"type":"Feature","geometry":{"type":"Polygon","coordinates":[[[50.2343387,53.2977318],[50.2344173,53.2976882],[50.2344882,53.2977337],[50.2344096,53.2977774],[50.2343387,53.2977318]]]},"properties":{"id":"0ab3dfd6-d6b1-422c-9227-d7957e497a22","source_type":"ml"}},{"type":"Feature","geometry":{"type":"Polygon","coordinates":[[[50.2344016,53.2983437],[50.234344,53.2983242],[50.2343866,53.2982793],[50.2344442,53.2982988],[50.2344016,53.2983437]]]},"properties":{"id":"e3611c92-a84c-4ea1-95bb-7cdae0a06c2b","source_type":"ml"}},{"type":"Feature","geometry":{"type":"Polygon","coordinates":[[[50.2329398,53.2983461],[50.2328942,53.2982995],[50.2330029,53.2982615],[50.2330286,53.2982878],[50.2329986,53.2982983],[50.2330185,53.2983186],[50.2329398,53.2983461]]]},"properties":{"id":"a7f28b8c-d0b5-4b96-a6ef-ed725546acd1","source_type":"ml"}},{"type":"Feature","geometry":{"type":"Polygon","coordinates":[[[50.2323189,53.2974921],[50.2323761,53.2974903],[50.2323787,53.2975207],[50.2323215,53.2975225],[50.2323189,53.2974921]]]},"properties":{"id":"d3ae65a7-7311-48e4-844a-86ad81ffcff6","source_type":"ml"}},{"type":"Feature","geometry":{"type":"Polygon","coordinates":[[[50.2314511,53.2987814],[50.2314959,53.2988334],[50.2314471,53.2988484],[50.2314023,53.2987964],[50.2314511,53.2987814]]]},"properties":{"id":"96b62a13-596f-4a46-b8ea-8700178f944a","source_type":"ml"}},{"type":"Feature","geometry":{"type":"Polygon","coordinates":[[[50.2311244,53.297679],[50.2311094,53.2975427],[50.2313733,53.2975323],[50.2313884,53.2976704],[50.2313336,53.2976726],[50.2313366,53.2976998],[50.2312689,53.2977025],[50.2312657,53.2976735],[50.2311244,53.297679]]]},"properties":{"id":"eef959fd-b175-4275-93a0-93f4accdce7f","source_type":"osm"}},{"type":"Feature","geometry":{"type":"Polygon","coordinates":[[[50.231107,53.2962451],[50.2310514,53.2961882],[50.2311654,53.2961484],[50.231221,53.2962053],[50.231107,53.2962451]]]},"properties":{"id":"32b1ef0d-8f42-4618-aa36-987d0cab3227","source_type":"ml"}},{"type":"Feature","geometry":{"type":"Polygon","coordinates":[[[50.2306952,53.2961844],[50.2307568,53.296171],[50.230783,53.296214],[50.2307214,53.2962274],[50.2306952,53.2961844]]]},"properties":{"id":"f9ab925b-4eb9-4932-be7c-19c573e5b59b","source_type":"ml"}},{"type":"Feature","geometry":{"type":"Polygon","coordinates":[[[50.229269,53.2982367],[50.229285,53.2983125],[50.2292375,53.2983161],[50.2292215,53.2982403],[50.229269,53.2982367]]]},"properties":{"id":"4c9c514a-3863-49c6-be6a-7e50b25fba48","source_type":"ml"}},{"type":"Feature","geometry":{"type":"Polygon","coordinates":[[[50.2294906,53.3001813],[50.2294933,53.3001252],[50.2296889,53.3001285],[50.2296863,53.3001846],[50.2294906,53.3001813]]]},"properties":{"id":"2dc588f5-ca2c-4027-8f74-3df3dbc95c62","source_type":"ml"}},{"type":"Feature","geometry":{"type":"Polygon","coordinates":[[[50.2297503,53.2992946],[50.2297524,53.299332],[50.229687,53.2993333],[50.2296849,53.2992959],[50.2297503,53.2992946]]]},"properties":{"id":"deb1170d-12da-4f78-a959-afae24717355","source_type":"ml"}},{"type":"Feature","geometry":{"type":"Polygon","coordinates":[[[50.2305222,53.2998427],[50.2306091,53.2998405],[50.2306125,53.2998885],[50.2305257,53.2998907],[50.2305222,53.2998427]]]},"properties":{"id":"2526821a-decd-450e-b160-9a2cd760b631","source_type":"ml"}},{"type":"Feature","geometry":{"type":"Polygon","coordinates":[[[50.230753,53.2993643],[50.2307477,53.2992826],[50.2308682,53.2992798],[50.2308735,53.2993615],[50.230753,53.2993643]]]},"properties":{"id":"c459a26b-be70-41d3-a7d4-620fd87080a9","source_type":"ml"}},{"type":"Feature","geometry":{"type":"Polygon","coordinates":[[[50.2307616,53.2998828],[50.2307592,53.2998277],[50.2308009,53.299827],[50.2308034,53.2998821],[50.2307616,53.2998828]]]},"properties":{"id":"f6b73221-be6f-4db4-a8c6-034b1ac4dc2d","source_type":"ml"}},{"type":"Feature","geometry":{"type":"Polygon","coordinates":[[[50.2299915,53.3011562],[50.2298739,53.3011605],[50.2298666,53.3010886],[50.2299842,53.3010844],[50.2299915,53.3011562]]]},"properties":{"id":"6bdeb749-19dd-4de4-a68f-266b0700ce2e","source_type":"ml"}},{"type":"Feature","geometry":{"type":"Polygon","coordinates":[[[50.2308221,53.3023067],[50.2309774,53.3023033],[50.230982,53.3023786],[50.2308266,53.3023819],[50.2308221,53.3023067]]]},"properties":{"id":"e7baf6e0-a077-439a-a665-c4220ab86388","source_type":"ml"}},{"type":"Feature","geometry":{"type":"Polygon","coordinates":[[[50.2291021,53.3030746],[50.2290998,53.3030073],[50.2292059,53.303006],[50.2292082,53.3030733],[50.2291021,53.3030746]]]},"properties":{"id":"87cbe4c3-555d-4b50-aeeb-e55e84009983","source_type":"ml"}},{"type":"Feature","geometry":{"type":"Polygon","coordinates":[[[50.2295148,53.3056949],[50.2295792,53.3057421],[50.2295002,53.3057806],[50.2294358,53.3057334],[50.2295148,53.3056949]]]},"properties":{"id":"04611065-a5b8-48d5-a700-d6e4a0a26b08","source_type":"ml"}},{"type":"Feature","geometry":{"type":"Polygon","coordinates":[[[50.2301453,53.3046629],[50.2301498,53.304714],[50.2301017,53.3047156],[50.2300972,53.3046644],[50.2301453,53.3046629]]]},"properties":{"id":"3fc6f99e-1ba3-434a-ae7d-1345f8993199","source_type":"ml"}},{"type":"Feature","geometry":{"type":"Polygon","coordinates":[[[50.2303774,53.30531],[50.2303736,53.3052524],[50.2304513,53.3052506],[50.2304551,53.3053082],[50.2303774,53.30531]]]},"properties":{"id":"5254d937-53e2-4dba-b953-84e4cedeed82","source_type":"ml"}},{"type":"Feature","geometry":{"type":"Polygon","coordinates":[[[50.2307195,53.3024857],[50.2306245,53.3024818],[50.2306279,53.3024521],[50.2307229,53.302456],[50.2307195,53.3024857]]]},"properties":{"id":"4488e19b-d6d9-49d9-a756-6bba6304bc83","source_type":"ml"}},{"type":"Feature","geometry":{"type":"Polygon","coordinates":[[[50.232503,53.3039005],[50.2325149,53.3039204],[50.2324309,53.3039384],[50.2324189,53.3039185],[50.232503,53.3039005]]]},"properties":{"id":"dcd73732-dc44-4548-a5c6-1347e09006e7","source_type":"ml"}},{"type":"Feature","geometry":{"type":"Polygon","coordinates":[[[50.2320118,53.3031817],[50.2322458,53.3032108],[50.2322199,53.3032852],[50.2322081,53.3032837],[50.232176,53.3033759],[50.2319667,53.3033499],[50.2319883,53.3032878],[50.2319559,53.3032838],[50.2319338,53.3033474],[50.2318093,53.3033319],[50.2318277,53.3032791],[50.2316992,53.3032631],[50.2317497,53.3031178],[50.2318346,53.3031283],[50.2319786,53.3031462],[50.2319427,53.3032491],[50.2319864,53.3032546],[50.2320118,53.3031817]]]},"properties":{"id":"f7c6b976-8d13-4b59-b28d-cc5d9be775db","source_type":"ml"}},{"type":"Feature","geometry":{"type":"Polygon","coordinates":[[[50.2321657,53.3054539],[50.2320839,53.3054516],[50.2320885,53.3053924],[50.2321703,53.3053946],[50.2321657,53.3054539]]]},"properties":{"id":"a4f2b3a0-9455-4dbb-8f3c-1dbe5df2ef88","source_type":"osm"}},{"type":"Feature","geometry":{"type":"Polygon","coordinates":[[[50.2324573,53.3040773],[50.2324531,53.3041461],[50.2323245,53.3041433],[50.2323287,53.3040745],[50.2324573,53.3040773]]]},"properties":{"id":"1de1047a-1bf3-44eb-9aa8-ef3ce9971260","source_type":"ml"}},{"type":"Feature","geometry":{"type":"Polygon","coordinates":[[[50.2333382,53.3048463],[50.2332849,53.3048301],[50.2333093,53.3048016],[50.2333625,53.3048178],[50.2333382,53.3048463]]]},"properties":{"id":"59c57cb5-26bf-44da-bee8-efe8987589e8","source_type":"ml"}},{"type":"Feature","geometry":{"type":"Polygon","coordinates":[[[50.234096,53.3049828],[50.2340012,53.3049705],[50.2340253,53.3049047],[50.23412,53.304917],[50.234096,53.3049828]]]},"properties":{"id":"a1925b80-2408-4175-b9e9-729b699142c4","source_type":"ml"}},{"type":"Feature","geometry":{"type":"Polygon","coordinates":[[[50.2344684,53.3053114],[50.2343075,53.3052656],[50.2344065,53.3051415],[50.2345674,53.3051873],[50.2344684,53.3053114]]]},"properties":{"id":"fb20a892-9e42-4fc7-b284-cfacf04d8353","source_type":"my"}},{"type":"Feature","geometry":{"type":"Polygon","coordinates":[[[50.2338403,53.3049167],[50.2337039,53.3048873],[50.2337497,53.3048114],[50.2338583,53.3048348],[50.2338268,53.3048871],[50.2338546,53.3048931],[50.2338403,53.3049167]]]},"properties":{"id":"bf39459c-788e-461a-b203-65d58cc6fc33","source_type":"my"}},{"type":"Feature","geometry":{"type":"Polygon","coordinates":[[[50.2342925,53.3032895],[50.2343064,53.3032029],[50.2344287,53.3032099],[50.2344148,53.3032965],[50.2342925,53.3032895]]]},"properties":{"id":"ec47513e-643c-4356-97f2-13578b7afd43","source_type":"ml"}},{"type":"Feature","geometry":{"type":"Polygon","coordinates":[[[50.2341632,53.3033326],[50.2342858,53.3033387],[50.2342811,53.3033721],[50.2342492,53.3033705],[50.2342454,53.3033976],[50.2341548,53.3033931],[50.2341632,53.3033326]]]},"properties":{"id":"cd4dbc87-7dc7-43b6-a2bf-933b426f2c07","source_type":"ml"}},{"type":"Feature","geometry":{"type":"Polygon","coordinates":[[[50.2330695,53.3024654],[50.2329118,53.3024783],[50.2328881,53.3023747],[50.2330458,53.3023618],[50.2330695,53.3024654]]]},"properties":{"id":"074d57e4-0f19-4cd7-b9a6-eb8bc58f6507","source_type":"osm"}},{"type":"Feature","geometry":{"type":"Polygon","coordinates":[[[50.2337845,53.3024926],[50.2338889,53.30249],[50.2338916,53.3025284],[50.2337871,53.302531],[50.2337845,53.3024926]]]},"properties":{"id":"f619e752-6e29-4bdb-814e-f35900494126","source_type":"ml"}},{"type":"Feature","geometry":{"type":"Polygon","coordinates":[[[50.2337251,53.301174],[50.2337284,53.3010963],[50.233833,53.3010979],[50.2338296,53.3011756],[50.2337251,53.301174]]]},"properties":{"id":"5ae4ff8e-09ee-4ebb-9f72-2e5bbb411235","source_type":"ml"}},{"type":"Feature","geometry":{"type":"Polygon","coordinates":[[[50.2334719,53.3014151],[50.2334711,53.301384],[50.2335743,53.301383],[50.2335752,53.3014142],[50.2334719,53.3014151]]]},"properties":{"id":"4764a724-b284-41ea-bd0a-2e1e587de62b","source_type":"ml"}},{"type":"Feature","geometry":{"type":"Polygon","coordinates":[[[50.2326195,53.3021679],[50.2326042,53.3020872],[50.2327154,53.3020797],[50.2327199,53.3021034],[50.2327847,53.302099],[50.2327955,53.302156],[50.2326195,53.3021679]]]},"properties":{"id":"c2786617-3acc-4070-9e65-f224624ff2a6","source_type":"ml"}},{"type":"Feature","geometry":{"type":"Polygon","coordinates":[[[50.2323511,53.3018074],[50.23235,53.3017882],[50.2322441,53.3017903],[50.2322416,53.3017455],[50.2323782,53.3017427],[50.2323818,53.3018068],[50.2323511,53.3018074]]]},"properties":{"id":"c4660666-4359-4e93-8b49-90d3627cb9c2","source_type":"ml"}},{"type":"Feature","geometry":{"type":"Polygon","coordinates":[[[50.2324135,53.3019272],[50.2324353,53.30202],[50.2322658,53.3020342],[50.2322386,53.3019188],[50.2322819,53.3019152],[50.2322762,53.3018907],[50.232338,53.3018855],[50.2323491,53.3019326],[50.2324135,53.3019272]]]},"properties":{"id":"318f66bc-4d38-4302-a9ba-46722dd572f7","source_type":"ml"}},{"type":"Feature","geometry":{"type":"Polygon","coordinates":[[[50.2319049,53.3012296],[50.2319029,53.3011767],[50.232092,53.3011742],[50.2320939,53.3012271],[50.2319049,53.3012296]]]},"properties":{"id":"8f056d44-d3da-4457-9290-4fe4da3981b9","source_type":"ml"}},{"type":"Feature","geometry":{"type":"Polygon","coordinates":[[[50.2318362,53.3004043],[50.2318007,53.30036],[50.2318934,53.3003335],[50.2319289,53.3003778],[50.2318362,53.3004043]]]},"properties":{"id":"0818c58d-461c-4ff8-ae9e-68ef7b19ce1d","source_type":"ml"}},{"type":"Feature","geometry":{"type":"Polygon","coordinates":[[[50.2326557,53.2995465],[50.2326163,53.2994805],[50.2327391,53.2994543],[50.2327784,53.2995204],[50.2326557,53.2995465]]]},"properties":{"id":"a589fa48-012b-4298-b359-84110db95509","source_type":"ml"}},{"type":"Feature","geometry":{"type":"Polygon","coordinates":[[[50.2346909,53.3011601],[50.2346723,53.301108],[50.2347812,53.3010941],[50.2347998,53.3011462],[50.2346909,53.3011601]]]},"properties":{"id":"79ff02bb-e9d5-4c1e-98f1-597365314a8f","source_type":"osm"}},{"type":"Feature","geometry":{"type":"Polygon","coordinates":[[[50.2359872,53.3046149],[50.2359979,53.3045892],[50.236157,53.3046129],[50.2361262,53.3046868],[50.2359898,53.3046665],[50.23601,53.3046182],[50.2359872,53.3046149]]]},"properties":{"id":"36c5ad11-6a32-45c6-93c6-da2c956c4236","source_type":"ml"}},{"type":"Feature","geometry":{"type":"Polygon","coordinates":[[[50.2369621,53.304652],[50.2370346,53.3046602],[50.2370267,53.304685],[50.2369542,53.3046767],[50.2369621,53.304652]]]},"properties":{"id":"9f92e104-0973-4ef0-984c-19d5b9c680d6","source_type":"ml"}},{"type":"Feature","geometry":{"type":"Polygon","coordinates":[[[50.2390252,53.3031622],[50.2388605,53.3030894],[50.2389305,53.3030328],[50.2390952,53.3031056],[50.2390252,53.3031622]]]},"properties":{"id":"87c19443-5daf-404e-b0b6-0dacee35ae3c","source_type":"ml"}},{"type":"Feature","geometry":{"type":"Polygon","coordinates":[[[50.2380576,53.3038541],[50.2381485,53.3039053],[50.2380662,53.3039575],[50.2379753,53.3039063],[50.2380576,53.3038541]]]},"properties":{"id":"a1e8c655-d6cb-4f7e-b577-be5862d202a0","source_type":"ml"}},{"type":"Feature","geometry":{"type":"Polygon","coordinates":[[[50.238265,53.3034749],[50.2381337,53.303401],[50.2382414,53.3033327],[50.2383727,53.3034066],[50.238265,53.3034749]]]},"properties":{"id":"5dbf6796-517b-4ec1-81c1-85423435389c","source_type":"ml"}},{"type":"Feature","geometry":{"type":"Polygon","coordinates":[[[50.2383726,53.2969583],[50.2384325,53.2970137],[50.2383787,53.2970345],[50.2383188,53.296979],[50.2383726,53.2969583]]]},"properties":{"id":"deef6ea3-76db-4663-a50f-9e8654712eb8","source_type":"ml"}},{"type":"Feature","geometry":{"type":"Polygon","coordinates":[[[50.2385954,53.2964061],[50.2385406,53.2963523],[50.2385954,53.2963324],[50.2386502,53.2963862],[50.2385954,53.2964061]]]},"properties":{"id":"76a1b0ff-5f7c-41c6-9e72-d49181578409","source_type":"ml"}},{"type":"Feature","geometry":{"type":"Polygon","coordinates":[[[50.2356027,53.2972937],[50.2355545,53.2972625],[50.2356,53.2972374],[50.2356482,53.2972686],[50.2356027,53.2972937]]]},"properties":{"id":"8abc20c5-ea2c-442d-affe-c65fd8a95b63","source_type":"ml"}},{"type":"Feature","geometry":{"type":"Polygon","coordinates":[[[50.2353105,53.2964357],[50.2352524,53.2963974],[50.2352839,53.2963803],[50.235342,53.2964186],[50.2353105,53.2964357]]]},"properties":{"id":"85ccf542-5dd6-4f8a-93f7-dd0ff3deaac3","source_type":"ml"}},{"type":"Feature","geometry":{"type":"Polygon","coordinates":[[[50.2365179,53.2961905],[50.2366597,53.2961467],[50.2366844,53.2961752],[50.236769,53.296149],[50.2368352,53.2962255],[50.2366087,53.2962955],[50.2365179,53.2961905]]]},"properties":{"id":"d87cc9d8-154f-4f31-b623-f943a12ff3af","source_type":"ml"}},{"type":"Feature","geometry":{"type":"Polygon","coordinates":[[[50.2363171,53.2963004],[50.2363548,53.2963328],[50.236306,53.2963531],[50.2362683,53.2963207],[50.2363171,53.2963004]]]},"properties":{"id":"8e7a1c4d-b7dd-45a7-8eea-a6368d8dd7c8","source_type":"ml"}},{"type":"Feature","geometry":{"type":"Polygon","coordinates":[[[50.2373956,53.2965935],[50.2374526,53.2966395],[50.2373894,53.2966674],[50.2373324,53.2966214],[50.2373956,53.2965935]]]},"properties":{"id":"b914d050-155d-4b10-8c74-931ff7599c22","source_type":"ml"}},{"type":"Feature","geometry":{"type":"Polygon","coordinates":[[[50.2395739,53.2952627],[50.2396348,53.2952333],[50.2397463,53.2953157],[50.2396425,53.2953659],[50.2396162,53.2953465],[50.2396592,53.2953258],[50.2395739,53.2952627]]]},"properties":{"id":"bd6c31f1-32a1-4acf-ac0c-0afaa317a17a","source_type":"ml"}},{"type":"Feature","geometry":{"type":"Polygon","coordinates":[[[50.2394145,53.2955087],[50.2396108,53.2954148],[50.2396605,53.295452],[50.2396311,53.295466],[50.2396795,53.2955022],[50.2395355,53.295571],[50.2394714,53.2955231],[50.2394485,53.2955341],[50.2394145,53.2955087]]]},"properties":{"id":"1da8a2bd-d07a-4f92-bc0d-fcd98b47c3dc","source_type":"ml"}},{"type":"Feature","geometry":{"type":"Polygon","coordinates":[[[50.2431634,53.2955187],[50.2431309,53.2954875],[50.2431965,53.2954631],[50.2432291,53.2954942],[50.2431634,53.2955187]]]},"properties":{"id":"8e7cc272-e06d-42ae-a094-85fd186b3bd1","source_type":"ml"}},{"type":"Feature","geometry":{"type":"Polygon","coordinates":[[[50.241636,53.2953216],[50.2416106,53.2952892],[50.2417118,53.2952609],[50.2417371,53.2952933],[50.241636,53.2953216]]]},"properties":{"id":"7cabf42c-8d84-4704-bffb-98326d06baf1","source_type":"ml"}},{"type":"Feature","geometry":{"type":"Polygon","coordinates":[[[50.2414425,53.2943532],[50.2414971,53.2944029],[50.2414587,53.294418],[50.2414041,53.2943682],[50.2414425,53.2943532]]]},"properties":{"id":"15340bf8-df58-4b98-bdef-498e53e081b2","source_type":"ml"}},{"type":"Feature","geometry":{"type":"Polygon","coordinates":[[[50.2411666,53.2944293],[50.2411004,53.2943807],[50.2412377,53.294314],[50.2413039,53.2943626],[50.2411666,53.2944293]]]},"properties":{"id":"db5b49fc-c100-4266-b50d-0f1b37c7be87","source_type":"ml"}},{"type":"Feature","geometry":{"type":"Polygon","coordinates":[[[50.2415492,53.2960072],[50.2414554,53.2959382],[50.2415886,53.2958735],[50.2416824,53.2959426],[50.2415492,53.2960072]]]},"properties":{"id":"3cfa1535-3fb5-45ef-8856-36cbf7703135","source_type":"osm"}},{"type":"Feature","geometry":{"type":"Polygon","coordinates":[[[50.242524,53.2980046],[50.2427342,53.2979282],[50.2427664,53.2979598],[50.2425561,53.2980362],[50.242524,53.2980046]]]},"properties":{"id":"c3a6dea3-1151-4766-8cdf-91ad635c2510","source_type":"ml"}},{"type":"Feature","geometry":{"type":"Polygon","coordinates":[[[50.242498,53.2967096],[50.2425172,53.2967417],[50.2424683,53.2967522],[50.242449,53.2967201],[50.242498,53.2967096]]]},"properties":{"id":"7435b3c5-60c5-4dea-8db9-f299dc85887b","source_type":"ml"}},{"type":"Feature","geometry":{"type":"Polygon","coordinates":[[[50.2423516,53.295789],[50.2424522,53.2957449],[50.242571,53.2958418],[50.2424704,53.2958859],[50.2423516,53.295789]]]},"properties":{"id":"82073fb9-a0ca-4d72-b111-e1e1a97ce3ae","source_type":"osm"}},{"type":"Feature","geometry":{"type":"Polygon","coordinates":[[[50.2439031,53.3040481],[50.243943,53.304046],[50.2439485,53.3040842],[50.2439086,53.3040863],[50.2439031,53.3040481]]]},"properties":{"id":"87a1523d-097a-474d-8b15-8fee00ccf124","source_type":"ml"}},{"type":"Feature","geometry":{"type":"Polygon","coordinates":[[[50.2412034,53.307371],[50.2411971,53.3074107],[50.2411174,53.3074062],[50.2411236,53.3073665],[50.2412034,53.307371]]]},"properties":{"id":"899dbf14-b825-4108-a6ad-425ecf6dc5bc","source_type":"ml"}},{"type":"Feature","geometry":{"type":"Polygon","coordinates":[[[50.2419817,53.3085241],[50.2419599,53.3084966],[50.2420202,53.3084795],[50.242042,53.308507],[50.2419817,53.3085241]]]},"properties":{"id":"25e190eb-8fe1-412b-b506-6a2c60b87806","source_type":"ml"}},{"type":"Feature","geometry":{"type":"Polygon","coordinates":[[[50.2419768,53.307853],[50.2418992,53.3078507],[50.2419032,53.3078034],[50.2419807,53.3078057],[50.2419768,53.307853]]]},"properties":{"id":"a994e31b-66d9-4bb9-b45e-c219daf9eac7","source_type":"ml"}},{"type":"Feature","geometry":{"type":"Polygon","coordinates":[[[50.2417571,53.3076145],[50.2417522,53.3076929],[50.241637,53.3076904],[50.2416419,53.307612],[50.2417571,53.3076145]]]},"properties":{"id":"a19e8022-a852-479f-8783-5cf51ac1d11c","source_type":"ml"}},{"type":"Feature","geometry":{"type":"Polygon","coordinates":[[[50.2412568,53.3077362],[50.2411818,53.3077346],[50.2411849,53.3076818],[50.2413082,53.3076843],[50.2413059,53.3077222],[50.2412577,53.3077211],[50.2412568,53.3077362]]]},"properties":{"id":"07645faf-f4ad-456b-a8f8-a35aa8fe93b5","source_type":"ml"}},{"type":"Feature","geometry":{"type":"Polygon","coordinates":[[[50.2409442,53.3077101],[50.2409465,53.3076733],[50.2410671,53.3076761],[50.2410647,53.3077129],[50.2409442,53.3077101]]]},"properties":{"id":"3c37c59d-1e6b-4d93-8972-35ce4208568d","source_type":"ml"}},{"type":"Feature","geometry":{"type":"Polygon","coordinates":[[[50.2422545,53.3105578],[50.2422184,53.3105232],[50.2423352,53.3104797],[50.2423713,53.3105144],[50.2422545,53.3105578]]]},"properties":{"id":"5cf9f88c-4689-48a0-b689-ec5d498f7b68","source_type":"ml"}},{"type":"Feature","geometry":{"type":"Polygon","coordinates":[[[50.2443187,53.3059868],[50.2442534,53.3059889],[50.2442499,53.3059506],[50.2443152,53.3059484],[50.2443187,53.3059868]]]},"properties":{"id":"684dc095-29d6-41f8-a7ad-205ef5af7626","source_type":"ml"}},{"type":"Feature","geometry":{"type":"Polygon","coordinates":[[[50.2398665,53.3084096],[50.23987,53.3084511],[50.2398994,53.3084503],[50.2399024,53.3084854],[50.2397097,53.3084912],[50.2397033,53.3084145],[50.2398665,53.3084096]]]},"properties":{"id":"92a3cdd6-fa6d-446f-9090-3da3a54bf868","source_type":"ml"}},{"type":"Feature","geometry":{"type":"Polygon","coordinates":[[[50.2394328,53.308054],[50.2394246,53.3081258],[50.2393392,53.3081223],[50.2393474,53.3080506],[50.2394328,53.308054]]]},"properties":{"id":"fa7b7989-697f-4e04-b4c0-7d92e5a58ca4","source_type":"ml"}},{"type":"Feature","geometry":{"type":"Polygon","coordinates":[[[50.2399579,53.3070772],[50.2399605,53.3070157],[50.2401053,53.3070179],[50.2401027,53.3070794],[50.2399579,53.3070772]]]},"properties":{"id":"ab040185-d98f-416b-bd9e-606a2c07ae49","source_type":"ml"}},{"type":"Feature","geometry":{"type":"Polygon","coordinates":[[[50.2401093,53.3070753],[50.2401137,53.3070183],[50.2403305,53.3070242],[50.2403211,53.3071458],[50.2401364,53.3071407],[50.2401414,53.3070761],[50.2401093,53.3070753]]]},"properties":{"id":"2668ce6a-20cb-4104-abc0-3abbc9b1f738","source_type":"ml"}},{"type":"Feature","geometry":{"type":"Polygon","coordinates":[[[50.2360138,53.3069503],[50.2358833,53.3069609],[50.2358615,53.3068647],[50.2359919,53.3068541],[50.2360138,53.3069503]]]},"properties":{"id":"be6b89ae-0e50-4a49-ba18-f41498f27d34","source_type":"osm"}},{"type":"Feature","geometry":{"type":"Polygon","coordinates":[[[50.2326894,53.3063264],[50.2326894,53.3064482],[50.2325848,53.3064482],[50.2325848,53.3064178],[50.2325821,53.3064178],[50.2325821,53.3063857],[50.2325553,53.3063857],[50.2325553,53.3063264],[50.2326894,53.3063264]]]},"properties":{"id":"8ecb9caa-7850-4803-89c7-77148c23cf1d","source_type":"ml"}},{"type":"Feature","geometry":{"type":"Polygon","coordinates":[[[50.2231286,53.3071836],[50.2231542,53.3072978],[50.222996,53.3073104],[50.2229832,53.3072529],[50.2229252,53.3072576],[50.2229125,53.3072009],[50.2231286,53.3071836]]]},"properties":{"id":"517dfec7-993a-4822-ae38-08138a52f3d8","source_type":"ml"}},{"type":"Feature","geometry":{"type":"Polygon","coordinates":[[[50.2280893,53.3049181],[50.2281689,53.3048901],[50.2282506,53.3049729],[50.2281709,53.3050009],[50.2280893,53.3049181]]]},"properties":{"id":"997d3fe9-1a8d-405e-bde7-3e1deff6bc11","source_type":"ml"}},{"type":"Feature","geometry":{"type":"Polygon","coordinates":[[[50.2330655,53.2961527],[50.2329476,53.2961504],[50.2329537,53.2960399],[50.2331052,53.2960429],[50.2331023,53.2960974],[50.2330686,53.2960967],[50.2330655,53.2961527]]]},"properties":{"id":"85d3b3b7-2d0d-40e7-8ff4-33cfeb2f5cdb","source_type":"ml"}},{"type":"Feature","geometry":{"type":"Polygon","coordinates":[[[50.233562,53.2967512],[50.2333958,53.2966879],[50.2334899,53.2965997],[50.2336084,53.2966449],[50.2335707,53.2966803],[50.2336183,53.2966984],[50.233562,53.2967512]]]},"properties":{"id":"9ffe113e-f8b4-4756-8252-6a9284111806","source_type":"osm"}},{"type":"Feature","geometry":{"type":"Polygon","coordinates":[[[50.2341505,53.2980579],[50.2340588,53.2979967],[50.2341708,53.2979368],[50.2342625,53.297998],[50.2341505,53.2980579]]]},"properties":{"id":"163e6401-8e87-47e5-8c1f-4fd8b91bc402","source_type":"osm"}},{"type":"Feature","geometry":{"type":"Polygon","coordinates":[[[50.2306291,53.2981358],[50.2306382,53.2981712],[50.2305684,53.2981776],[50.2305593,53.2981421],[50.2306291,53.2981358]]]},"properties":{"id":"fc5255f0-b6fc-48a5-96e3-f2b6daff91e1","source_type":"ml"}},{"type":"Feature","geometry":{"type":"Polygon","coordinates":[[[50.2297749,53.2958179],[50.2298608,53.2958011],[50.2298759,53.2958286],[50.22979,53.2958454],[50.2297749,53.2958179]]]},"properties":{"id":"e5c549a8-53c7-4619-8a99-96ba137e3113","source_type":"ml"}},{"type":"Feature","geometry":{"type":"Polygon","coordinates":[[[50.2312393,53.3002057],[50.2312384,53.3003221],[50.2310801,53.3003217],[50.2310804,53.3002838],[50.2309892,53.3002836],[50.2309896,53.3002307],[50.2309345,53.3002305],[50.2309347,53.3002049],[50.2312393,53.3002057]]]},"properties":{"id":"f1b90ce3-0d87-44a0-8855-c67a68e7ca10","source_type":"ml"}},{"type":"Feature","geometry":{"type":"Polygon","coordinates":[[[50.2299359,53.3002326],[50.2301692,53.300231],[50.230171,53.3003214],[50.2301442,53.3003215],[50.2301452,53.3003728],[50.2300633,53.3003734],[50.2300627,53.3003446],[50.2299784,53.3003451],[50.229977,53.3002756],[50.2299368,53.3002759],[50.2299359,53.3002326]]]},"properties":{"id":"4f2d8eef-928b-4549-9989-0a631210cffb","source_type":"ml"}},{"type":"Feature","geometry":{"type":"Polygon","coordinates":[[[50.2313592,53.3017512],[50.231376,53.3018004],[50.2312421,53.3018168],[50.2312185,53.3017475],[50.2313137,53.3017359],[50.2313206,53.3017559],[50.2313592,53.3017512]]]},"properties":{"id":"25231215-71a4-4cc6-a13d-f09c926bd7ff","source_type":"ml"}},{"type":"Feature","geometry":{"type":"Polygon","coordinates":[[[50.23148,53.3023172],[50.231486,53.3023788],[50.2313134,53.3023847],[50.2313057,53.3023039],[50.2313591,53.3023021],[50.2313561,53.3022711],[50.2314257,53.3022687],[50.2314305,53.3023189],[50.23148,53.3023172]]]},"properties":{"id":"ebe9905e-0024-4579-b76b-7273fc4a7e6b","source_type":"ml"}},{"type":"Feature","geometry":{"type":"Polygon","coordinates":[[[50.2305421,53.3020052],[50.2305456,53.30205],[50.2304653,53.3020522],[50.2304618,53.3020074],[50.2305421,53.3020052]]]},"properties":{"id":"32bc8c10-1508-4aea-95fa-bb49d8e79b2c","source_type":"ml"}},{"type":"Feature","geometry":{"type":"Polygon","coordinates":[[[50.2302157,53.3022818],[50.2302201,53.3023801],[50.230078,53.3023824],[50.2300736,53.3022841],[50.2302157,53.3022818]]]},"properties":{"id":"6f0a5880-5730-4336-be1d-5cb65d627575","source_type":"ml"}},{"type":"Feature","geometry":{"type":"Polygon","coordinates":[[[50.229459,53.3020283],[50.2294627,53.3020859],[50.229369,53.302088],[50.2293653,53.3020304],[50.229459,53.3020283]]]},"properties":{"id":"dd0cad8c-6d19-4ade-a58d-184b23f5a727","source_type":"ml"}},{"type":"Feature","geometry":{"type":"Polygon","coordinates":[[[50.2294023,53.3019567],[50.2294506,53.3019576],[50.2294472,53.3020248],[50.229399,53.302024],[50.2294023,53.3019567]]]},"properties":{"id":"bd93157f-404c-4f24-9979-0550460080e6","source_type":"ml"}},{"type":"Feature","geometry":{"type":"Polygon","coordinates":[[[50.2297019,53.3012734],[50.2297059,53.3013268],[50.2295961,53.3013297],[50.2295922,53.3012763],[50.2297019,53.3012734]]]},"properties":{"id":"28188bd9-d8c3-49e9-bbcf-8a9b6f887ae6","source_type":"ml"}},{"type":"Feature","geometry":{"type":"Polygon","coordinates":[[[50.2296506,53.300918],[50.2296524,53.3009629],[50.2295613,53.3009642],[50.2295595,53.3009194],[50.2296506,53.300918]]]},"properties":{"id":"50db0063-379d-44f5-a2ce-1de187305f24","source_type":"ml"}},{"type":"Feature","geometry":{"type":"Polygon","coordinates":[[[50.2284547,53.3016612],[50.228574,53.3016601],[50.2285767,53.3017626],[50.2285673,53.3017627],[50.2285691,53.30183],[50.2284592,53.301831],[50.2284547,53.3016612]]]},"properties":{"id":"09f4dfbc-a50a-48b3-ad1a-b4812574e6f1","source_type":"ml"}},{"type":"Feature","geometry":{"type":"Polygon","coordinates":[[[50.2285596,53.3025281],[50.2287132,53.3025176],[50.2287366,53.30264],[50.2285831,53.3026505],[50.2285596,53.3025281]]]},"properties":{"id":"f5cfe498-1563-4834-bfea-fc739dd07a0e","source_type":"ml"}},{"type":"Feature","geometry":{"type":"Polygon","coordinates":[[[50.2309613,53.3051943],[50.2309589,53.3052526],[50.230908,53.3052518],[50.2309104,53.3051935],[50.2309613,53.3051943]]]},"properties":{"id":"afddebb6-b85f-416b-885a-a8b49a68bc64","source_type":"ml"}},{"type":"Feature","geometry":{"type":"Polygon","coordinates":[[[50.2306472,53.3053545],[50.2306516,53.3051894],[50.2308055,53.3051909],[50.2308024,53.3053053],[50.2307236,53.3053045],[50.2307222,53.3053552],[50.2306472,53.3053545]]]},"properties":{"id":"5facec2d-ffaa-4c2e-9293-03d50943a32d","source_type":"ml"}},{"type":"Feature","geometry":{"type":"Polygon","coordinates":[[[50.2312632,53.3049031],[50.2313838,53.3049017],[50.2313859,53.3049625],[50.2312652,53.304964],[50.2312632,53.3049031]]]},"properties":{"id":"11cead2a-96c5-4909-96a4-651babc3edcd","source_type":"ml"}},{"type":"Feature","geometry":{"type":"Polygon","coordinates":[[[50.2303813,53.3024647],[50.2302555,53.302461],[50.2302596,53.3024115],[50.2303854,53.3024152],[50.2303813,53.3024647]]]},"properties":{"id":"dc4b4b14-0454-4d40-ba1c-ad259f059640","source_type":"ml"}},{"type":"Feature","geometry":{"type":"Polygon","coordinates":[[[50.2322963,53.3030824],[50.2321899,53.3030763],[50.2322025,53.3029978],[50.2323088,53.3030039],[50.2322963,53.3030824]]]},"properties":{"id":"d680d030-57ca-4618-a76b-02689022d068","source_type":"ml"}},{"type":"Feature","geometry":{"type":"Polygon","coordinates":[[[50.2316829,53.3047686],[50.2316765,53.3048653],[50.2315827,53.3048631],[50.2315892,53.3047664],[50.2316829,53.3047686]]]},"properties":{"id":"6dafdf82-3367-4435-85e4-83705810ad91","source_type":"ml"}},{"type":"Feature","geometry":{"type":"Polygon","coordinates":[[[50.2332113,53.3049953],[50.2332043,53.3050608],[50.2331198,53.3050575],[50.2331268,53.3049921],[50.2332113,53.3049953]]]},"properties":{"id":"91eea0d5-c875-4138-bbf7-c2a3bacfcae6","source_type":"ml"}},{"type":"Feature","geometry":{"type":"Polygon","coordinates":[[[50.2341497,53.3013646],[50.2341476,53.3013181],[50.2342722,53.3013161],[50.2342743,53.3013626],[50.2341497,53.3013646]]]},"properties":{"id":"a1fbdf15-767a-45dc-b643-89bba6948f22","source_type":"ml"}},{"type":"Feature","geometry":{"type":"Polygon","coordinates":[[[50.2318666,53.3005211],[50.2318339,53.3004729],[50.2319904,53.3004349],[50.2320232,53.3004831],[50.2318666,53.3005211]]]},"properties":{"id":"ea16f3d2-8fba-488d-aca2-1526f9a612d2","source_type":"ml"}},{"type":"Feature","geometry":{"type":"Polygon","coordinates":[[[50.2318266,53.300479],[50.2318598,53.3005355],[50.23175,53.3005586],[50.2317168,53.3005021],[50.2318266,53.300479]]]},"properties":{"id":"010513d3-16b3-4fc0-997b-8b357fedb79b","source_type":"ml"}},{"type":"Feature","geometry":{"type":"Polygon","coordinates":[[[50.2331175,53.3003021],[50.2332451,53.3002889],[50.2332539,53.3003194],[50.2331263,53.3003326],[50.2331175,53.3003021]]]},"properties":{"id":"116eff4b-c75b-4fd6-8596-e522dff138d2","source_type":"ml"}},{"type":"Feature","geometry":{"type":"Polygon","coordinates":[[[50.2345431,53.3024667],[50.2345385,53.3023899],[50.2347222,53.3023859],[50.2347268,53.3024628],[50.2345431,53.3024667]]]},"properties":{"id":"8632fe80-6e69-413a-98ca-2103d752110a","source_type":"ml"}},{"type":"Feature","geometry":{"type":"Polygon","coordinates":[[[50.2355209,53.3050872],[50.2355952,53.3051078],[50.2355512,53.3051646],[50.2354769,53.305144],[50.2355209,53.3050872]]]},"properties":{"id":"6d913a05-e993-4741-8948-3e3ea50857dd","source_type":"ml"}},{"type":"Feature","geometry":{"type":"Polygon","coordinates":[[[50.2357643,53.3046976],[50.2358548,53.304719],[50.2358392,53.3047426],[50.2357487,53.3047212],[50.2357643,53.3046976]]]},"properties":{"id":"183710c4-9f62-4e80-b176-f41602e02cca","source_type":"ml"}},{"type":"Feature","geometry":{"type":"Polygon","coordinates":[[[50.2360337,53.3045129],[50.2360374,53.3044907],[50.2361144,53.3044953],[50.2361107,53.3045175],[50.2360337,53.3045129]]]},"properties":{"id":"2b828be4-9056-43fb-ae69-1c8e22b20d3e","source_type":"ml"}},{"type":"Feature","geometry":{"type":"Polygon","coordinates":[[[50.2388887,53.3033967],[50.2388391,53.303385],[50.2388551,53.3033609],[50.2389047,53.3033726],[50.2388887,53.3033967]]]},"properties":{"id":"434c0162-8c62-4e72-9877-9508326b2740","source_type":"ml"}},{"type":"Feature","geometry":{"type":"Polygon","coordinates":[[[50.2394373,53.2983029],[50.2394056,53.2982751],[50.2394587,53.2982535],[50.2394904,53.2982813],[50.2394373,53.2983029]]]},"properties":{"id":"0ae3de80-e641-4624-ae82-4a5d19f4c067","source_type":"ml"}},{"type":"Feature","geometry":{"type":"Polygon","coordinates":[[[50.2398584,53.295824],[50.2398291,53.2957919],[50.2398902,53.295772],[50.2399195,53.2958041],[50.2398584,53.295824]]]},"properties":{"id":"ede9688b-02dd-410c-bf84-a36b82a29a58","source_type":"ml"}},{"type":"Feature","geometry":{"type":"Polygon","coordinates":[[[50.2391492,53.2966394],[50.2391758,53.2966646],[50.2391204,53.2966856],[50.2390937,53.2966605],[50.2391492,53.2966394]]]},"properties":{"id":"3f892fe2-cdc0-4f5f-ad9f-1a1a0beb547a","source_type":"ml"}},{"type":"Feature","geometry":{"type":"Polygon","coordinates":[[[50.2394884,53.2967446],[50.2395609,53.2967189],[50.2396144,53.2967726],[50.2395419,53.2967984],[50.2394884,53.2967446]]]},"properties":{"id":"814684fc-fd78-4283-a023-bc55872383d8","source_type":"ml"}},{"type":"Feature","geometry":{"type":"Polygon","coordinates":[[[50.2387318,53.2962821],[50.2387878,53.2963248],[50.2386997,53.2963661],[50.2386437,53.2963233],[50.2387318,53.2962821]]]},"properties":{"id":"4eb27803-3e6d-4732-9715-bf5b6cdf4d08","source_type":"ml"}},{"type":"Feature","geometry":{"type":"Polygon","coordinates":[[[50.2382281,53.296498],[50.2382444,53.2964563],[50.2383207,53.2964669],[50.2383044,53.2965086],[50.2382281,53.296498]]]},"properties":{"id":"9cd70600-eda7-49e7-ba88-a57b38cd1a8a","source_type":"ml"}},{"type":"Feature","geometry":{"type":"Polygon","coordinates":[[[50.2382394,53.2970718],[50.238276,53.2971153],[50.2381785,53.2971447],[50.2381418,53.2971012],[50.2382394,53.2970718]]]},"properties":{"id":"dddad896-be45-42d9-9e33-e6e990004f7b","source_type":"ml"}},{"type":"Feature","geometry":{"type":"Polygon","coordinates":[[[50.2376722,53.29704],[50.2377277,53.2970583],[50.2376868,53.2971025],[50.2376313,53.2970842],[50.2376722,53.29704]]]},"properties":{"id":"f6e35565-7167-43f9-a421-4b762f7fe2fe","source_type":"ml"}},{"type":"Feature","geometry":{"type":"Polygon","coordinates":[[[50.2349749,53.2976],[50.2350306,53.2976339],[50.2349945,53.2976551],[50.2349389,53.2976212],[50.2349749,53.2976]]]},"properties":{"id":"8a827083-afa8-4ab7-8b6a-a7ab4899c9a1","source_type":"ml"}},{"type":"Feature","geometry":{"type":"Polygon","coordinates":[[[50.2353782,53.2978841],[50.2354117,53.2979051],[50.2353535,53.2979382],[50.2353201,53.2979172],[50.2353782,53.2978841]]]},"properties":{"id":"28ade9cc-db76-4a57-81d8-5ff142882340","source_type":"ml"}},{"type":"Feature","geometry":{"type":"Polygon","coordinates":[[[50.2356448,53.2966101],[50.2356951,53.2966534],[50.2356516,53.2966714],[50.2356014,53.2966281],[50.2356448,53.2966101]]]},"properties":{"id":"40651f2c-1334-4b5c-85ea-efc09889e07b","source_type":"ml"}},{"type":"Feature","geometry":{"type":"Polygon","coordinates":[[[50.2348192,53.2964205],[50.2348814,53.2963805],[50.2349313,53.2964081],[50.2348691,53.2964482],[50.2348192,53.2964205]]]},"properties":{"id":"167cae45-b33d-494b-91fd-0d09f0f8cb8c","source_type":"ml"}},{"type":"Feature","geometry":{"type":"Polygon","coordinates":[[[50.2347673,53.2960728],[50.2347318,53.2960446],[50.2347661,53.2960292],[50.2348016,53.2960574],[50.2347673,53.2960728]]]},"properties":{"id":"bb4e0e50-dbd1-4b1e-b936-2ecb8e2707ab","source_type":"ml"}},{"type":"Feature","geometry":{"type":"Polygon","coordinates":[[[50.2348,53.2957334],[50.234868,53.2957714],[50.2348145,53.2958056],[50.2347465,53.2957677],[50.2348,53.2957334]]]},"properties":{"id":"dcb7458b-575d-45c4-8beb-e3521c78f816","source_type":"ml"}},{"type":"Feature","geometry":{"type":"Polygon","coordinates":[[[50.2402219,53.2950204],[50.2402715,53.2950635],[50.240155,53.2951114],[50.2401053,53.2950683],[50.2402219,53.2950204]]]},"properties":{"id":"52bab910-54eb-4f59-8317-52f5b4c93d64","source_type":"ml"}},{"type":"Feature","geometry":{"type":"Polygon","coordinates":[[[50.2425211,53.2946813],[50.2424735,53.294643],[50.2425916,53.2945905],[50.2426392,53.2946288],[50.2425211,53.2946813]]]},"properties":{"id":"94f2a9fe-3c61-4357-9be1-a8d31c2a9b42","source_type":"osm"}},{"type":"Feature","geometry":{"type":"Polygon","coordinates":[[[50.2431554,53.295399],[50.2431847,53.2953904],[50.2432112,53.2954227],[50.2432393,53.2954145],[50.2432795,53.2954637],[50.2432427,53.2954744],[50.243265,53.2955016],[50.2431827,53.2955257],[50.2431742,53.2955153],[50.2432359,53.2954973],[50.2431554,53.295399]]]},"properties":{"id":"48c5d23d-604f-4f2a-aaf9-dc32d53bfb5e","source_type":"ml"}},{"type":"Feature","geometry":{"type":"Polygon","coordinates":[[[50.2409335,53.2955216],[50.2410316,53.2954847],[50.2410739,53.295525],[50.2409758,53.2955618],[50.2409335,53.2955216]]]},"properties":{"id":"1a1e30a3-3d7f-4000-ad7d-5d1ea586a20e","source_type":"ml"}},{"type":"Feature","geometry":{"type":"Polygon","coordinates":[[[50.2412385,53.2957527],[50.2411413,53.2956537],[50.241234,53.2956212],[50.2413312,53.2957202],[50.2412385,53.2957527]]]},"properties":{"id":"660ea288-bda4-4f39-990d-afd3f3076f53","source_type":"ml"}},{"type":"Feature","geometry":{"type":"Polygon","coordinates":[[[50.2419577,53.296433],[50.2420141,53.2964117],[50.2420788,53.2964728],[50.2420224,53.2964941],[50.2419577,53.296433]]]},"properties":{"id":"b6e6de57-1491-4ae4-9211-4652ba8ebbfe","source_type":"ml"}},{"type":"Feature","geometry":{"type":"Polygon","coordinates":[[[50.2426862,53.2982981],[50.2426701,53.2982836],[50.2425961,53.2983128],[50.2425201,53.298244],[50.2427101,53.2981691],[50.2427835,53.2982356],[50.2427256,53.2982585],[50.2427441,53.2982752],[50.2426862,53.2982981]]]},"properties":{"id":"c34c7d8d-6efb-4c87-a55f-05ddbbf7500b","source_type":"ml"}},{"type":"Feature","geometry":{"type":"Polygon","coordinates":[[[50.2433751,53.29712],[50.2433279,53.2970412],[50.2434801,53.2970087],[50.2435273,53.2970874],[50.2433751,53.29712]]]},"properties":{"id":"1195421d-d742-49e5-b93a-175ee94b51c6","source_type":"ml"}},{"type":"Feature","geometry":{"type":"Polygon","coordinates":[[[50.243686,53.2970104],[50.2436103,53.2969509],[50.2437156,53.296903],[50.2437913,53.2969625],[50.243686,53.2970104]]]},"properties":{"id":"3fe09de1-245d-488b-8e7d-6202501b7e62","source_type":"ml"}},{"type":"Feature","geometry":{"type":"Polygon","coordinates":[[[50.244321,53.2967903],[50.2441028,53.2968731],[50.2440305,53.296805],[50.2440764,53.2967876],[50.2440525,53.2967651],[50.2441566,53.2967256],[50.2441726,53.2967407],[50.2442408,53.2967149],[50.244321,53.2967903]]]},"properties":{"id":"19ea320c-8b31-42f5-9a45-4946bffddbac","source_type":"osm"}},{"type":"Feature","geometry":{"type":"Polygon","coordinates":[[[50.2443914,53.2979057],[50.2444445,53.2979505],[50.2443803,53.2979777],[50.2443271,53.2979329],[50.2443914,53.2979057]]]},"properties":{"id":"f67a8cb3-dffc-4a37-be17-323d19cce284","source_type":"ml"}},{"type":"Feature","geometry":{"type":"Polygon","coordinates":[[[50.2444018,53.2987574],[50.2445046,53.2987194],[50.2445497,53.2987629],[50.2444469,53.2988009],[50.2444018,53.2987574]]]},"properties":{"id":"14139573-57f2-4f8d-8a29-8023e648541b","source_type":"ml"}},{"type":"Feature","geometry":{"type":"Polygon","coordinates":[[[50.2446434,53.2989526],[50.2445295,53.299001],[50.2444149,53.2989045],[50.2445288,53.2988561],[50.2446434,53.2989526]]]},"properties":{"id":"c2365b05-406d-462a-a536-bf21d40c6ce8","source_type":"osm"}},{"type":"Feature","geometry":{"type":"Polygon","coordinates":[[[50.2443591,53.2993709],[50.2442687,53.2993451],[50.2443074,53.2992968],[50.2443977,53.2993227],[50.2443591,53.2993709]]]},"properties":{"id":"db19ec7b-c986-4cac-b768-c0523200304d","source_type":"ml"}},{"type":"Feature","geometry":{"type":"Polygon","coordinates":[[[50.2417502,53.3070394],[50.2417619,53.3069973],[50.241844,53.3070055],[50.2418323,53.3070476],[50.2417502,53.3070394]]]},"properties":{"id":"59f2ca11-6482-4693-ac75-3ed7125dcb13","source_type":"ml"}},{"type":"Feature","geometry":{"type":"Polygon","coordinates":[[[50.2431042,53.3066295],[50.2431014,53.306675],[50.2429809,53.3066723],[50.2429837,53.3066268],[50.2431042,53.3066295]]]},"properties":{"id":"cbc52ff3-6247-4884-9c15-72a30d357781","source_type":"ml"}},{"type":"Feature","geometry":{"type":"Polygon","coordinates":[[[50.2425128,53.3079071],[50.2425157,53.3078456],[50.2425746,53.3078466],[50.2425718,53.3079081],[50.2425128,53.3079071]]]},"properties":{"id":"142ec87f-fe6c-4a70-82c0-73c5a44303d4","source_type":"ml"}},{"type":"Feature","geometry":{"type":"Polygon","coordinates":[[[50.2430872,53.3079459],[50.2429196,53.3079481],[50.2429172,53.3078824],[50.2430848,53.3078802],[50.2430872,53.3079459]]]},"properties":{"id":"cef1da7e-e6c9-4372-bdc3-d941a77db05b","source_type":"ml"}},{"type":"Feature","geometry":{"type":"Polygon","coordinates":[[[50.243353,53.3084542],[50.2433964,53.3085134],[50.2433366,53.308529],[50.2432933,53.3084698],[50.243353,53.3084542]]]},"properties":{"id":"bc0fe1d3-39fc-4fcd-ad02-c4801c18a38f","source_type":"ml"}},{"type":"Feature","geometry":{"type":"Polygon","coordinates":[[[50.2418506,53.3079059],[50.2419337,53.3079042],[50.2419376,53.307973],[50.2418546,53.3079747],[50.2418506,53.3079059]]]},"properties":{"id":"3924b13b-dc1e-4315-8af6-c7150c62ef87","source_type":"ml"}},{"type":"Feature","geometry":{"type":"Polygon","coordinates":[[[50.2416753,53.3081292],[50.2416686,53.3082258],[50.24152,53.3082221],[50.2415266,53.3081255],[50.2416753,53.3081292]]]},"properties":{"id":"cd5555ec-a8b1-42b3-b96b-8e9fee765ba7","source_type":"ml"}},{"type":"Feature","geometry":{"type":"Polygon","coordinates":[[[50.2408784,53.3078045],[50.2408808,53.3077709],[50.2409491,53.3077726],[50.2409467,53.3078062],[50.2408784,53.3078045]]]},"properties":{"id":"0d8a5330-bc8e-4869-9b26-e4b4738c3192","source_type":"ml"}},{"type":"Feature","geometry":{"type":"Polygon","coordinates":[[[50.2443987,53.3085317],[50.244416,53.3085825],[50.2443258,53.3085935],[50.2443086,53.3085427],[50.2443987,53.3085317]]]},"properties":{"id":"2a827490-0207-4ddb-b86f-4e849c082372","source_type":"ml"}},{"type":"Feature","geometry":{"type":"Polygon","coordinates":[[[50.2441556,53.3059296],[50.2441498,53.3059976],[50.2440107,53.3059934],[50.2440165,53.3059253],[50.2441556,53.3059296]]]},"properties":{"id":"5460db27-3bb7-4b25-948c-479c77a2b1b5","source_type":"ml"}},{"type":"Feature","geometry":{"type":"Polygon","coordinates":[[[50.2442454,53.3058547],[50.2442462,53.3058779],[50.2441711,53.3058788],[50.2441703,53.3058557],[50.2442454,53.3058547]]]},"properties":{"id":"4a77e097-72c1-4b56-a388-dc615f2b9ff0","source_type":"ml"}},{"type":"Feature","geometry":{"type":"Polygon","coordinates":[[[50.2399385,53.3079631],[50.23994,53.307923],[50.2400204,53.3079241],[50.240019,53.3079641],[50.2399385,53.3079631]]]},"properties":{"id":"8bdab7d7-c3e3-4cf9-91c7-6be7dc25473c","source_type":"ml"}},{"type":"Feature","geometry":{"type":"Polygon","coordinates":[[[50.2400718,53.3069592],[50.2401255,53.3069597],[50.2401249,53.3069869],[50.2400712,53.3069865],[50.2400718,53.3069592]]]},"properties":{"id":"430729c8-23e4-469b-bc0b-a777c30dc269","source_type":"ml"}},{"type":"Feature","geometry":{"type":"Polygon","coordinates":[[[50.2357878,53.3073035],[50.2356233,53.3072964],[50.23564,53.307158],[50.2358044,53.307165],[50.2357878,53.3073035]]]},"properties":{"id":"38810339-0b2e-4eb5-84aa-80afdaf2786c","source_type":"osm"}},{"type":"Feature","geometry":{"type":"Polygon","coordinates":[[[50.2349887,53.3067403],[50.2349671,53.3066739],[50.2350394,53.3066655],[50.235061,53.3067319],[50.2349887,53.3067403]]]},"properties":{"id":"ee4fdb10-d692-46eb-b93c-9c357fe1e63a","source_type":"ml"}},{"type":"Feature","geometry":{"type":"Polygon","coordinates":[[[50.2354223,53.3080193],[50.2354069,53.307991],[50.2354907,53.3079748],[50.235506,53.3080031],[50.2354223,53.3080193]]]},"properties":{"id":"273349ce-3d26-480e-87d8-6f86599db452","source_type":"ml"}},{"type":"Feature","geometry":{"type":"Polygon","coordinates":[[[50.232682,53.3062127],[50.2324595,53.3062283],[50.2324374,53.3061162],[50.2326599,53.3061006],[50.232682,53.3062127]]]},"properties":{"id":"6bf4d736-bb6e-4269-80eb-8ef58fda576d","source_type":"osm"}},{"type":"Feature","geometry":{"type":"Polygon","coordinates":[[[50.2323125,53.3063645],[50.2324491,53.3063617],[50.2324543,53.3064539],[50.2323096,53.3064568],[50.2323067,53.3064047],[50.2323147,53.3064045],[50.2323125,53.3063645]]]},"properties":{"id":"26b35af2-431a-4240-a7cf-226b7f413eae","source_type":"ml"}},{"type":"Feature","geometry":{"type":"Polygon","coordinates":[[[50.2310887,53.3061481],[50.2310926,53.3060664],[50.2311757,53.3060678],[50.2311718,53.3061495],[50.2310887,53.3061481]]]},"properties":{"id":"1b5cdd3e-0eb3-48f2-8c43-cfcee935539e","source_type":"ml"}},{"type":"Feature","geometry":{"type":"Polygon","coordinates":[[[50.2274026,53.3082783],[50.2271464,53.3081727],[50.2272362,53.3080949],[50.2274924,53.3082005],[50.2274026,53.3082783]]]},"properties":{"id":"9e8afeff-54a3-41cd-aa07-044434adf0f9","source_type":"osm"}},{"type":"Feature","geometry":{"type":"Polygon","coordinates":[[[50.2240859,53.3070621],[50.2241141,53.3071848],[50.2239166,53.307201],[50.2239007,53.3071318],[50.2239402,53.3071286],[50.2239279,53.3070751],[50.2240859,53.3070621]]]},"properties":{"id":"4846ef5e-819e-4f59-ba66-0e670b4b91b6","source_type":"ml"}},{"type":"Feature","geometry":{"type":"Polygon","coordinates":[[[50.2282247,53.3043755],[50.2282185,53.3044859],[50.228114,53.3044838],[50.2281202,53.3043733],[50.2282247,53.3043755]]]},"properties":{"id":"0cfeeae3-1962-4ae0-b3d2-bf1c668ba8b1","source_type":"ml"}},{"type":"Feature","geometry":{"type":"Polygon","coordinates":[[[50.2293059,53.2936808],[50.2294214,53.2936531],[50.229456,53.2937046],[50.2293405,53.2937324],[50.2293059,53.2936808]]]},"properties":{"id":"e2606f43-d988-4d38-8d65-7aba305cd6a0","source_type":"ml"}},{"type":"Feature","geometry":{"type":"Polygon","coordinates":[[[50.2287365,53.2935016],[50.2287446,53.2935223],[50.2286594,53.2935343],[50.2286512,53.2935136],[50.2287365,53.2935016]]]},"properties":{"id":"c2425dd0-0a52-4e76-9207-f029a4ad06ba","source_type":"ml"}},{"type":"Feature","geometry":{"type":"Polygon","coordinates":[[[50.2296416,53.2944967],[50.2297449,53.2944756],[50.2297641,53.2945092],[50.2296608,53.2945303],[50.2296416,53.2944967]]]},"properties":{"id":"1c8b7de0-7d21-48ec-8d5c-a0180cd60e8b","source_type":"ml"}},{"type":"Feature","geometry":{"type":"Polygon","coordinates":[[[50.2293741,53.294382],[50.2294494,53.2943631],[50.2294733,53.2943972],[50.229398,53.2944161],[50.2293741,53.294382]]]},"properties":{"id":"3037e302-9541-4bc0-9c1d-e474734e52f2","source_type":"ml"}},{"type":"Feature","geometry":{"type":"Polygon","coordinates":[[[50.230129,53.2943129],[50.2301472,53.2943652],[50.2299903,53.2943847],[50.2299722,53.2943324],[50.230129,53.2943129]]]},"properties":{"id":"6066034a-2c1f-4b6b-9739-21c92ac9909e","source_type":"ml"}},{"type":"Feature","geometry":{"type":"Polygon","coordinates":[[[50.2299853,53.2938636],[50.2300414,53.2938614],[50.2300467,53.2939093],[50.2299906,53.2939115],[50.2299853,53.2938636]]]},"properties":{"id":"bde04e61-534f-4c86-95dc-9de2836d7426","source_type":"ml"}},{"type":"Feature","geometry":{"type":"Polygon","coordinates":[[[50.2344776,53.2953005],[50.2344404,53.2952725],[50.2345283,53.2952307],[50.2345656,53.2952588],[50.2344776,53.2953005]]]},"properties":{"id":"fcde2645-3b62-41d7-acd2-fcc2f9b7f4ee","source_type":"ml"}},{"type":"Feature","geometry":{"type":"Polygon","coordinates":[[[50.2319853,53.2982544],[50.2319799,53.2981856],[50.232103,53.2981822],[50.2321084,53.2982509],[50.2319853,53.2982544]]]},"properties":{"id":"e0282c09-1d93-43ea-b79f-045f6a773ee5","source_type":"ml"}},{"type":"Feature","geometry":{"type":"Polygon","coordinates":[[[50.2312075,53.2982831],[50.2312376,53.2983831],[50.2309466,53.2984144],[50.2309156,53.2983113],[50.2310663,53.2982951],[50.2310672,53.2982982],[50.2312075,53.2982831]]]},"properties":{"id":"3eec0f99-dbe0-467d-abb4-32dfa59c9274","source_type":"ml"}},{"type":"Feature","geometry":{"type":"Polygon","coordinates":[[[50.2303362,53.2984161],[50.2302618,53.2984119],[50.230271,53.2983541],[50.2303454,53.2983583],[50.2303362,53.2984161]]]},"properties":{"id":"757eb066-bf42-4155-aa27-903019eea022","source_type":"ml"}},{"type":"Feature","geometry":{"type":"Polygon","coordinates":[[[50.230127,53.2981384],[50.2300442,53.2981354],[50.2300491,53.2980869],[50.230132,53.2980899],[50.230127,53.2981384]]]},"properties":{"id":"01878ea8-8c26-494c-8c03-476a1397c84e","source_type":"ml"}},{"type":"Feature","geometry":{"type":"Polygon","coordinates":[[[50.2300553,53.2973405],[50.2300564,53.2973933],[50.2299723,53.297394],[50.2299712,53.2973411],[50.2300553,53.2973405]]]},"properties":{"id":"50f6b359-7375-4284-b41d-73de78fd6843","source_type":"ml"}},{"type":"Feature","geometry":{"type":"Polygon","coordinates":[[[50.2311018,53.2977896],[50.231099,53.2978178],[50.2310322,53.2978155],[50.2310349,53.2977873],[50.2311018,53.2977896]]]},"properties":{"id":"9a1793f2-06d5-4fbf-9ec9-bcd0523dcdc1","source_type":"ml"}},{"type":"Feature","geometry":{"type":"Polygon","coordinates":[[[50.2293264,53.2982138],[50.2293129,53.2981681],[50.2294144,53.2981574],[50.2294279,53.2982031],[50.2293264,53.2982138]]]},"properties":{"id":"3e6d91ab-77e3-4cfd-8814-df4094fea3cf","source_type":"ml"}},{"type":"Feature","geometry":{"type":"Polygon","coordinates":[[[50.2307955,53.3000279],[50.2308652,53.3000271],[50.2308662,53.3000592],[50.2307965,53.3000599],[50.2307955,53.3000279]]]},"properties":{"id":"fe5fe0d8-30d0-4a67-b6ba-0b776d2d6003","source_type":"ml"}},{"type":"Feature","geometry":{"type":"Polygon","coordinates":[[[50.2308541,53.3002349],[50.2307831,53.3002289],[50.2308023,53.3001472],[50.2308733,53.3001532],[50.2308541,53.3002349]]]},"properties":{"id":"84bf02db-84f6-407b-9cc5-f6cf6a7921b0","source_type":"ml"}},{"type":"Feature","geometry":{"type":"Polygon","coordinates":[[[50.231095,53.3001972],[50.2310915,53.3001524],[50.2311679,53.3001503],[50.2311714,53.3001951],[50.231095,53.3001972]]]},"properties":{"id":"898dc2d7-7941-49c9-a86c-412f0f3f0b47","source_type":"ml"}},{"type":"Feature","geometry":{"type":"Polygon","coordinates":[[[50.2304323,53.3006476],[50.2304158,53.3005644],[50.2305692,53.3005536],[50.2305857,53.3006368],[50.2304323,53.3006476]]]},"properties":{"id":"74979006-7cab-4e78-affb-efa76528455b","source_type":"ml"}},{"type":"Feature","geometry":{"type":"Polygon","coordinates":[[[50.2299084,53.3012756],[50.2298889,53.3012237],[50.2299476,53.3012158],[50.2299671,53.3012677],[50.2299084,53.3012756]]]},"properties":{"id":"b9f297f3-3f79-4b10-a50f-cacf014ff091","source_type":"ml"}},{"type":"Feature","geometry":{"type":"Polygon","coordinates":[[[50.2305012,53.3009049],[50.2304941,53.3007993],[50.230656,53.3007954],[50.230661,53.300869],[50.2305405,53.3008719],[50.2305426,53.3009039],[50.2305012,53.3009049]]]},"properties":{"id":"ee8b8c14-d416-4b64-b3ca-61d534e1c4ef","source_type":"ml"}},{"type":"Feature","geometry":{"type":"Polygon","coordinates":[[[50.2292213,53.3023345],[50.2292258,53.3024097],[50.229065,53.3024132],[50.2290606,53.3023379],[50.2292213,53.3023345]]]},"properties":{"id":"f57507f5-15a8-4f02-a419-7d5a4bd29b5c","source_type":"ml"}},{"type":"Feature","geometry":{"type":"Polygon","coordinates":[[[50.2299691,53.304353],[50.2299644,53.304289],[50.2301009,53.3042854],[50.2301057,53.3043494],[50.2299691,53.304353]]]},"properties":{"id":"87a14b4f-b7a8-461a-8d7f-5cedc3b279a1","source_type":"ml"}},{"type":"Feature","geometry":{"type":"Polygon","coordinates":[[[50.2302412,53.3042344],[50.2302383,53.3042899],[50.2301151,53.3042876],[50.2301171,53.3042482],[50.230169,53.3042492],[50.2301698,53.3042331],[50.2302412,53.3042344]]]},"properties":{"id":"8ad63a51-397b-4829-9e8e-1879e520b7ef","source_type":"ml"}},{"type":"Feature","geometry":{"type":"Polygon","coordinates":[[[50.230415,53.3055256],[50.2304767,53.3055247],[50.2304784,53.3055664],[50.2304167,53.3055673],[50.230415,53.3055256]]]},"properties":{"id":"b3207f36-d483-4a74-9cf5-49d863e493db","source_type":"ml"}},{"type":"Feature","geometry":{"type":"Polygon","coordinates":[[[50.2307547,53.3054484],[50.2307576,53.305489],[50.2306815,53.3054909],[50.2306787,53.3054503],[50.2307547,53.3054484]]]},"properties":{"id":"9b9af979-3500-415d-be48-a7b4bbd3b46a","source_type":"ml"}},{"type":"Feature","geometry":{"type":"Polygon","coordinates":[[[50.2310842,53.3028876],[50.2310825,53.3028578],[50.2312042,53.3028553],[50.2312059,53.3028851],[50.2310842,53.3028876]]]},"properties":{"id":"82dc73d8-920d-4fe1-8580-a845e2edcb03","source_type":"ml"}},{"type":"Feature","geometry":{"type":"Polygon","coordinates":[[[50.2315243,53.302706],[50.2317401,53.3027104],[50.2317345,53.302808],[50.231563,53.3028045],[50.2315664,53.3027453],[50.2315221,53.3027444],[50.2315243,53.302706]]]},"properties":{"id":"f3acaa6c-9b62-4d01-8eb6-a081ee2b419b","source_type":"ml"}},{"type":"Feature","geometry":{"type":"Polygon","coordinates":[[[50.2325563,53.3024838],[50.2325582,53.3024527],[50.2326641,53.3024549],[50.2326623,53.3024861],[50.2325563,53.3024838]]]},"properties":{"id":"869e2428-3cc9-46d2-a3db-677e5802fd3c","source_type":"ml"}},{"type":"Feature","geometry":{"type":"Polygon","coordinates":[[[50.2328609,53.3026203],[50.2328595,53.3025899],[50.2329104,53.302589],[50.2329118,53.3026195],[50.2328609,53.3026203]]]},"properties":{"id":"ac4046c7-a7c1-4456-b425-ac7e35303d4f","source_type":"ml"}},{"type":"Feature","geometry":{"type":"Polygon","coordinates":[[[50.2326946,53.3030486],[50.2324602,53.3030276],[50.2324951,53.3028885],[50.2327295,53.3029095],[50.2326946,53.3030486]]]},"properties":{"id":"75cd92c8-0e6a-43ef-bf9e-07101b57f1c7","source_type":"osm"}},{"type":"Feature","geometry":{"type":"Polygon","coordinates":[[[50.2324268,53.3036934],[50.2325233,53.3036421],[50.2326112,53.3037012],[50.2325147,53.3037525],[50.2324268,53.3036934]]]},"properties":{"id":"9759dd48-f6ed-475c-8628-79b9de5fdfd1","source_type":"ml"}},{"type":"Feature","geometry":{"type":"Polygon","coordinates":[[[50.2317424,53.3040482],[50.2316308,53.3040302],[50.2316692,53.303945],[50.2317808,53.303963],[50.2317424,53.3040482]]]},"properties":{"id":"17b4bd32-f59e-43be-adbf-158d2ea1bf27","source_type":"ml"}},{"type":"Feature","geometry":{"type":"Polygon","coordinates":[[[50.2323926,53.3053211],[50.2323764,53.3052835],[50.2324643,53.3052699],[50.2324806,53.3053075],[50.2323926,53.3053211]]]},"properties":{"id":"8ca9587a-107d-41f2-b676-17115003cc3a","source_type":"ml"}},{"type":"Feature","geometry":{"type":"Polygon","coordinates":[[[50.2321421,53.3051043],[50.2323183,53.3050744],[50.2323598,53.305162],[50.2321836,53.3051918],[50.2321421,53.3051043]]]},"properties":{"id":"093f0908-7d11-4029-8b39-69001d89e319","source_type":"ml"}},{"type":"Feature","geometry":{"type":"Polygon","coordinates":[[[50.2332463,53.3034545],[50.2332478,53.3033753],[50.2334371,53.3033766],[50.2334356,53.3034558],[50.2332463,53.3034545]]]},"properties":{"id":"b46cf36d-015a-4259-b94c-b90c35868427","source_type":"ml"}},{"type":"Feature","geometry":{"type":"Polygon","coordinates":[[[50.2338551,53.3032644],[50.2338312,53.3033592],[50.2335873,53.3033373],[50.2335934,53.303313],[50.2335042,53.303305],[50.2335163,53.3032572],[50.2336763,53.3032716],[50.233682,53.3032489],[50.2338551,53.3032644]]]},"properties":{"id":"7bb616a5-d143-4373-af78-1c502ddcbcc0","source_type":"ml"}},{"type":"Feature","geometry":{"type":"Polygon","coordinates":[[[50.2331276,53.3013768],[50.2330082,53.3014039],[50.2329409,53.3012984],[50.2330603,53.3012712],[50.2331276,53.3013768]]]},"properties":{"id":"86037871-0577-472e-b4fd-7e26acbfd5ac","source_type":"osm"}},{"type":"Feature","geometry":{"type":"Polygon","coordinates":[[[50.2333818,53.3013639],[50.2333893,53.3014269],[50.2332492,53.3014329],[50.2332417,53.3013699],[50.2333818,53.3013639]]]},"properties":{"id":"f32407a3-b49d-4a28-9ff4-749478a53130","source_type":"ml"}},{"type":"Feature","geometry":{"type":"Polygon","coordinates":[[[50.2331327,53.301866],[50.233128,53.30181],[50.2332083,53.3018077],[50.2332129,53.3018636],[50.2331327,53.301866]]]},"properties":{"id":"c46b54ed-e6be-4739-8767-cc3f8bbcb7e8","source_type":"ml"}},{"type":"Feature","geometry":{"type":"Polygon","coordinates":[[[50.2323697,53.3023545],[50.2325091,53.302353],[50.2325101,53.3023851],[50.2323707,53.3023866],[50.2323697,53.3023545]]]},"properties":{"id":"592d011e-1ad8-4e18-9cd0-b7b9fbf688a2","source_type":"ml"}},{"type":"Feature","geometry":{"type":"Polygon","coordinates":[[[50.2317463,53.3022577],[50.231744,53.3022112],[50.2318244,53.3022099],[50.2318267,53.3022563],[50.2317463,53.3022577]]]},"properties":{"id":"d9aad192-3370-4cca-83a6-31686f1de6d5","source_type":"ml"}},{"type":"Feature","geometry":{"type":"Polygon","coordinates":[[[50.2324985,53.3013572],[50.2326799,53.3013449],[50.232694,53.3014193],[50.2325457,53.3014293],[50.2325465,53.3014334],[50.2325134,53.3014356],[50.2324985,53.3013572]]]},"properties":{"id":"c72aea5d-6f4a-4dbd-b722-6c0e21813704","source_type":"ml"}},{"type":"Feature","geometry":{"type":"Polygon","coordinates":[[[50.2313626,53.2994421],[50.2314921,53.2994009],[50.2315822,53.299502],[50.2314527,53.2995433],[50.2313626,53.2994421]]]},"properties":{"id":"50ed4093-7373-46a8-9fb8-dd4cbea8d9c0","source_type":"ml"}},{"type":"Feature","geometry":{"type":"Polygon","coordinates":[[[50.2323632,53.2993318],[50.2323855,53.2993154],[50.2324651,53.2993542],[50.2324428,53.2993706],[50.2323632,53.2993318]]]},"properties":{"id":"9af3d8c4-3de1-45c1-876c-5001a83e2b1f","source_type":"ml"}},{"type":"Feature","geometry":{"type":"Polygon","coordinates":[[[50.2323694,53.2995637],[50.2324057,53.2996007],[50.2323539,53.2996189],[50.2323176,53.2995819],[50.2323694,53.2995637]]]},"properties":{"id":"657d2f1a-3d5d-4702-95d9-054116b3e1a6","source_type":"ml"}},{"type":"Feature","geometry":{"type":"Polygon","coordinates":[[[50.2346158,53.3018666],[50.2347027,53.301864],[50.2347087,53.3019351],[50.2346218,53.3019377],[50.2346158,53.3018666]]]},"properties":{"id":"c4365f55-6685-4a32-af36-05963ec7af18","source_type":"ml"}},{"type":"Feature","geometry":{"type":"Polygon","coordinates":[[[50.2360203,53.3028294],[50.2359843,53.3028058],[50.2360296,53.302781],[50.2360657,53.3028046],[50.2360203,53.3028294]]]},"properties":{"id":"c77ab310-27c6-422b-bf9d-4d7707a4337f","source_type":"ml"}},{"type":"Feature","geometry":{"type":"Polygon","coordinates":[[[50.2354217,53.3045894],[50.235444,53.3045409],[50.2355089,53.3045516],[50.2354866,53.3046],[50.2354217,53.3045894]]]},"properties":{"id":"ce2a010f-0be0-4301-8684-2c6e1952e04b","source_type":"ml"}},{"type":"Feature","geometry":{"type":"Polygon","coordinates":[[[50.236655,53.3056019],[50.2366872,53.3056017],[50.2366883,53.3056498],[50.2366507,53.3056501],[50.2366501,53.3056212],[50.2366018,53.3056216],[50.2366017,53.3056136],[50.2364515,53.3056147],[50.2364506,53.3055763],[50.2366545,53.3055747],[50.236655,53.3056019]]]},"properties":{"id":"c87ec2c1-16ed-40c7-b7c0-21292a321b00","source_type":"ml"}},{"type":"Feature","geometry":{"type":"Polygon","coordinates":[[[50.2367401,53.3057652],[50.2367381,53.3056947],[50.2368105,53.3056939],[50.2368125,53.3057644],[50.2367401,53.3057652]]]},"properties":{"id":"37813bc1-5de3-4711-9c66-649e76aea3f5","source_type":"ml"}},{"type":"Feature","geometry":{"type":"Polygon","coordinates":[[[50.2388363,53.3031958],[50.2388176,53.3031609],[50.2389223,53.3031409],[50.238951,53.3031948],[50.2388805,53.3032082],[50.2388704,53.3031893],[50.2388363,53.3031958]]]},"properties":{"id":"1b3ec572-7873-47df-9e98-ee6aaa0dc2c9","source_type":"ml"}},{"type":"Feature","geometry":{"type":"Polygon","coordinates":[[[50.2384667,53.3037768],[50.2383618,53.3037281],[50.2384249,53.3036795],[50.2384022,53.3036691],[50.2384715,53.3036157],[50.2383971,53.3035813],[50.2384277,53.3035577],[50.2386296,53.3036513],[50.2384667,53.3037768]]]},"properties":{"id":"929dfa77-f145-42df-98a8-622a7a27dfb9","source_type":"osm"}},{"type":"Feature","geometry":{"type":"Polygon","coordinates":[[[50.2380151,53.305116],[50.2379021,53.3051619],[50.2378153,53.3050856],[50.2379283,53.3050397],[50.2380151,53.305116]]]},"properties":{"id":"bbc3ba72-52f9-4431-a4cd-b8c7e93c6d96","source_type":"osm"}},{"type":"Feature","geometry":{"type":"Polygon","coordinates":[[[50.2386216,53.305406],[50.2384735,53.3054702],[50.2383721,53.3053866],[50.2385201,53.3053224],[50.2386216,53.305406]]]},"properties":{"id":"6d51c887-38d5-426b-aca4-ada273a7f415","source_type":"osm"}},{"type":"Feature","geometry":{"type":"Polygon","coordinates":[[[50.2384751,53.295756],[50.2385463,53.295732],[50.2386003,53.2957891],[50.2385291,53.2958132],[50.2384751,53.295756]]]},"properties":{"id":"61d2f415-1111-41ad-b2e9-8df16810cad4","source_type":"ml"}},{"type":"Feature","geometry":{"type":"Polygon","coordinates":[[[50.2377358,53.295964],[50.2378716,53.2959208],[50.2379239,53.2959795],[50.2378905,53.2959901],[50.2379283,53.2960326],[50.2378259,53.2960652],[50.2377358,53.295964]]]},"properties":{"id":"58b3dc96-3fdf-4257-9d77-34b3af577b14","source_type":"ml"}},{"type":"Feature","geometry":{"type":"Polygon","coordinates":[[[50.2347584,53.29778],[50.2346572,53.2977136],[50.2347431,53.2976668],[50.2348443,53.2977331],[50.2347584,53.29778]]]},"properties":{"id":"2fac16b1-b282-4c2f-b58e-68e79d1b1508","source_type":"osm"}},{"type":"Feature","geometry":{"type":"Polygon","coordinates":[[[50.2351873,53.2969319],[50.2352398,53.2969761],[50.2351721,53.2970048],[50.2351195,53.2969606],[50.2351873,53.2969319]]]},"properties":{"id":"6114c773-150e-43db-bdf8-996a61da9e62","source_type":"ml"}},{"type":"Feature","geometry":{"type":"Polygon","coordinates":[[[50.2404275,53.2952555],[50.2403229,53.2953063],[50.2402183,53.2952293],[50.2403229,53.2951786],[50.2404275,53.2952555]]]},"properties":{"id":"3e7d5105-90d2-4dad-9dc4-b82aa47fe996","source_type":"osm"}},{"type":"Feature","geometry":{"type":"Polygon","coordinates":[[[50.2425749,53.2944505],[50.2425357,53.2944196],[50.2426288,53.2943775],[50.242668,53.2944084],[50.2425749,53.2944505]]]},"properties":{"id":"f00ec6ac-6329-4d6e-843e-65239f24bd36","source_type":"osm"}},{"type":"Feature","geometry":{"type":"Polygon","coordinates":[[[50.2411127,53.2954797],[50.2410128,53.2953952],[50.2410898,53.2953627],[50.2411896,53.2954472],[50.2411127,53.2954797]]]},"properties":{"id":"480bc8e1-7a27-4bf2-ae02-48e01afb30dd","source_type":"ml"}},{"type":"Feature","geometry":{"type":"Polygon","coordinates":[[[50.2409012,53.2953017],[50.240867,53.2952729],[50.2409443,53.29524],[50.2409786,53.2952687],[50.2409012,53.2953017]]]},"properties":{"id":"70036396-3213-4e1f-8ca4-d5e53e599845","source_type":"ml"}},{"type":"Feature","geometry":{"type":"Polygon","coordinates":[[[50.2412394,53.296136],[50.2412869,53.2961786],[50.2412442,53.2961956],[50.2411967,53.296153],[50.2412394,53.296136]]]},"properties":{"id":"dc731660-b7ed-47a5-9f14-d090fcb1144d","source_type":"ml"}},{"type":"Feature","geometry":{"type":"Polygon","coordinates":[[[50.2411099,53.2964779],[50.2411699,53.2965234],[50.241112,53.2965507],[50.241052,53.2965052],[50.2411099,53.2964779]]]},"properties":{"id":"fc4eb7c1-7c1b-4f20-a72f-b33af9bdec58","source_type":"ml"}},{"type":"Feature","geometry":{"type":"Polygon","coordinates":[[[50.2424968,53.2976701],[50.2426397,53.2976389],[50.2426466,53.2976503],[50.2426363,53.2976525],[50.2426687,53.2977057],[50.2425361,53.2977346],[50.2424968,53.2976701]]]},"properties":{"id":"3aedc1d6-7305-41b4-a19a-66d63b5ca93b","source_type":"ml"}},{"type":"Feature","geometry":{"type":"Polygon","coordinates":[[[50.2428674,53.2964164],[50.2428132,53.2963619],[50.2428747,53.2963401],[50.2429289,53.2963946],[50.2428674,53.2964164]]]},"properties":{"id":"b2103787-010b-4c1f-b6df-6984f254f778","source_type":"ml"}},{"type":"Feature","geometry":{"type":"Polygon","coordinates":[[[50.2440165,53.2963742],[50.2439904,53.2963483],[50.2440328,53.296333],[50.2440589,53.2963589],[50.2440165,53.2963742]]]},"properties":{"id":"ce65ed59-cdfa-4197-ac9e-9d4790622f6b","source_type":"ml"}},{"type":"Feature","geometry":{"type":"Polygon","coordinates":[[[50.2440581,53.2967055],[50.2439868,53.2966279],[50.2440795,53.2965974],[50.2441508,53.296675],[50.2440581,53.2967055]]]},"properties":{"id":"86697daf-21b3-4ec3-b6b3-8b1b08bb3488","source_type":"ml"}},{"type":"Feature","geometry":{"type":"Polygon","coordinates":[[[50.2437735,53.2986969],[50.2437533,53.2986746],[50.2438295,53.2986501],[50.2438496,53.2986724],[50.2437735,53.2986969]]]},"properties":{"id":"32fcb85b-11ea-4dd0-8639-48053a1fa47c","source_type":"ml"}},{"type":"Feature","geometry":{"type":"Polygon","coordinates":[[[50.2443377,53.3048561],[50.2444518,53.3048591],[50.2444487,53.3049007],[50.2443346,53.3048977],[50.2443377,53.3048561]]]},"properties":{"id":"a2d819ed-2cb3-480d-b5e0-18ab4b123e69","source_type":"ml"}},{"type":"Feature","geometry":{"type":"Polygon","coordinates":[[[50.241131,53.3065309],[50.241198,53.3065318],[50.2411963,53.3065814],[50.2411293,53.3065806],[50.241131,53.3065309]]]},"properties":{"id":"b3424ddf-7be8-4e43-a629-91d209289466","source_type":"ml"}},{"type":"Feature","geometry":{"type":"Polygon","coordinates":[[[50.2415819,53.3058084],[50.2415825,53.3058437],[50.2415058,53.3058441],[50.2415052,53.3058089],[50.2415819,53.3058084]]]},"properties":{"id":"03e5ad4f-cc5e-4274-b42f-9975ad9f2d29","source_type":"ml"}},{"type":"Feature","geometry":{"type":"Polygon","coordinates":[[[50.2416999,53.3096621],[50.2417541,53.3096028],[50.2418169,53.3096233],[50.2417628,53.3096826],[50.2416999,53.3096621]]]},"properties":{"id":"e6dcb051-47c3-4173-889e-8eb9598bb671","source_type":"ml"}},{"type":"Feature","geometry":{"type":"Polygon","coordinates":[[[50.2439532,53.307875],[50.2439831,53.3079448],[50.2438736,53.3079616],[50.2438375,53.3078773],[50.2438891,53.3078694],[50.2438953,53.3078838],[50.2439532,53.307875]]]},"properties":{"id":"1dc9592c-7ac7-4b4a-9705-70e35a02dc8c","source_type":"ml"}},{"type":"Feature","geometry":{"type":"Polygon","coordinates":[[[50.243979,53.3063058],[50.2439335,53.306304],[50.2439376,53.3062657],[50.243983,53.3062675],[50.243979,53.3063058]]]},"properties":{"id":"96039466-8b27-438b-9fb6-d9c216d87f7c","source_type":"ml"}},{"type":"Feature","geometry":{"type":"Polygon","coordinates":[[[50.2392959,53.3086366],[50.2391619,53.3086382],[50.23916,53.3085831],[50.2392941,53.3085815],[50.2392959,53.3086366]]]},"properties":{"id":"3341505b-3a48-439f-865a-3f93b714a70e","source_type":"ml"}},{"type":"Feature","geometry":{"type":"Polygon","coordinates":[[[50.2403553,53.3062073],[50.2403509,53.3062681],[50.2402572,53.3062657],[50.2402616,53.3062049],[50.2403553,53.3062073]]]},"properties":{"id":"5b4e1c3d-20cb-4800-b03b-c4fd562e9909","source_type":"ml"}},{"type":"Feature","geometry":{"type":"Polygon","coordinates":[[[50.2402465,53.3059097],[50.2402442,53.3058697],[50.2403139,53.3058683],[50.2403162,53.3059083],[50.2402465,53.3059097]]]},"properties":{"id":"e731a790-25fd-4d0f-a70b-21898bed4923","source_type":"ml"}},{"type":"Feature","geometry":{"type":"Polygon","coordinates":[[[50.239177,53.3068399],[50.239165,53.3068012],[50.2392272,53.3067943],[50.2392392,53.3068331],[50.239177,53.3068399]]]},"properties":{"id":"698156ce-b45b-40af-9e04-471f96e9d034","source_type":"ml"}},{"type":"Feature","geometry":{"type":"Polygon","coordinates":[[[50.2392104,53.3072542],[50.2392096,53.3072189],[50.2392886,53.3072183],[50.2392894,53.3072536],[50.2392104,53.3072542]]]},"properties":{"id":"1dbe4055-51e3-41d9-8193-cfc9a8175446","source_type":"ml"}},{"type":"Feature","geometry":{"type":"Polygon","coordinates":[[[50.2368237,53.3063814],[50.2367145,53.3063127],[50.2367807,53.3062751],[50.2368899,53.3063437],[50.2368237,53.3063814]]]},"properties":{"id":"f92576c3-e8ac-4a4e-8e3c-60bee28e99fc","source_type":"ml"}},{"type":"Feature","geometry":{"type":"Polygon","coordinates":[[[50.2322973,53.3064315],[50.2322062,53.3064324],[50.2322038,53.3063458],[50.2322949,53.3063449],[50.2322973,53.3064315]]]},"properties":{"id":"13f5791a-38d5-4b22-8dc1-396f142a9020","source_type":"ml"}},{"type":"Feature","geometry":{"type":"Polygon","coordinates":[[[50.2314732,53.3058067],[50.2312798,53.30581],[50.2312771,53.3057537],[50.2314705,53.3057504],[50.2314732,53.3058067]]]},"properties":{"id":"d4521218-50da-4182-8f47-9a01cfedfb89","source_type":"osm"}},{"type":"Feature","geometry":{"type":"Polygon","coordinates":[[[50.2252285,53.306511],[50.2251985,53.3064565],[50.2252986,53.3064368],[50.2253286,53.3064913],[50.2252285,53.306511]]]},"properties":{"id":"bcde87c7-183b-4c3c-ab7c-8e31ac80ab39","source_type":"osm"}},{"type":"Feature","geometry":{"type":"Polygon","coordinates":[[[50.2251724,53.3066706],[50.2250291,53.3066759],[50.2250179,53.3065669],[50.2251611,53.3065616],[50.2251724,53.3066706]]]},"properties":{"id":"0a71db6d-5218-466e-abfb-74063754721d","source_type":"osm"}},{"type":"Feature","geometry":{"type":"Polygon","coordinates":[[[50.2245205,53.3065259],[50.2245382,53.3065629],[50.2243299,53.3065985],[50.2242952,53.3065259],[50.2243523,53.3065161],[50.2243416,53.3064939],[50.2244879,53.3064689],[50.2245071,53.3065089],[50.2244451,53.3065195],[50.2244536,53.3065373],[50.2245205,53.3065259]]]},"properties":{"id":"742a6b33-708b-4222-b66f-9e352588a070","source_type":"ml"}},{"type":"Feature","geometry":{"type":"Polygon","coordinates":[[[50.2292393,53.2936008],[50.2291943,53.2934938],[50.2293482,53.2934707],[50.2293579,53.2934938],[50.2294524,53.2934796],[50.2294877,53.2935635],[50.2292393,53.2936008]]]},"properties":{"id":"8fbfe050-3986-4947-90c4-7370058e8186","source_type":"ml"}},{"type":"Feature","geometry":{"type":"Polygon","coordinates":[[[50.2298444,53.2952158],[50.2298433,53.295195],[50.2297254,53.2951972],[50.2297233,53.2951588],[50.229927,53.2951549],[50.2299301,53.2952141],[50.2298444,53.2952158]]]},"properties":{"id":"c93255f6-6b39-461e-99ff-5e1197cda4c6","source_type":"ml"}},{"type":"Feature","geometry":{"type":"Polygon","coordinates":[[[50.2293885,53.2947148],[50.229335,53.2946141],[50.229524,53.2945782],[50.2295775,53.294679],[50.2293885,53.2947148]]]},"properties":{"id":"3411cc6a-c97a-4337-a4cb-8d812c12b0a3","source_type":"osm"}},{"type":"Feature","geometry":{"type":"Polygon","coordinates":[[[50.2291144,53.2942602],[50.2290952,53.294185],[50.2292131,53.2941742],[50.2292324,53.2942494],[50.2291144,53.2942602]]]},"properties":{"id":"090b85dd-cad6-4de5-88a3-de2328cba4f6","source_type":"ml"}},{"type":"Feature","geometry":{"type":"Polygon","coordinates":[[[50.233258,53.2969996],[50.2332533,53.2970427],[50.2331598,53.297039],[50.2331645,53.2969959],[50.233258,53.2969996]]]},"properties":{"id":"27f34437-3dbd-45f9-8b14-745581830d52","source_type":"ml"}},{"type":"Feature","geometry":{"type":"Polygon","coordinates":[[[50.2343461,53.2974967],[50.23444,53.2975551],[50.2343655,53.2975979],[50.2342717,53.2975395],[50.2343461,53.2974967]]]},"properties":{"id":"7369face-ead2-4edd-b0e3-047b2f162123","source_type":"ml"}},{"type":"Feature","geometry":{"type":"Polygon","coordinates":[[[50.233097,53.2989557],[50.233042,53.298895],[50.2331346,53.298865],[50.2331896,53.2989258],[50.233097,53.2989557]]]},"properties":{"id":"aedfb999-310b-4204-92ca-047aeade6f34","source_type":"ml"}},{"type":"Feature","geometry":{"type":"Polygon","coordinates":[[[50.2328928,53.2988706],[50.2329607,53.2988564],[50.2329846,53.2988972],[50.2329167,53.2989114],[50.2328928,53.2988706]]]},"properties":{"id":"08bbf1b2-e3a9-4ed5-889e-de9723a6fe2f","source_type":"ml"}},{"type":"Feature","geometry":{"type":"Polygon","coordinates":[[[50.2327535,53.2980005],[50.2325918,53.2980028],[50.2325879,53.2979052],[50.2327497,53.2979029],[50.2327535,53.2980005]]]},"properties":{"id":"d29c9086-3f45-4128-a5a6-d9ef7a4a380d","source_type":"osm"}},{"type":"Feature","geometry":{"type":"Polygon","coordinates":[[[50.232507,53.2980173],[50.2323456,53.2980225],[50.2323359,53.2979167],[50.2324973,53.2979115],[50.232507,53.2980173]]]},"properties":{"id":"bc64c2aa-96ee-4680-af06-aeb0226a558f","source_type":"osm"}},{"type":"Feature","geometry":{"type":"Polygon","coordinates":[[[50.2315364,53.2987468],[50.2316453,53.2986869],[50.2316961,53.2987199],[50.2315872,53.2987798],[50.2315364,53.2987468]]]},"properties":{"id":"e369bb93-a0ca-4a54-9464-002ae8f58119","source_type":"ml"}},{"type":"Feature","geometry":{"type":"Polygon","coordinates":[[[50.2302724,53.298706],[50.2303136,53.2987049],[50.2303175,53.2987577],[50.2302763,53.2987588],[50.2302724,53.298706]]]},"properties":{"id":"508c697a-8cc7-4795-a149-3ea3d5a4091a","source_type":"ml"}},{"type":"Feature","geometry":{"type":"Polygon","coordinates":[[[50.2299239,53.2979628],[50.2299183,53.2979376],[50.2300131,53.2979301],[50.2300188,53.2979553],[50.2299239,53.2979628]]]},"properties":{"id":"4b0b032c-d213-4dba-b52b-8ff939418952","source_type":"ml"}},{"type":"Feature","geometry":{"type":"Polygon","coordinates":[[[50.230901,53.2974359],[50.2309021,53.2974872],[50.230827,53.2974878],[50.2308259,53.2974365],[50.230901,53.2974359]]]},"properties":{"id":"0dd8ed6a-b583-450c-a3f8-ce2d9b00ba4a","source_type":"ml"}},{"type":"Feature","geometry":{"type":"Polygon","coordinates":[[[50.2309603,53.2976233],[50.2310967,53.297619],[50.2311035,53.2976968],[50.2309938,53.2977002],[50.2309914,53.297673],[50.2309647,53.2976738],[50.2309603,53.2976233]]]},"properties":{"id":"5df0250b-002a-499a-b2ad-176513bd44a2","source_type":"ml"}},{"type":"Feature","geometry":{"type":"Polygon","coordinates":[[[50.2295672,53.2986855],[50.2296809,53.2986869],[50.2296795,53.2987254],[50.229709,53.2987257],[50.2297069,53.2987866],[50.2295637,53.2987848],[50.2295672,53.2986855]]]},"properties":{"id":"fbc28fc3-cb93-4db1-84e0-6465cfc8f1d8","source_type":"ml"}},{"type":"Feature","geometry":{"type":"Polygon","coordinates":[[[50.2292952,53.2990719],[50.229291,53.2989646],[50.2294905,53.2989618],[50.2294907,53.2989667],[50.2295539,53.2989658],[50.2295582,53.2990758],[50.2294922,53.2990767],[50.2294912,53.299051],[50.2293936,53.2990524],[50.2293943,53.2990706],[50.2292952,53.2990719]]]},"properties":{"id":"3b32c6d2-2f3c-4c5f-b18a-3c32913b8f76","source_type":"ml"}},{"type":"Feature","geometry":{"type":"Polygon","coordinates":[[[50.2296886,53.299731],[50.2295798,53.2997297],[50.2295813,53.2996832],[50.2296901,53.2996846],[50.2296886,53.299731]]]},"properties":{"id":"4d95e465-d29a-4690-b6dd-90641d635417","source_type":"ml"}},{"type":"Feature","geometry":{"type":"Polygon","coordinates":[[[50.2294849,53.2992577],[50.2294993,53.299352],[50.2292721,53.2993644],[50.2292638,53.2993098],[50.2292942,53.2993081],[50.2292881,53.2992684],[50.2294849,53.2992577]]]},"properties":{"id":"2d5a09e3-a034-4c2a-bd69-e3688de68876","source_type":"ml"}},{"type":"Feature","geometry":{"type":"Polygon","coordinates":[[[50.231108,53.3001141],[50.2311085,53.3000894],[50.2312009,53.3000901],[50.2312004,53.3001148],[50.231108,53.3001141]]]},"properties":{"id":"6e71d604-6625-4ecc-80f6-30aee06366e3","source_type":"ml"}},{"type":"Feature","geometry":{"type":"Polygon","coordinates":[[[50.2306262,53.300565],[50.2306835,53.3005591],[50.2306925,53.3005902],[50.2306352,53.3005961],[50.2306262,53.300565]]]},"properties":{"id":"2c5972d5-e684-46a2-a02d-54676e738e46","source_type":"ml"}},{"type":"Feature","geometry":{"type":"Polygon","coordinates":[[[50.2307364,53.3014662],[50.230808,53.3014617],[50.230813,53.3014902],[50.2307414,53.3014947],[50.2307364,53.3014662]]]},"properties":{"id":"0a790f7f-be9d-4b65-9c2f-87539e4a3df0","source_type":"ml"}},{"type":"Feature","geometry":{"type":"Polygon","coordinates":[[[50.230587,53.3017374],[50.2306559,53.3017328],[50.2306662,53.3017882],[50.2305973,53.3017928],[50.230587,53.3017374]]]},"properties":{"id":"49f83819-4eea-4be2-9867-ba39aad43d89","source_type":"ml"}},{"type":"Feature","geometry":{"type":"Polygon","coordinates":[[[50.2300457,53.3018299],[50.2300457,53.3017568],[50.2302174,53.3017568],[50.2302173,53.3019171],[50.2299744,53.301917],[50.2299745,53.3018299],[50.2300457,53.3018299]]]},"properties":{"id":"49c3c5d5-bdd8-419e-98ba-550e9b132f3d","source_type":"ml"}},{"type":"Feature","geometry":{"type":"Polygon","coordinates":[[[50.2288822,53.3015138],[50.2289706,53.3015123],[50.2289743,53.3015908],[50.2288859,53.3015923],[50.2288822,53.3015138]]]},"properties":{"id":"1cf69e81-45f0-498a-8afa-57a6a2434f49","source_type":"ml"}},{"type":"Feature","geometry":{"type":"Polygon","coordinates":[[[50.229056,53.3022444],[50.2291391,53.3022432],[50.229142,53.3023131],[50.2290589,53.3023143],[50.229056,53.3022444]]]},"properties":{"id":"c96a81e3-9dbe-4854-8b3c-025fa9db8561","source_type":"ml"}},{"type":"Feature","geometry":{"type":"Polygon","coordinates":[[[50.2289181,53.3043105],[50.2290897,53.3043127],[50.2290869,53.3043934],[50.2289153,53.3043912],[50.2289181,53.3043105]]]},"properties":{"id":"d86220d1-f622-4980-a58d-9be921b283a8","source_type":"ml"}},{"type":"Feature","geometry":{"type":"Polygon","coordinates":[[[50.2285591,53.3050651],[50.2281956,53.3048331],[50.2285776,53.3048258],[50.2285591,53.3050651]]]},"properties":{"id":"b05316c1-97d2-47e7-ba68-2d5b49afa116","source_type":"osm"}},{"type":"Feature","geometry":{"type":"Polygon","coordinates":[[[50.2297141,53.3057506],[50.2297127,53.3057255],[50.2298253,53.3057234],[50.2298266,53.3057484],[50.2297141,53.3057506]]]},"properties":{"id":"101cb2fe-c671-4990-938a-1f9581d550b5","source_type":"ml"}},{"type":"Feature","geometry":{"type":"Polygon","coordinates":[[[50.2298991,53.3046392],[50.2299339,53.3047065],[50.2297665,53.3047374],[50.2297317,53.30467],[50.2298991,53.3046392]]]},"properties":{"id":"8a78ab98-9ae0-4659-8968-ff950135d6ed","source_type":"ml"}},{"type":"Feature","geometry":{"type":"Polygon","coordinates":[[[50.2302529,53.3031649],[50.2302574,53.3032289],[50.2301824,53.3032307],[50.230178,53.3031667],[50.2302529,53.3031649]]]},"properties":{"id":"6b1e2293-8ec5-40f1-b288-078d9ec71af9","source_type":"ml"}},{"type":"Feature","geometry":{"type":"Polygon","coordinates":[[[50.2314256,53.3032969],[50.2315461,53.3032996],[50.231541,53.3033797],[50.2314205,53.3033769],[50.2314256,53.3032969]]]},"properties":{"id":"3458ed60-6a80-45d6-818c-35f99e0e9ce4","source_type":"ml"}},{"type":"Feature","geometry":{"type":"Polygon","coordinates":[[[50.2324128,53.3041498],[50.2324577,53.3041531],[50.2324491,53.3041941],[50.2324042,53.3041908],[50.2324128,53.3041498]]]},"properties":{"id":"b1ea0e69-33f1-4b1c-86eb-738315313c68","source_type":"ml"}},{"type":"Feature","geometry":{"type":"Polygon","coordinates":[[[50.2325167,53.3041886],[50.2326001,53.3042076],[50.2325884,53.3042258],[50.2325051,53.3042068],[50.2325167,53.3041886]]]},"properties":{"id":"c59f1b75-11fc-45e6-bf81-94acb0bc89c3","source_type":"ml"}},{"type":"Feature","geometry":{"type":"Polygon","coordinates":[[[50.2334515,53.3030647],[50.2333045,53.3030472],[50.2333261,53.3029828],[50.233473,53.3030004],[50.2334515,53.3030647]]]},"properties":{"id":"d51b77a3-4969-4fd9-b322-278b94f20179","source_type":"osm"}},{"type":"Feature","geometry":{"type":"Polygon","coordinates":[[[50.2331745,53.3026333],[50.2329776,53.3026386],[50.2329738,53.3025891],[50.2331707,53.3025837],[50.2331745,53.3026333]]]},"properties":{"id":"2a7ef819-b691-47c9-8c66-0503106f1172","source_type":"ml"}},{"type":"Feature","geometry":{"type":"Polygon","coordinates":[[[50.2339282,53.3025189],[50.2339301,53.3024596],[50.2339945,53.3024603],[50.2339926,53.3025196],[50.2339282,53.3025189]]]},"properties":{"id":"b56bdbbf-f2cf-4140-aa06-2631f4afe0a3","source_type":"ml"}},{"type":"Feature","geometry":{"type":"Polygon","coordinates":[[[50.2338432,53.3012806],[50.2339078,53.3015015],[50.2338246,53.3015102],[50.2338041,53.3014402],[50.2336531,53.3014559],[50.2336322,53.3013844],[50.2336608,53.3013814],[50.2336404,53.3013114],[50.2337393,53.3013011],[50.2337311,53.3012731],[50.2338014,53.3012658],[50.2338068,53.3012844],[50.2338432,53.3012806]]]},"properties":{"id":"b0a3b388-b81b-48ba-b1ae-25b194f72ac0","source_type":"ml"}},{"type":"Feature","geometry":{"type":"Polygon","coordinates":[[[50.2318541,53.3008246],[50.2318372,53.3007628],[50.2319678,53.3007501],[50.2319847,53.3008119],[50.2318541,53.3008246]]]},"properties":{"id":"4fa001ab-71a2-49e3-ac15-33355487fc3c","source_type":"ml"}},{"type":"Feature","geometry":{"type":"Polygon","coordinates":[[[50.23196,53.3004051],[50.2319789,53.3004285],[50.2318864,53.3004551],[50.231855,53.3004161],[50.2319116,53.3003998],[50.2319242,53.3004154],[50.23196,53.3004051]]]},"properties":{"id":"b40e2dec-61e7-4a5a-90de-d69432d6c098","source_type":"ml"}},{"type":"Feature","geometry":{"type":"Polygon","coordinates":[[[50.2316679,53.3000914],[50.2318274,53.3000494],[50.2319155,53.3001689],[50.231756,53.3002108],[50.2316679,53.3000914]]]},"properties":{"id":"93053cff-349d-454d-b13f-0f33654a3e7d","source_type":"ml"}},{"type":"Feature","geometry":{"type":"Polygon","coordinates":[[[50.2314479,53.2997335],[50.2315324,53.2997167],[50.231567,53.2997787],[50.2314825,53.2997955],[50.2314479,53.2997335]]]},"properties":{"id":"c2266e91-923d-45e1-a730-dae51646f6ad","source_type":"ml"}},{"type":"Feature","geometry":{"type":"Polygon","coordinates":[[[50.2349614,53.3028436],[50.2349962,53.3028424],[50.2350005,53.3028855],[50.2349658,53.3028867],[50.2349614,53.3028436]]]},"properties":{"id":"f922cd09-c825-414c-b82b-d44f0af450bc","source_type":"ml"}},{"type":"Feature","geometry":{"type":"Polygon","coordinates":[[[50.2350759,53.3029967],[50.2351483,53.3029974],[50.2351469,53.3030495],[50.2350745,53.3030488],[50.2350759,53.3029967]]]},"properties":{"id":"1e9931ce-368d-404a-a815-0fdaaa74d1f6","source_type":"ml"}},{"type":"Feature","geometry":{"type":"Polygon","coordinates":[[[50.2350823,53.304474],[50.2351277,53.3044441],[50.2352131,53.3044903],[50.2351824,53.3045106],[50.2351382,53.3044867],[50.2351235,53.3044963],[50.2350823,53.304474]]]},"properties":{"id":"d8d7187f-63fe-4d07-bb82-a3b12136d0fc","source_type":"ml"}},{"type":"Feature","geometry":{"type":"Polygon","coordinates":[[[50.2359253,53.3057021],[50.2358847,53.3056987],[50.2358934,53.305661],[50.235934,53.3056643],[50.2359253,53.3057021]]]},"properties":{"id":"13c3ae99-59de-4a61-8741-b7cf5ccd661f","source_type":"ml"}},{"type":"Feature","geometry":{"type":"Polygon","coordinates":[[[50.2367362,53.3050138],[50.2367571,53.3049658],[50.2368476,53.3049798],[50.2368267,53.3050279],[50.2367362,53.3050138]]]},"properties":{"id":"3d642049-7a57-4d20-925e-00d68ffdad0b","source_type":"ml"}},{"type":"Feature","geometry":{"type":"Polygon","coordinates":[[[50.2369833,53.3049067],[50.2369,53.304898],[50.2369164,53.3048421],[50.2369997,53.3048508],[50.2369833,53.3049067]]]},"properties":{"id":"e233e4d7-a940-417c-bfb4-f175d98e45c1","source_type":"ml"}},{"type":"Feature","geometry":{"type":"Polygon","coordinates":[[[50.2384579,53.3034329],[50.2386103,53.3034604],[50.2385791,53.3035221],[50.2384267,53.3034946],[50.2384579,53.3034329]]]},"properties":{"id":"086fa543-a107-4f5b-ae0c-7a9ad398ec31","source_type":"ml"}},{"type":"Feature","geometry":{"type":"Polygon","coordinates":[[[50.2401979,53.2974003],[50.240274,53.2974232],[50.2402211,53.2974858],[50.240145,53.2974629],[50.2401979,53.2974003]]]},"properties":{"id":"de619102-2199-4a3f-bdda-c83b5323ed9a","source_type":"ml"}},{"type":"Feature","geometry":{"type":"Polygon","coordinates":[[[50.2405541,53.2966238],[50.240592,53.2966934],[50.2405241,53.2967066],[50.2404862,53.296637],[50.2405541,53.2966238]]]},"properties":{"id":"1f412f6d-f5f6-4d80-8d1f-f20b952461e7","source_type":"ml"}},{"type":"Feature","geometry":{"type":"Polygon","coordinates":[[[50.2396809,53.2969298],[50.239653,53.2969088],[50.2397404,53.2968674],[50.2397683,53.2968885],[50.2396809,53.2969298]]]},"properties":{"id":"02562543-a8e9-48e0-9df7-e91460b0acb8","source_type":"ml"}},{"type":"Feature","geometry":{"type":"Polygon","coordinates":[[[50.2390518,53.2962719],[50.2389577,53.2963179],[50.2388611,53.2962473],[50.2389552,53.2962013],[50.2390518,53.2962719]]]},"properties":{"id":"382683f9-94df-4290-9415-6e9d363171a9","source_type":"osm"}},{"type":"Feature","geometry":{"type":"Polygon","coordinates":[[[50.2381916,53.2958807],[50.238241,53.2959295],[50.2381821,53.2959508],[50.2381327,53.295902],[50.2381916,53.2958807]]]},"properties":{"id":"9c4dd3b0-eaca-4ae9-9b57-064a344fff57","source_type":"ml"}},{"type":"Feature","geometry":{"type":"Polygon","coordinates":[[[50.2379853,53.2960119],[50.2380318,53.2959872],[50.2380872,53.2960245],[50.2380407,53.2960492],[50.2379853,53.2960119]]]},"properties":{"id":"6ef65241-8d7d-4c15-99a1-7a5c9165be81","source_type":"ml"}},{"type":"Feature","geometry":{"type":"Polygon","coordinates":[[[50.2380325,53.2968755],[50.2381275,53.2969584],[50.2380246,53.2970006],[50.2379295,53.2969177],[50.2380325,53.2968755]]]},"properties":{"id":"0f95bf26-e2d5-4fb9-b77d-101598cd174b","source_type":"ml"}},{"type":"Feature","geometry":{"type":"Polygon","coordinates":[[[50.2360572,53.2962962],[50.2361332,53.2962658],[50.2361592,53.2962891],[50.2360832,53.2963195],[50.2360572,53.2962962]]]},"properties":{"id":"0c224ccd-fe6d-42df-8b73-1887e19e25ac","source_type":"ml"}},{"type":"Feature","geometry":{"type":"Polygon","coordinates":[[[50.2351568,53.29547],[50.2352094,53.2955157],[50.2351757,53.2955295],[50.2351231,53.2954838],[50.2351568,53.29547]]]},"properties":{"id":"c76ae6fd-a730-4c41-b899-8222cfbb483f","source_type":"ml"}},{"type":"Feature","geometry":{"type":"Polygon","coordinates":[[[50.2351647,53.2954094],[50.2352296,53.2953962],[50.235246,53.295425],[50.235181,53.2954381],[50.2351647,53.2954094]]]},"properties":{"id":"3f70f229-69e6-403a-a79f-9d4840762a6a","source_type":"ml"}},{"type":"Feature","geometry":{"type":"Polygon","coordinates":[[[50.2349834,53.2954311],[50.2349457,53.2953821],[50.2349945,53.2953687],[50.2350321,53.2954177],[50.2349834,53.2954311]]]},"properties":{"id":"b4eeeddf-ed4d-4eea-b4e2-6b0fa44df497","source_type":"ml"}},{"type":"Feature","geometry":{"type":"Polygon","coordinates":[[[50.2348048,53.2954501],[50.2348535,53.2954853],[50.2348089,53.2955073],[50.2347602,53.2954721],[50.2348048,53.2954501]]]},"properties":{"id":"6e3c97fc-bbbc-4523-a2dd-13b6982cbc3c","source_type":"ml"}},{"type":"Feature","geometry":{"type":"Polygon","coordinates":[[[50.2351873,53.2952329],[50.2351433,53.2952006],[50.2352006,53.2951727],[50.2352446,53.295205],[50.2351873,53.2952329]]]},"properties":{"id":"26376d0c-ce26-4f5e-a5c8-63e02e0e7a77","source_type":"ml"}},{"type":"Feature","geometry":{"type":"Polygon","coordinates":[[[50.2424789,53.2951287],[50.2425068,53.2951775],[50.2424323,53.2951927],[50.2424044,53.2951439],[50.2424789,53.2951287]]]},"properties":{"id":"a9c0d7e1-08da-4c24-afb7-a53b592f0f86","source_type":"ml"}},{"type":"Feature","geometry":{"type":"Polygon","coordinates":[[[50.2418539,53.2955557],[50.2417532,53.2955999],[50.2416599,53.2955238],[50.2417606,53.2954797],[50.2418539,53.2955557]]]},"properties":{"id":"76b731c6-9cd0-42cf-8232-d1ca116804ba","source_type":"osm"}},{"type":"Feature","geometry":{"type":"Polygon","coordinates":[[[50.2415041,53.2944141],[50.2415846,53.2944763],[50.2415502,53.2944922],[50.2414697,53.2944301],[50.2415041,53.2944141]]]},"properties":{"id":"5d9d6ba3-6e02-4940-8780-b01aea0d1fb8","source_type":"ml"}},{"type":"Feature","geometry":{"type":"Polygon","coordinates":[[[50.2416567,53.2948704],[50.2415972,53.2948226],[50.2417517,53.2947549],[50.2418126,53.294804],[50.2416567,53.2948704]]]},"properties":{"id":"e2920ddc-7f18-4226-84f0-5f7e9a3d79ed","source_type":"osm"}},{"type":"Feature","geometry":{"type":"Polygon","coordinates":[[[50.2409569,53.2961149],[50.2409204,53.2960758],[50.2409806,53.2960557],[50.2410171,53.2960949],[50.2409569,53.2961149]]]},"properties":{"id":"6c5958d1-2465-4027-9f11-570bc9fd9433","source_type":"ml"}},{"type":"Feature","geometry":{"type":"Polygon","coordinates":[[[50.2413544,53.296238],[50.2413187,53.2961878],[50.2413597,53.2961774],[50.2413953,53.2962277],[50.2413544,53.296238]]]},"properties":{"id":"8dda75bc-855e-4770-8a72-0f6da337740d","source_type":"ml"}},{"type":"Feature","geometry":{"type":"Polygon","coordinates":[[[50.2423542,53.2985388],[50.2424596,53.2985044],[50.2425137,53.2985637],[50.2424083,53.2985981],[50.2423542,53.2985388]]]},"properties":{"id":"c09d2e51-d791-437c-bf67-020a9f28288c","source_type":"ml"}},{"type":"Feature","geometry":{"type":"Polygon","coordinates":[[[50.2431418,53.297617],[50.2430983,53.2975684],[50.2431818,53.2975418],[50.2432252,53.2975904],[50.2431418,53.297617]]]},"properties":{"id":"d3bffcf2-8107-4431-8b0a-57555b0ecdcc","source_type":"ml"}},{"type":"Feature","geometry":{"type":"Polygon","coordinates":[[[50.2424297,53.2969598],[50.2425058,53.2969288],[50.2425602,53.2969764],[50.2424842,53.2970075],[50.2424297,53.2969598]]]},"properties":{"id":"260375e2-fe4e-49fd-b2cf-3be5a5466180","source_type":"ml"}},{"type":"Feature","geometry":{"type":"Polygon","coordinates":[[[50.2432651,53.2962333],[50.2433754,53.2963328],[50.2432327,53.2963892],[50.2431643,53.2963275],[50.2431988,53.2963139],[50.2431569,53.2962761],[50.2432651,53.2962333]]]},"properties":{"id":"10ea2e8e-2297-4570-ac43-81e13ed876b4","source_type":"osm"}},{"type":"Feature","geometry":{"type":"Polygon","coordinates":[[[50.2443121,53.2967584],[50.244273,53.2967115],[50.244369,53.296683],[50.244408,53.29673],[50.2443121,53.2967584]]]},"properties":{"id":"0c8df9d0-545c-495f-a54e-6c1c0ee3f08f","source_type":"ml"}},{"type":"Feature","geometry":{"type":"Polygon","coordinates":[[[50.2444942,53.2977184],[50.2445978,53.2978106],[50.2445368,53.2978351],[50.2444332,53.2977428],[50.2444942,53.2977184]]]},"properties":{"id":"cba398c6-9afb-4a05-b6ab-0ecb0e8a65c9","source_type":"ml"}},{"type":"Feature","geometry":{"type":"Polygon","coordinates":[[[50.2445144,53.2978488],[50.2445561,53.2978989],[50.2445195,53.2979098],[50.2444778,53.2978596],[50.2445144,53.2978488]]]},"properties":{"id":"32c1b785-a26e-4d22-9a27-f709457ef21b","source_type":"ml"}},{"type":"Feature","geometry":{"type":"Polygon","coordinates":[[[50.2432815,53.3060109],[50.2433483,53.3060132],[50.2433439,53.3060595],[50.243277,53.3060572],[50.2432815,53.3060109]]]},"properties":{"id":"2a2b9b39-565f-433d-9174-060ed4b06020","source_type":"ml"}},{"type":"Feature","geometry":{"type":"Polygon","coordinates":[[[50.2427016,53.3066463],[50.2427031,53.3066184],[50.2427942,53.3066201],[50.2427927,53.306648],[50.2427016,53.3066463]]]},"properties":{"id":"30fd980e-8f10-4420-8fe1-29fc704d38e6","source_type":"ml"}},{"type":"Feature","geometry":{"type":"Polygon","coordinates":[[[50.2425035,53.3075805],[50.2425013,53.3076276],[50.242437,53.3076265],[50.2424391,53.3075794],[50.2425035,53.3075805]]]},"properties":{"id":"4bffe370-fadf-42b8-bd50-09d859448349","source_type":"ml"}},{"type":"Feature","geometry":{"type":"Polygon","coordinates":[[[50.2443451,53.3079396],[50.2443331,53.3079042],[50.24444,53.3078912],[50.244452,53.3079266],[50.2443451,53.3079396]]]},"properties":{"id":"41434102-498d-405c-81e1-de7d487fcb3e","source_type":"ml"}},{"type":"Feature","geometry":{"type":"Polygon","coordinates":[[[50.2445262,53.3073779],[50.2444726,53.3073784],[50.2444718,53.3073472],[50.2445254,53.3073467],[50.2445262,53.3073779]]]},"properties":{"id":"5456d67e-bb6c-4bbf-878c-784e8e49836a","source_type":"ml"}},{"type":"Feature","geometry":{"type":"Polygon","coordinates":[[[50.2439685,53.3065787],[50.2440543,53.3065803],[50.2440499,53.306662],[50.2439641,53.3066603],[50.2439685,53.3065787]]]},"properties":{"id":"88ca4e56-cc83-40f9-bce3-2d571e536e03","source_type":"ml"}},{"type":"Feature","geometry":{"type":"Polygon","coordinates":[[[50.2439876,53.3063036],[50.2439937,53.3062229],[50.2440996,53.3062257],[50.2440935,53.3063064],[50.2439876,53.3063036]]]},"properties":{"id":"a335beb2-1b38-492d-83b4-2fd76bd36d04","source_type":"ml"}},{"type":"Feature","geometry":{"type":"Polygon","coordinates":[[[50.2393259,53.3076765],[50.2392294,53.3076751],[50.2392309,53.3076351],[50.2393274,53.3076364],[50.2393259,53.3076765]]]},"properties":{"id":"14ce9676-90af-4365-b1fa-17b5aca3ffe9","source_type":"ml"}},{"type":"Feature","geometry":{"type":"Polygon","coordinates":[[[50.2404856,53.3058364],[50.2404883,53.3058699],[50.2404081,53.3058723],[50.2404053,53.3058387],[50.2404856,53.3058364]]]},"properties":{"id":"b9979ca6-b5a4-48cd-88b0-cfc93c1e02e3","source_type":"ml"}},{"type":"Feature","geometry":{"type":"Polygon","coordinates":[[[50.2353013,53.308666],[50.2353343,53.3085187],[50.2354699,53.3085296],[50.2354369,53.3086768],[50.2353013,53.308666]]]},"properties":{"id":"ed7f6f42-a67d-4e8c-a6c8-18230f1c899e","source_type":"ml"}},{"type":"Feature","geometry":{"type":"Polygon","coordinates":[[[50.2320811,53.3058283],[50.2319974,53.3058324],[50.2319859,53.305747],[50.2320695,53.3057429],[50.2320811,53.3058283]]]},"properties":{"id":"0e3d13fb-3d91-4e06-8179-b9f9cfdbba60","source_type":"osm"}},{"type":"Feature","geometry":{"type":"Polygon","coordinates":[[[50.2268482,53.3082173],[50.2268049,53.3081934],[50.2268423,53.3081692],[50.2268857,53.3081932],[50.2268482,53.3082173]]]},"properties":{"id":"18e3d890-95c7-4fbf-be91-44aa4ccd43ce","source_type":"ml"}},{"type":"Feature","geometry":{"type":"Polygon","coordinates":[[[50.2251408,53.2953535],[50.2251474,53.2953851],[50.2251025,53.2953884],[50.2250959,53.2953568],[50.2251408,53.2953535]]]},"properties":{"id":"803ff35e-b373-4c88-bdcc-eb803d1d26d8","source_type":"ml"}},{"type":"Feature","geometry":{"type":"Polygon","coordinates":[[[50.2295512,53.2949596],[50.2296115,53.2949488],[50.2296329,53.2949914],[50.2295727,53.2950022],[50.2295512,53.2949596]]]},"properties":{"id":"32e87f4e-e77b-45c6-8fe3-4d2042bef0f8","source_type":"ml"}},{"type":"Feature","geometry":{"type":"Polygon","coordinates":[[[50.2301716,53.2940073],[50.2302157,53.2940066],[50.2302197,53.2940963],[50.2301756,53.294097],[50.2301716,53.2940073]]]},"properties":{"id":"409c7b36-01d9-41ce-885c-21582ab72017","source_type":"ml"}},{"type":"Feature","geometry":{"type":"Polygon","coordinates":[[[50.2301447,53.294846],[50.2301406,53.2948875],[50.230031,53.2948837],[50.2300351,53.2948421],[50.2301447,53.294846]]]},"properties":{"id":"fc0ca602-7678-43a0-99ba-f579deba6b85","source_type":"ml"}},{"type":"Feature","geometry":{"type":"Polygon","coordinates":[[[50.2300562,53.2938462],[50.2301091,53.2938423],[50.230121,53.2938991],[50.2300682,53.293903],[50.2300562,53.2938462]]]},"properties":{"id":"c4fc3914-7a2f-4da2-8d45-e7c95e6a4d59","source_type":"ml"}},{"type":"Feature","geometry":{"type":"Polygon","coordinates":[[[50.2327647,53.296633],[50.2327683,53.2966762],[50.2327148,53.2966778],[50.2327161,53.2966938],[50.2326706,53.2966951],[50.2326657,53.2966359],[50.2327647,53.296633]]]},"properties":{"id":"1cc3d98c-fdca-449b-b061-4c259849cecb","source_type":"ml"}},{"type":"Feature","geometry":{"type":"Polygon","coordinates":[[[50.2342104,53.2973889],[50.2341088,53.2973282],[50.2342197,53.2972619],[50.2343213,53.2973226],[50.2342104,53.2973889]]]},"properties":{"id":"f3d366da-dff2-4eab-a0ef-b49b6537d7f4","source_type":"osm"}},{"type":"Feature","geometry":{"type":"Polygon","coordinates":[[[50.2317958,53.2990153],[50.231845,53.298989],[50.2319097,53.2990323],[50.2318606,53.2990586],[50.2317958,53.2990153]]]},"properties":{"id":"52454501-b221-4b98-becf-731ffc39a795","source_type":"ml"}},{"type":"Feature","geometry":{"type":"Polygon","coordinates":[[[50.2297896,53.2958476],[50.2298207,53.2959058],[50.2297477,53.2959198],[50.2297166,53.2958616],[50.2297896,53.2958476]]]},"properties":{"id":"cc727ef0-577e-4b6b-bd0b-f5bb5c6e8045","source_type":"ml"}},{"type":"Feature","geometry":{"type":"Polygon","coordinates":[[[50.2285303,53.2981823],[50.2285268,53.2981263],[50.2286366,53.2981238],[50.2286401,53.2981798],[50.2285303,53.2981823]]]},"properties":{"id":"d5b834eb-e9b7-4364-aedb-22688d15ba37","source_type":"ml"}},{"type":"Feature","geometry":{"type":"Polygon","coordinates":[[[50.2294174,53.2974007],[50.2294211,53.2973446],[50.2295068,53.2973467],[50.2295031,53.2974027],[50.2294174,53.2974007]]]},"properties":{"id":"b94e022f-e2e4-48e4-9484-daa76d4a3032","source_type":"ml"}},{"type":"Feature","geometry":{"type":"Polygon","coordinates":[[[50.2297385,53.2979694],[50.2297419,53.2980184],[50.2296446,53.2980208],[50.2296411,53.2979718],[50.2297385,53.2979694]]]},"properties":{"id":"ebbdb226-eaec-4e4c-8c4d-604a93139e09","source_type":"ml"}},{"type":"Feature","geometry":{"type":"Polygon","coordinates":[[[50.2297525,53.2992339],[50.2297554,53.2992878],[50.2295572,53.2992917],[50.2295555,53.2992619],[50.2295191,53.2992626],[50.2295166,53.2992177],[50.2295648,53.2992168],[50.2295636,53.2991938],[50.2296815,53.2991915],[50.2296821,53.2992027],[50.2297491,53.2992013],[50.2297509,53.299234],[50.2297525,53.2992339]]]},"properties":{"id":"86da753f-88d7-408b-b67a-0c60b1bc7997","source_type":"ml"}},{"type":"Feature","geometry":{"type":"Polygon","coordinates":[[[50.2309949,53.2994439],[50.2309968,53.299483],[50.2309202,53.2994843],[50.2309183,53.2994452],[50.2309949,53.2994439]]]},"properties":{"id":"0aba71cb-b404-49bf-921b-7530cfa47c1b","source_type":"ml"}},{"type":"Feature","geometry":{"type":"Polygon","coordinates":[[[50.2299302,53.3015031],[50.2299244,53.3014286],[50.2300154,53.301426],[50.2300212,53.3015006],[50.2299302,53.3015031]]]},"properties":{"id":"c2e9b954-7796-44f7-88be-ce66807e4461","source_type":"ml"}},{"type":"Feature","geometry":{"type":"Polygon","coordinates":[[[50.2303968,53.3008672],[50.2303979,53.3009057],[50.2303094,53.3009066],[50.2303083,53.3008682],[50.2303968,53.3008672]]]},"properties":{"id":"8ca69e27-9fca-48ba-95f3-f17099d8f558","source_type":"ml"}},{"type":"Feature","geometry":{"type":"Polygon","coordinates":[[[50.229535,53.3011933],[50.2296207,53.301191],[50.2296238,53.3012326],[50.2295381,53.3012349],[50.229535,53.3011933]]]},"properties":{"id":"ffb3263b-d96f-433f-8603-6db66c5f1133","source_type":"ml"}},{"type":"Feature","geometry":{"type":"Polygon","coordinates":[[[50.2287105,53.3019374],[50.2288525,53.3019348],[50.2288584,53.3020485],[50.2287164,53.3020511],[50.2287105,53.3019374]]]},"properties":{"id":"ef2d0534-cb0e-4d40-b345-b030c0952d0c","source_type":"ml"}},{"type":"Feature","geometry":{"type":"Polygon","coordinates":[[[50.2298052,53.302844],[50.2299002,53.3028456],[50.2298976,53.3029001],[50.2298027,53.3028985],[50.2298052,53.302844]]]},"properties":{"id":"40353a51-0555-46dd-badb-11ce6f4634ef","source_type":"ml"}},{"type":"Feature","geometry":{"type":"Polygon","coordinates":[[[50.2303779,53.3053533],[50.230377,53.3053132],[50.2304457,53.3053127],[50.2304466,53.3053527],[50.2303779,53.3053533]]]},"properties":{"id":"f789b43a-4ed4-4626-ac95-d0c53c65ab6e","source_type":"ml"}},{"type":"Feature","geometry":{"type":"Polygon","coordinates":[[[50.230358,53.3053261],[50.2303044,53.3053272],[50.230301,53.3052686],[50.2303546,53.3052675],[50.230358,53.3053261]]]},"properties":{"id":"cc16d6c8-ba47-4bc7-bf52-a9d96b0fc0e6","source_type":"ml"}},{"type":"Feature","geometry":{"type":"Polygon","coordinates":[[[50.2304286,53.3033995],[50.2304292,53.3034395],[50.2303192,53.3034401],[50.2303186,53.3034001],[50.2304286,53.3033995]]]},"properties":{"id":"eb4ae0af-45a4-426e-9dbe-e7bfc1299d2d","source_type":"ml"}},{"type":"Feature","geometry":{"type":"Polygon","coordinates":[[[50.2321541,53.3038888],[50.2322499,53.3038837],[50.2322589,53.3039432],[50.2321631,53.3039483],[50.2321541,53.3038888]]]},"properties":{"id":"0e5ee97c-70b5-4c53-951f-99ae9b905303","source_type":"ml"}},{"type":"Feature","geometry":{"type":"Polygon","coordinates":[[[50.2332681,53.3049161],[50.2332571,53.3049355],[50.2331282,53.3049094],[50.2331633,53.3048475],[50.2333341,53.3048821],[50.23331,53.3049246],[50.2332681,53.3049161]]]},"properties":{"id":"88dea6d8-c847-4a85-87de-584551931b4d","source_type":"my"}},{"type":"Feature","geometry":{"type":"Polygon","coordinates":[[[50.2330954,53.3048101],[50.233059,53.30489],[50.2329057,53.3048651],[50.2329422,53.3047852],[50.2330954,53.3048101]]]},"properties":{"id":"62a47229-dd83-4d39-9b24-f4c17d5ae53c","source_type":"ml"}},{"type":"Feature","geometry":{"type":"Polygon","coordinates":[[[50.2335235,53.3049996],[50.2335755,53.3050052],[50.2335551,53.3050735],[50.2335031,53.305068],[50.2335235,53.3049996]]]},"properties":{"id":"7bda4a44-5d33-44f4-b4c4-804b0fafeca5","source_type":"ml"}},{"type":"Feature","geometry":{"type":"Polygon","coordinates":[[[50.2338042,53.3042321],[50.2339292,53.3042451],[50.2339074,53.3043198],[50.2337824,53.3043068],[50.2338042,53.3042321]]]},"properties":{"id":"1a159d2f-e359-4ed5-80ff-0a4effd913a6","source_type":"ml"}},{"type":"Feature","geometry":{"type":"Polygon","coordinates":[[[50.2341612,53.3043022],[50.2339857,53.3042691],[50.2340434,53.30416],[50.2342189,53.3041932],[50.2341612,53.3043022]]]},"properties":{"id":"6894f1ad-eda8-4b6e-8786-3b45bd948a91","source_type":"my"}},{"type":"Feature","geometry":{"type":"Polygon","coordinates":[[[50.233068,53.3031767],[50.2331302,53.3031871],[50.233116,53.3032175],[50.2330538,53.3032071],[50.233068,53.3031767]]]},"properties":{"id":"42c2c58e-8550-4bba-8845-5eafffc628fb","source_type":"ml"}},{"type":"Feature","geometry":{"type":"Polygon","coordinates":[[[50.2335616,53.3024572],[50.233373,53.3024521],[50.2333801,53.3023582],[50.2335687,53.3023632],[50.2335616,53.3024572]]]},"properties":{"id":"a42952a7-1d87-434b-a52d-79270ea743a0","source_type":"osm"}},{"type":"Feature","geometry":{"type":"Polygon","coordinates":[[[50.2334383,53.3027906],[50.2333417,53.3027918],[50.2333401,53.3027444],[50.2334366,53.3027432],[50.2334383,53.3027906]]]},"properties":{"id":"273b3e3e-c4b4-45e0-8cca-29788ca704df","source_type":"ml"}},{"type":"Feature","geometry":{"type":"Polygon","coordinates":[[[50.2343571,53.3010654],[50.2341225,53.3011001],[50.2340524,53.3009308],[50.2344382,53.3008737],[50.2345077,53.3010413],[50.2344158,53.3010549],[50.2344053,53.3010295],[50.2343458,53.3010383],[50.2343571,53.3010654]]]},"properties":{"id":"ead0e91e-43d8-4a37-8dc6-075b74bb0a35","source_type":"osm"}},{"type":"Feature","geometry":{"type":"Polygon","coordinates":[[[50.2333737,53.3011919],[50.2336557,53.3011377],[50.2336901,53.3012017],[50.2336171,53.3012157],[50.2336284,53.3012367],[50.2335166,53.3012582],[50.233542,53.3013054],[50.2334448,53.3013241],[50.2333737,53.3011919]]]},"properties":{"id":"2c933078-e013-43a0-b7bd-82cf4a115aca","source_type":"ml"}},{"type":"Feature","geometry":{"type":"Polygon","coordinates":[[[50.2336162,53.3010264],[50.2336269,53.3010468],[50.2335414,53.3010628],[50.2335307,53.3010424],[50.2336162,53.3010264]]]},"properties":{"id":"a03e4e4d-6873-44f7-ac92-70c427574ee9","source_type":"ml"}},{"type":"Feature","geometry":{"type":"Polygon","coordinates":[[[50.2331477,53.301896],[50.2331459,53.3018688],[50.2332128,53.3018671],[50.2332147,53.3018943],[50.2331477,53.301896]]]},"properties":{"id":"4aa56bef-da81-439c-9c9e-d510574e0130","source_type":"ml"}},{"type":"Feature","geometry":{"type":"Polygon","coordinates":[[[50.2328666,53.3018634],[50.2327475,53.301879],[50.2327188,53.3018003],[50.2328379,53.3017848],[50.2328666,53.3018634]]]},"properties":{"id":"c90b214b-99e4-486f-a164-1cb6574d29f0","source_type":"osm"}},{"type":"Feature","geometry":{"type":"Polygon","coordinates":[[[50.2320086,53.3007097],[50.2319662,53.3006278],[50.2322172,53.3005814],[50.2322702,53.3006838],[50.2323179,53.300675],[50.2323815,53.3007979],[50.2322737,53.3008178],[50.2322722,53.3008149],[50.2321596,53.3008357],[50.2321142,53.3007479],[50.2322366,53.3007253],[50.232232,53.3007165],[50.2320044,53.3007586],[50.2319817,53.3007147],[50.2320086,53.3007097]]]},"properties":{"id":"2cdac2c6-b926-4a8f-86f5-ff81b618afe5","source_type":"ml"}},{"type":"Feature","geometry":{"type":"Polygon","coordinates":[[[50.2320441,53.3003798],[50.2320694,53.3004098],[50.2319946,53.3004323],[50.2319693,53.3004024],[50.2320441,53.3003798]]]},"properties":{"id":"7927fe08-6132-4a1e-8942-85f863a5392a","source_type":"ml"}},{"type":"Feature","geometry":{"type":"Polygon","coordinates":[[[50.234984,53.3005126],[50.2350214,53.3006045],[50.2348333,53.3006319],[50.2347958,53.30054],[50.234984,53.3005126]]]},"properties":{"id":"f387a247-51f3-4462-aa1f-a86a04e91886","source_type":"osm"}},{"type":"Feature","geometry":{"type":"Polygon","coordinates":[[[50.2363848,53.3047458],[50.2364286,53.3046645],[50.2365096,53.3046801],[50.2364659,53.3047614],[50.2363848,53.3047458]]]},"properties":{"id":"e8a3f7b7-c404-4e64-adee-f2bba9f830dd","source_type":"ml"}},{"type":"Feature","geometry":{"type":"Polygon","coordinates":[[[50.2386323,53.303586],[50.2387144,53.3035028],[50.2387582,53.3035182],[50.2388157,53.3034599],[50.2389849,53.3035195],[50.2388452,53.3036611],[50.2386323,53.303586]]]},"properties":{"id":"f7466270-bdab-4f4d-8cfd-cc89f19464af","source_type":"ml"}},{"type":"Feature","geometry":{"type":"Polygon","coordinates":[[[50.2405295,53.2965684],[50.2404349,53.2964977],[50.2405321,53.2964512],[50.2406267,53.2965219],[50.2405295,53.2965684]]]},"properties":{"id":"55c0b8da-6e80-421e-9a69-75adc0c684ef","source_type":"osm"}},{"type":"Feature","geometry":{"type":"Polygon","coordinates":[[[50.2386804,53.2964217],[50.23873,53.2964629],[50.2386832,53.296483],[50.2386336,53.2964418],[50.2386804,53.2964217]]]},"properties":{"id":"8bbbfdfc-ce6b-4901-9932-827b15fb29c1","source_type":"ml"}},{"type":"Feature","geometry":{"type":"Polygon","coordinates":[[[50.2382299,53.2970611],[50.2383074,53.2970323],[50.2383482,53.2970717],[50.2382708,53.2971004],[50.2382299,53.2970611]]]},"properties":{"id":"3b2cdd2d-e834-4c77-836b-69ea14b1fdf3","source_type":"ml"}},{"type":"Feature","geometry":{"type":"Polygon","coordinates":[[[50.2347434,53.297518],[50.2348232,53.2974807],[50.2348935,53.2975343],[50.2348137,53.2975717],[50.2347434,53.297518]]]},"properties":{"id":"67c2a5de-8078-4ae6-83f0-81d547b75b7f","source_type":"ml"}},{"type":"Feature","geometry":{"type":"Polygon","coordinates":[[[50.2353025,53.2974791],[50.2353847,53.2975326],[50.2353148,53.2975709],[50.2352326,53.2975175],[50.2353025,53.2974791]]]},"properties":{"id":"1543293d-593d-4135-adbc-c45383e36441","source_type":"ml"}},{"type":"Feature","geometry":{"type":"Polygon","coordinates":[[[50.2352691,53.2960013],[50.2351255,53.2960723],[50.2350346,53.2960067],[50.2351782,53.2959357],[50.2352691,53.2960013]]]},"properties":{"id":"424982f9-6b33-4baa-a655-1ce0afb26849","source_type":"osm"}},{"type":"Feature","geometry":{"type":"Polygon","coordinates":[[[50.2346407,53.2947516],[50.2346686,53.294839],[50.2345923,53.2948477],[50.2345644,53.2947603],[50.2346407,53.2947516]]]},"properties":{"id":"d2b1e567-a280-4b8e-b6ab-01b970647df4","source_type":"ml"}},{"type":"Feature","geometry":{"type":"Polygon","coordinates":[[[50.2399767,53.2949458],[50.2400162,53.2949867],[50.239974,53.2950012],[50.2399345,53.2949604],[50.2399767,53.2949458]]]},"properties":{"id":"add89f41-bf40-4a3f-ad23-5e1c18ef6c45","source_type":"ml"}},{"type":"Feature","geometry":{"type":"Polygon","coordinates":[[[50.2405853,53.2949742],[50.2406368,53.2950111],[50.2405671,53.2950458],[50.2405156,53.2950089],[50.2405853,53.2949742]]]},"properties":{"id":"fabecd87-3e8b-4981-86f6-f5a4a310f0dc","source_type":"ml"}},{"type":"Feature","geometry":{"type":"Polygon","coordinates":[[[50.2415565,53.2953644],[50.2415857,53.2953927],[50.2415487,53.2954063],[50.2415195,53.295378],[50.2415565,53.2953644]]]},"properties":{"id":"465656f5-fba4-4c21-8073-2fc85e310e30","source_type":"ml"}},{"type":"Feature","geometry":{"type":"Polygon","coordinates":[[[50.2421903,53.2945217],[50.242221,53.2945702],[50.2421765,53.2945803],[50.2421457,53.2945318],[50.2421903,53.2945217]]]},"properties":{"id":"ae41c14c-acf8-49c0-b334-189fccf7adab","source_type":"ml"}},{"type":"Feature","geometry":{"type":"Polygon","coordinates":[[[50.2414308,53.2943387],[50.2413621,53.2942618],[50.2414676,53.2942282],[50.241514,53.2942801],[50.2414451,53.2943021],[50.2414674,53.294327],[50.2414308,53.2943387]]]},"properties":{"id":"ae1d8f17-4c6b-49a7-b4a2-5dd8b9f9ec41","source_type":"ml"}},{"type":"Feature","geometry":{"type":"Polygon","coordinates":[[[50.2411152,53.2957459],[50.241164,53.2957196],[50.2412214,53.2957576],[50.2411725,53.2957839],[50.2411152,53.2957459]]]},"properties":{"id":"962975c1-7e7a-4e4f-bfee-62efe583fe57","source_type":"ml"}},{"type":"Feature","geometry":{"type":"Polygon","coordinates":[[[50.2415308,53.2968779],[50.2414868,53.2968434],[50.2415685,53.2968063],[50.2416124,53.2968409],[50.2415308,53.2968779]]]},"properties":{"id":"ac19d87a-7752-4741-a6d2-6b57c88438c3","source_type":"ml"}},{"type":"Feature","geometry":{"type":"Polygon","coordinates":[[[50.2419109,53.2967207],[50.2418618,53.2966822],[50.241938,53.2966474],[50.2419871,53.2966859],[50.2419109,53.2967207]]]},"properties":{"id":"c7b95bb7-c297-4367-8625-05b60e3e0216","source_type":"ml"}},{"type":"Feature","geometry":{"type":"Polygon","coordinates":[[[50.2430878,53.2980216],[50.243089,53.2980537],[50.2430247,53.2980546],[50.2430235,53.2980225],[50.2430878,53.2980216]]]},"properties":{"id":"86f46f31-e94f-44d7-8ebd-2c5883d1e06e","source_type":"ml"}},{"type":"Feature","geometry":{"type":"Polygon","coordinates":[[[50.2430693,53.296991],[50.2430908,53.29697],[50.2431435,53.2969893],[50.243122,53.2970102],[50.2430693,53.296991]]]},"properties":{"id":"40f92090-4fac-46d2-86a2-ecdef7933958","source_type":"ml"}},{"type":"Feature","geometry":{"type":"Polygon","coordinates":[[[50.2436704,53.2961658],[50.2437104,53.2961434],[50.2437766,53.2961856],[50.2437366,53.296208],[50.2436704,53.2961658]]]},"properties":{"id":"2496403c-0791-4b55-be97-4a043be319c8","source_type":"ml"}},{"type":"Feature","geometry":{"type":"Polygon","coordinates":[[[50.2442716,53.2969104],[50.2443811,53.2969328],[50.2442998,53.2970748],[50.2441903,53.2970525],[50.2442716,53.2969104]]]},"properties":{"id":"48016934-c9bc-4740-b4e6-a8c1f37affd2","source_type":"ml"}},{"type":"Feature","geometry":{"type":"Polygon","coordinates":[[[50.2415785,53.3005728],[50.2416199,53.3005918],[50.2415909,53.3006144],[50.2415495,53.3005955],[50.2415785,53.3005728]]]},"properties":{"id":"de823c49-c328-440b-ab56-895ce0edf366","source_type":"ml"}},{"type":"Feature","geometry":{"type":"Polygon","coordinates":[[[50.2413204,53.305928],[50.2412251,53.305926],[50.2412282,53.3058732],[50.2412673,53.305874],[50.2412656,53.3059022],[50.2413219,53.3059034],[50.2413204,53.305928]]]},"properties":{"id":"68bc8a2c-954c-4cb6-b652-1ab4374bc331","source_type":"ml"}},{"type":"Feature","geometry":{"type":"Polygon","coordinates":[[[50.2407468,53.3069646],[50.2408385,53.3069704],[50.2408302,53.3070174],[50.2407386,53.3070116],[50.2407468,53.3069646]]]},"properties":{"id":"f10d36a0-5ee1-4724-9fe6-69530cef8081","source_type":"ml"}},{"type":"Feature","geometry":{"type":"Polygon","coordinates":[[[50.243553,53.306844],[50.2436293,53.3068414],[50.2436331,53.3068813],[50.2435568,53.3068839],[50.243553,53.306844]]]},"properties":{"id":"ba3a0959-c2c7-41f6-a92e-11113fcf340f","source_type":"ml"}},{"type":"Feature","geometry":{"type":"Polygon","coordinates":[[[50.2424163,53.3069476],[50.2424725,53.3069495],[50.242469,53.3069862],[50.2424129,53.3069844],[50.2424163,53.3069476]]]},"properties":{"id":"b2ea7b9d-17ef-46b4-bc9a-c5639e1aa8f1","source_type":"ml"}},{"type":"Feature","geometry":{"type":"Polygon","coordinates":[[[50.2421812,53.3081625],[50.2421126,53.3081571],[50.2421195,53.3081256],[50.2421881,53.308131],[50.2421812,53.3081625]]]},"properties":{"id":"9b6e02ed-2b5c-4fd8-96b1-523e33d09148","source_type":"ml"}},{"type":"Feature","geometry":{"type":"Polygon","coordinates":[[[50.2444755,53.3075222],[50.2444739,53.3075543],[50.2444176,53.3075532],[50.2444192,53.3075212],[50.2444755,53.3075222]]]},"properties":{"id":"ac50aaf7-4491-4468-919a-b3b6c13074ae","source_type":"ml"}},{"type":"Feature","geometry":{"type":"Polygon","coordinates":[[[50.2444993,53.306995],[50.2444998,53.3069685],[50.2444596,53.3069682],[50.2444601,53.3069386],[50.2446049,53.3069396],[50.2446039,53.3069957],[50.2444993,53.306995]]]},"properties":{"id":"fb49d2df-ecb9-48af-8138-0d56575b9367","source_type":"ml"}},{"type":"Feature","geometry":{"type":"Polygon","coordinates":[[[50.244276,53.3064368],[50.2442714,53.3064815],[50.2441805,53.3064781],[50.2441852,53.3064334],[50.244276,53.3064368]]]},"properties":{"id":"2988722d-fcc7-4aeb-90ec-e9cddf4cd01e","source_type":"ml"}},{"type":"Feature","geometry":{"type":"Polygon","coordinates":[[[50.2439958,53.3060452],[50.2439993,53.3060941],[50.2439067,53.3060965],[50.2439032,53.3060476],[50.2439958,53.3060452]]]},"properties":{"id":"eb6a4d3b-8b1e-4b6d-838f-53ce7d08be21","source_type":"ml"}},{"type":"Feature","geometry":{"type":"Polygon","coordinates":[[[50.2398516,53.3081208],[50.2398577,53.3081459],[50.2397605,53.3081544],[50.2397544,53.3081293],[50.2398516,53.3081208]]]},"properties":{"id":"e59af7db-c81d-4823-8c7f-bd371b7ae39e","source_type":"ml"}},{"type":"Feature","geometry":{"type":"Polygon","coordinates":[[[50.2400872,53.3073384],[50.2399775,53.3073351],[50.2399812,53.3072903],[50.2400909,53.3072936],[50.2400872,53.3073384]]]},"properties":{"id":"582d7100-d92e-4430-9bed-cb84ddde92d2","source_type":"ml"}},{"type":"Feature","geometry":{"type":"Polygon","coordinates":[[[50.2405454,53.3064756],[50.2406166,53.3064742],[50.2406186,53.3065127],[50.2405474,53.306514],[50.2405454,53.3064756]]]},"properties":{"id":"9cc94007-4bf7-491c-9ef6-ed5c342d7110","source_type":"ml"}},{"type":"Feature","geometry":{"type":"Polygon","coordinates":[[[50.2396121,53.3067797],[50.2397422,53.3067778],[50.2397458,53.3068685],[50.2396156,53.3068704],[50.2396121,53.3067797]]]},"properties":{"id":"af3bf16d-12f1-4bc0-bd16-2bf803a38e32","source_type":"ml"}},{"type":"Feature","geometry":{"type":"Polygon","coordinates":[[[50.2364438,53.3059611],[50.236461,53.3059204],[50.2364283,53.3059155],[50.2364472,53.305871],[50.2365933,53.3058932],[50.2365571,53.3059783],[50.2364438,53.3059611]]]},"properties":{"id":"1b503cef-6f34-4b7b-8bf7-0490b2609fd1","source_type":"ml"}},{"type":"Feature","geometry":{"type":"Polygon","coordinates":[[[50.2356062,53.307936],[50.2355804,53.3079011],[50.2356253,53.3078893],[50.2356511,53.3079241],[50.2356062,53.307936]]]},"properties":{"id":"02c12f7a-6ab3-4ca5-b701-c5807d5e5740","source_type":"ml"}},{"type":"Feature","geometry":{"type":"Polygon","coordinates":[[[50.2336642,53.3069304],[50.233662,53.3070419],[50.2334782,53.3070406],[50.2334803,53.3069292],[50.2336642,53.3069304]]]},"properties":{"id":"97b456ed-ae64-4f27-8787-4ab4bb7e6741","source_type":"ml"}},{"type":"Feature","geometry":{"type":"Polygon","coordinates":[[[50.2304719,53.3080728],[50.2304456,53.308075],[50.2304379,53.308042],[50.2305247,53.3080348],[50.2305389,53.3080955],[50.2304784,53.3081005],[50.2304719,53.3080728]]]},"properties":{"id":"6b8e03f8-f39a-4906-8043-391218ffdcea","source_type":"ml"}},{"type":"Feature","geometry":{"type":"Polygon","coordinates":[[[50.2250402,53.306327],[50.2251481,53.3063094],[50.2251789,53.306377],[50.225071,53.3063946],[50.2250402,53.306327]]]},"properties":{"id":"b16edabb-d8a2-4875-92c4-1e268cfb5e5f","source_type":"osm"}},{"type":"Feature","geometry":{"type":"Polygon","coordinates":[[[50.2231443,53.305843],[50.2231202,53.3057722],[50.2232309,53.3057587],[50.2232551,53.3058295],[50.2231443,53.305843]]]},"properties":{"id":"bb227d3f-1dde-4122-8fc1-aafa1cd5412c","source_type":"ml"}},{"type":"Feature","geometry":{"type":"Polygon","coordinates":[[[50.2292838,53.2949499],[50.2291691,53.2949727],[50.2291445,53.2949285],[50.2292592,53.2949057],[50.2292838,53.2949499]]]},"properties":{"id":"599a2cc3-fe9c-41ee-8441-b57733757351","source_type":"ml"}},{"type":"Feature","geometry":{"type":"Polygon","coordinates":[[[50.2295001,53.2942502],[50.2295857,53.2942342],[50.2296121,53.2942848],[50.2295265,53.2943008],[50.2295001,53.2942502]]]},"properties":{"id":"e21b0ac4-1dc7-44eb-bff4-81385ff6761f","source_type":"ml"}},{"type":"Feature","geometry":{"type":"Polygon","coordinates":[[[50.2343609,53.2969473],[50.2344416,53.297001],[50.2343718,53.2970384],[50.2342911,53.2969848],[50.2343609,53.2969473]]]},"properties":{"id":"5cda7b31-9dcf-40e6-99b9-c28e2af8c6bb","source_type":"ml"}},{"type":"Feature","geometry":{"type":"Polygon","coordinates":[[[50.2333273,53.2982161],[50.233259,53.2981727],[50.2333173,53.2981399],[50.2333856,53.2981833],[50.2333273,53.2982161]]]},"properties":{"id":"39bc5a14-e495-4bf9-beb1-bf40eae27500","source_type":"ml"}},{"type":"Feature","geometry":{"type":"Polygon","coordinates":[[[50.2339765,53.2973369],[50.2340206,53.2973746],[50.2339664,53.2973972],[50.2339224,53.2973594],[50.2339765,53.2973369]]]},"properties":{"id":"0c16fd48-00f4-45aa-907a-e702192effc6","source_type":"ml"}},{"type":"Feature","geometry":{"type":"Polygon","coordinates":[[[50.2327589,53.2984086],[50.2327959,53.2983883],[50.2328673,53.298435],[50.2328303,53.2984552],[50.2327589,53.2984086]]]},"properties":{"id":"d2fcb82b-3472-4409-a24f-9dfeb6689b8d","source_type":"ml"}},{"type":"Feature","geometry":{"type":"Polygon","coordinates":[[[50.231256,53.2986179],[50.2313402,53.2986719],[50.2312333,53.2987315],[50.231149,53.2986776],[50.231256,53.2986179]]]},"properties":{"id":"2e19668a-d3e3-44a6-ae0f-6f047b0558b9","source_type":"ml"}},{"type":"Feature","geometry":{"type":"Polygon","coordinates":[[[50.2307488,53.2984181],[50.230755,53.2984524],[50.2306632,53.2984584],[50.230657,53.2984241],[50.2307488,53.2984181]]]},"properties":{"id":"a392aa39-2d1a-4956-bb54-78a29025ee66","source_type":"ml"}},{"type":"Feature","geometry":{"type":"Polygon","coordinates":[[[50.23078,53.298737],[50.2308765,53.2987351],[50.2308779,53.2987608],[50.2307814,53.2987626],[50.23078,53.298737]]]},"properties":{"id":"ffc03a6e-941b-4ccc-8065-a5774751d7ed","source_type":"ml"}},{"type":"Feature","geometry":{"type":"Polygon","coordinates":[[[50.2300662,53.2984421],[50.2299113,53.2984498],[50.2298994,53.2983646],[50.2299675,53.2983612],[50.2300543,53.2983569],[50.2300662,53.2984421]]]},"properties":{"id":"dd4f3489-0a16-4f56-a693-9261824d26fd","source_type":"osm"}},{"type":"Feature","geometry":{"type":"Polygon","coordinates":[[[50.2298661,53.2970095],[50.229955,53.2970009],[50.2299668,53.2970447],[50.2298779,53.2970533],[50.2298661,53.2970095]]]},"properties":{"id":"091d5a19-109e-49d9-86e8-52bcd825d842","source_type":"ml"}},{"type":"Feature","geometry":{"type":"Polygon","coordinates":[[[50.22973,53.2968025],[50.2298014,53.2967974],[50.2298118,53.2968489],[50.2297404,53.2968541],[50.22973,53.2968025]]]},"properties":{"id":"c5723f68-01ed-4104-ba63-78b20100fbc0","source_type":"ml"}},{"type":"Feature","geometry":{"type":"Polygon","coordinates":[[[50.2290041,53.2994415],[50.2290577,53.2994406],[50.2290596,53.2994823],[50.229006,53.2994832],[50.2290041,53.2994415]]]},"properties":{"id":"f88d5d34-44b6-42ef-92c1-7468a66059e8","source_type":"ml"}},{"type":"Feature","geometry":{"type":"Polygon","coordinates":[[[50.2299191,53.3005916],[50.2297771,53.3005887],[50.2297808,53.3005252],[50.2299228,53.3005281],[50.2299191,53.3005916]]]},"properties":{"id":"5177be09-bc39-4dfb-a455-55167ae401d2","source_type":"ml"}},{"type":"Feature","geometry":{"type":"Polygon","coordinates":[[[50.2285666,53.3019897],[50.2285023,53.3019885],[50.2285068,53.3019004],[50.2285711,53.3019016],[50.2285666,53.3019897]]]},"properties":{"id":"322508b1-c9ad-4a1c-8d0c-942c3c9347b3","source_type":"ml"}},{"type":"Feature","geometry":{"type":"Polygon","coordinates":[[[50.2287092,53.3017257],[50.2287044,53.301702],[50.2288128,53.3016942],[50.2288176,53.3017179],[50.2287092,53.3017257]]]},"properties":{"id":"c777e3c9-39bd-4133-b858-48112f9f421e","source_type":"ml"}},{"type":"Feature","geometry":{"type":"Polygon","coordinates":[[[50.2287711,53.3017982],[50.2288478,53.3017926],[50.2288586,53.3018453],[50.2287819,53.3018509],[50.2287711,53.3017982]]]},"properties":{"id":"c6d5daed-e2ac-458c-87cc-3f5db2f1dae3","source_type":"ml"}},{"type":"Feature","geometry":{"type":"Polygon","coordinates":[[[50.2289339,53.3025303],[50.2287678,53.3025332],[50.2287638,53.3024537],[50.22893,53.3024508],[50.2289339,53.3025303]]]},"properties":{"id":"99b6d43e-344e-4255-93b4-a0d51866f824","source_type":"ml"}},{"type":"Feature","geometry":{"type":"Polygon","coordinates":[[[50.2291708,53.3053245],[50.2291737,53.3052422],[50.2293506,53.3052444],[50.2293477,53.3053267],[50.2291708,53.3053245]]]},"properties":{"id":"2d5d15b6-0950-4ceb-b5ee-68da148d3eb6","source_type":"ml"}},{"type":"Feature","geometry":{"type":"Polygon","coordinates":[[[50.22962,53.3043228],[50.229678,53.3043141],[50.2297013,53.3043693],[50.2296433,53.3043781],[50.22962,53.3043228]]]},"properties":{"id":"a4c930bd-9f60-43b3-9036-9a27eab7ff8c","source_type":"ml"}},{"type":"Feature","geometry":{"type":"Polygon","coordinates":[[[50.2305147,53.3045054],[50.2307036,53.304466],[50.2307324,53.3045154],[50.2307014,53.3045219],[50.2307239,53.3045605],[50.2305661,53.3045934],[50.2305147,53.3045054]]]},"properties":{"id":"60fcd133-4bcf-437c-8d53-cbd32f4a439e","source_type":"ml"}},{"type":"Feature","geometry":{"type":"Polygon","coordinates":[[[50.2301647,53.3053427],[50.2300629,53.3053413],[50.2300671,53.305233],[50.2301689,53.3052344],[50.2301647,53.3053427]]]},"properties":{"id":"6a190269-6d00-440e-9c68-2cfb6ff5c58e","source_type":"ml"}},{"type":"Feature","geometry":{"type":"Polygon","coordinates":[[[50.2309958,53.3054448],[50.2309978,53.3054967],[50.2309185,53.3054978],[50.2309165,53.3054459],[50.2309958,53.3054448]]]},"properties":{"id":"1a8d7ec1-4d7c-4e42-a6f5-858e0c37db96","source_type":"ml"}},{"type":"Feature","geometry":{"type":"Polygon","coordinates":[[[50.2306759,53.3034158],[50.2308116,53.3034173],[50.2308085,53.3035141],[50.2306728,53.3035126],[50.2306759,53.3034158]]]},"properties":{"id":"3119b754-2435-4317-91c3-e879b5ac7608","source_type":"ml"}},{"type":"Feature","geometry":{"type":"Polygon","coordinates":[[[50.2320314,53.3046214],[50.2320144,53.3046209],[50.2320107,53.3046744],[50.2318751,53.304671],[50.2318835,53.3045519],[50.2320361,53.3045558],[50.2320314,53.3046214]]]},"properties":{"id":"8b62b373-cd44-41dc-abc7-b45d4a9f4af8","source_type":"ml"}},{"type":"Feature","geometry":{"type":"Polygon","coordinates":[[[50.2329097,53.3046824],[50.2330544,53.3047377],[50.2330191,53.3047707],[50.2328744,53.3047154],[50.2329097,53.3046824]]]},"properties":{"id":"f56efdb9-775a-4325-a2b2-2500fc573d3f","source_type":"ml"}},{"type":"Feature","geometry":{"type":"Polygon","coordinates":[[[50.234093,53.3052114],[50.2341171,53.3051663],[50.2342178,53.3051855],[50.2341937,53.3052306],[50.234093,53.3052114]]]},"properties":{"id":"b8c735d3-d280-41cf-991b-3c8a3255f200","source_type":"ml"}},{"type":"Feature","geometry":{"type":"Polygon","coordinates":[[[50.234396,53.3048934],[50.2344823,53.3049087],[50.234463,53.3049477],[50.2343767,53.3049324],[50.234396,53.3048934]]]},"properties":{"id":"94c7304a-e802-4358-a817-0b736ac5783a","source_type":"ml"}},{"type":"Feature","geometry":{"type":"Polygon","coordinates":[[[50.2342834,53.3045929],[50.2342278,53.3045732],[50.2342525,53.3045483],[50.2343081,53.304568],[50.2342834,53.3045929]]]},"properties":{"id":"528090d8-6a36-4dfe-bf97-75a3dded146a","source_type":"ml"}},{"type":"Feature","geometry":{"type":"Polygon","coordinates":[[[50.2339469,53.3025361],[50.2340299,53.3025341],[50.2340327,53.3025749],[50.2339497,53.302577],[50.2339469,53.3025361]]]},"properties":{"id":"8cc2badf-72e4-4521-802c-714a7479f4ce","source_type":"ml"}},{"type":"Feature","geometry":{"type":"Polygon","coordinates":[[[50.2341384,53.3020992],[50.2341349,53.3020272],[50.2343466,53.3020235],[50.2343501,53.3020956],[50.2341384,53.3020992]]]},"properties":{"id":"896fa7d1-514e-4097-8807-d04560a5f064","source_type":"ml"}},{"type":"Feature","geometry":{"type":"Polygon","coordinates":[[[50.2338722,53.3017873],[50.2338722,53.3018129],[50.2338025,53.3018129],[50.2338025,53.3017873],[50.2338722,53.3017873]]]},"properties":{"id":"16b9c950-05a4-4cf4-b583-6b2e229e19a4","source_type":"ml"}},{"type":"Feature","geometry":{"type":"Polygon","coordinates":[[[50.2344334,53.3015602],[50.2344307,53.3016411],[50.2343033,53.3016396],[50.2343061,53.3015587],[50.2344334,53.3015602]]]},"properties":{"id":"ff2e122b-f35c-4ad7-98ca-fa9511baccfe","source_type":"ml"}},{"type":"Feature","geometry":{"type":"Polygon","coordinates":[[[50.2325819,53.3023804],[50.2325808,53.3023436],[50.2326437,53.3023429],[50.2326448,53.3023798],[50.2325819,53.3023804]]]},"properties":{"id":"9b81b6e2-5b06-4dad-a209-6f05ba491c4d","source_type":"ml"}},{"type":"Feature","geometry":{"type":"Polygon","coordinates":[[[50.2315589,53.3021535],[50.2317691,53.3021494],[50.2317714,53.302191],[50.2315611,53.3021951],[50.2315589,53.3021535]]]},"properties":{"id":"d38b5d87-5beb-454b-a0f5-c53ec2ce72ad","source_type":"ml"}},{"type":"Feature","geometry":{"type":"Polygon","coordinates":[[[50.2329939,53.3012114],[50.2330362,53.3012713],[50.2329224,53.3013],[50.2328801,53.3012402],[50.2329939,53.3012114]]]},"properties":{"id":"c0c98fd0-15c8-41de-b269-a4b987116333","source_type":"ml"}},{"type":"Feature","geometry":{"type":"Polygon","coordinates":[[[50.232787,53.3008712],[50.2327623,53.300843],[50.2328212,53.3008245],[50.232846,53.3008528],[50.232787,53.3008712]]]},"properties":{"id":"6fbb28af-3d9f-4ad1-8266-54e1226dac5a","source_type":"ml"}},{"type":"Feature","geometry":{"type":"Polygon","coordinates":[[[50.232617,53.3000323],[50.2324414,53.2999448],[50.2326195,53.2998172],[50.2327223,53.2998684],[50.2326933,53.2998892],[50.2327123,53.2998987],[50.2326648,53.2999327],[50.2327186,53.2999595],[50.232617,53.3000323]]]},"properties":{"id":"7046ba35-5bd6-4ee3-93c9-0476dbaaa6eb","source_type":"ml"}},{"type":"Feature","geometry":{"type":"Polygon","coordinates":[[[50.2317855,53.2992431],[50.2318111,53.299229],[50.2318854,53.2992775],[50.2318597,53.2992915],[50.2317855,53.2992431]]]},"properties":{"id":"f0d7a5ce-e976-4d5f-961f-2d26b0fd970d","source_type":"ml"}},{"type":"Feature","geometry":{"type":"Polygon","coordinates":[[[50.2324477,53.2993172],[50.2324889,53.2992967],[50.232539,53.2993327],[50.2324978,53.2993532],[50.2324477,53.2993172]]]},"properties":{"id":"62818af5-0d90-4f30-ac8b-289010ac1d19","source_type":"ml"}},{"type":"Feature","geometry":{"type":"Polygon","coordinates":[[[50.2349333,53.3009983],[50.2349442,53.3009413],[50.2349905,53.3009445],[50.2349796,53.3010015],[50.2349333,53.3009983]]]},"properties":{"id":"cdaa561c-ccf3-4031-bedb-15bbf81f8a40","source_type":"ml"}},{"type":"Feature","geometry":{"type":"Polygon","coordinates":[[[50.2347519,53.3031299],[50.2348243,53.3031308],[50.2348224,53.3031829],[50.23475,53.303182],[50.2347519,53.3031299]]]},"properties":{"id":"9b6683e2-c501-4fd3-869e-fcb79bbabbd8","source_type":"ml"}},{"type":"Feature","geometry":{"type":"Polygon","coordinates":[[[50.2348494,53.3025254],[50.2349157,53.3025012],[50.2349479,53.3025327],[50.2348816,53.3025569],[50.2348494,53.3025254]]]},"properties":{"id":"1bcd3f8b-bfb6-4be5-9ba6-d68ec94931e2","source_type":"ml"}},{"type":"Feature","geometry":{"type":"Polygon","coordinates":[[[50.2347573,53.3032046],[50.2347505,53.3032982],[50.234547,53.3032929],[50.234546,53.3033065],[50.2344256,53.3033033],[50.2344334,53.3031962],[50.2347573,53.3032046]]]},"properties":{"id":"1654e6bc-d345-4d54-a8e4-c159d24b01d7","source_type":"ml"}},{"type":"Feature","geometry":{"type":"Polygon","coordinates":[[[50.2352649,53.3054863],[50.2352187,53.3054805],[50.2352354,53.305433],[50.2352816,53.3054387],[50.2352649,53.3054863]]]},"properties":{"id":"e8035ddb-eee4-417f-a090-56aa5667d651","source_type":"ml"}},{"type":"Feature","geometry":{"type":"Polygon","coordinates":[[[50.2354545,53.305624],[50.2354091,53.3056144],[50.2354251,53.3055873],[50.2354705,53.3055969],[50.2354545,53.305624]]]},"properties":{"id":"426abd07-f630-4955-8321-d8206af5ad92","source_type":"ml"}},{"type":"Feature","geometry":{"type":"Polygon","coordinates":[[[50.2361207,53.3042735],[50.2361741,53.3042755],[50.2361684,53.3043298],[50.236115,53.3043278],[50.2361207,53.3042735]]]},"properties":{"id":"0e48be65-3726-480f-aff9-8c81ff0a77f1","source_type":"ml"}},{"type":"Feature","geometry":{"type":"Polygon","coordinates":[[[50.236547,53.3050129],[50.2366143,53.305034],[50.2365667,53.305088],[50.2364995,53.3050668],[50.236547,53.3050129]]]},"properties":{"id":"07bc2bc5-052b-4d75-8337-584e28a3e3e0","source_type":"ml"}},{"type":"Feature","geometry":{"type":"Polygon","coordinates":[[[50.2375066,53.3051751],[50.2375216,53.3052337],[50.2374063,53.3052443],[50.2373913,53.3051857],[50.2375066,53.3051751]]]},"properties":{"id":"a11477f8-3535-4580-b398-d7080c896991","source_type":"ml"}},{"type":"Feature","geometry":{"type":"Polygon","coordinates":[[[50.2371218,53.3046956],[50.2370404,53.3046966],[50.2370387,53.3046462],[50.2371201,53.3046452],[50.2371218,53.3046956]]]},"properties":{"id":"ba2ccf49-2469-46fb-9c99-63f560efaa17","source_type":"ml"}},{"type":"Feature","geometry":{"type":"Polygon","coordinates":[[[50.2369267,53.3043852],[50.2369245,53.304414],[50.2368576,53.3044122],[50.2368598,53.3043834],[50.2369267,53.3043852]]]},"properties":{"id":"e406ae21-5a66-4eba-80c3-922279bb84ec","source_type":"ml"}},{"type":"Feature","geometry":{"type":"Polygon","coordinates":[[[50.23856,53.3033325],[50.2384307,53.3032869],[50.2384836,53.3032334],[50.2386128,53.303279],[50.23856,53.3033325]]]},"properties":{"id":"bfd98153-a2ee-4e6c-bffc-9c3bd674041f","source_type":"ml"}},{"type":"Feature","geometry":{"type":"Polygon","coordinates":[[[50.23781,53.3055244],[50.2378554,53.3055595],[50.2378219,53.305575],[50.2377765,53.30554],[50.23781,53.3055244]]]},"properties":{"id":"7c12e0e8-0f9e-497d-98a4-fd724d94bbcd","source_type":"ml"}},{"type":"Feature","geometry":{"type":"Polygon","coordinates":[[[50.2400987,53.2966431],[50.2400315,53.2966064],[50.24008,53.2965746],[50.2401473,53.2966114],[50.2400987,53.2966431]]]},"properties":{"id":"f97542ea-557d-4f33-84df-5788139bd3f3","source_type":"ml"}},{"type":"Feature","geometry":{"type":"Polygon","coordinates":[[[50.2405891,53.2963738],[50.2406499,53.2964238],[50.2405832,53.2964527],[50.2405224,53.2964027],[50.2405891,53.2963738]]]},"properties":{"id":"1e13bc52-0efa-4bbc-8163-63a8ccf6e5d2","source_type":"ml"}},{"type":"Feature","geometry":{"type":"Polygon","coordinates":[[[50.2388576,53.2965172],[50.2389222,53.2965656],[50.2388861,53.2965828],[50.2388215,53.2965344],[50.2388576,53.2965172]]]},"properties":{"id":"eea99521-4c79-45d0-a740-8e83a0dddacf","source_type":"ml"}},{"type":"Feature","geometry":{"type":"Polygon","coordinates":[[[50.2345774,53.2959311],[50.2346121,53.2959158],[50.2346442,53.2959417],[50.2346095,53.295957],[50.2345774,53.2959311]]]},"properties":{"id":"7ff3edb9-6703-402b-a5ed-6c1003a19814","source_type":"ml"}},{"type":"Feature","geometry":{"type":"Polygon","coordinates":[[[50.2365584,53.2966072],[50.2366398,53.2965746],[50.2366813,53.2966116],[50.2365806,53.2966519],[50.2365093,53.2965884],[50.2364501,53.2966121],[50.2364147,53.2965805],[50.2364877,53.2965513],[50.236461,53.2965275],[50.236511,53.2965075],[50.2365798,53.2965689],[50.2365354,53.2965867],[50.2365584,53.2966072]]]},"properties":{"id":"7f9b87c9-5f35-4902-9959-1951fa6126e8","source_type":"ml"}},{"type":"Feature","geometry":{"type":"Polygon","coordinates":[[[50.2349095,53.295063],[50.2350233,53.2950372],[50.2350473,53.295075],[50.2349335,53.2951008],[50.2349095,53.295063]]]},"properties":{"id":"ae00dd89-0d00-4976-be46-ff757e1b62cb","source_type":"ml"}},{"type":"Feature","geometry":{"type":"Polygon","coordinates":[[[50.2350517,53.2950854],[50.2351045,53.2951401],[50.2350049,53.2951745],[50.2349521,53.2951198],[50.2350517,53.2950854]]]},"properties":{"id":"c0831298-19c0-4bc5-9a12-063362d90789","source_type":"ml"}},{"type":"Feature","geometry":{"type":"Polygon","coordinates":[[[50.2436476,53.2954599],[50.2435523,53.2954933],[50.2434771,53.2954166],[50.2436184,53.2953671],[50.2436806,53.2954305],[50.2436346,53.2954466],[50.2436476,53.2954599]]]},"properties":{"id":"d6ed4968-fc87-4e99-8130-8452717f591f","source_type":"osm"}},{"type":"Feature","geometry":{"type":"Polygon","coordinates":[[[50.2419912,53.2953742],[50.2420532,53.2953572],[50.2420848,53.2953982],[50.2419696,53.2954299],[50.2419248,53.2953716],[50.241978,53.295357],[50.2419912,53.2953742]]]},"properties":{"id":"f88558b4-1914-4f98-8cf4-0bb433c64b14","source_type":"ml"}},{"type":"Feature","geometry":{"type":"Polygon","coordinates":[[[50.2420849,53.2960977],[50.2420039,53.2960356],[50.2421699,53.2959583],[50.2423041,53.2960611],[50.242191,53.2961138],[50.2421378,53.2960731],[50.2420849,53.2960977]]]},"properties":{"id":"2e249790-d7a7-4778-b977-d7ac2c7d5f3f","source_type":"osm"}},{"type":"Feature","geometry":{"type":"Polygon","coordinates":[[[50.2411287,53.2969215],[50.2410285,53.2968455],[50.2411587,53.2967842],[50.2412406,53.2968463],[50.2412056,53.2968628],[50.2412239,53.2968766],[50.2411287,53.2969215]]]},"properties":{"id":"218b9aa9-061c-4967-8bbc-1d8140dcd35a","source_type":"osm"}},{"type":"Feature","geometry":{"type":"Polygon","coordinates":[[[50.2410025,53.2972832],[50.2410365,53.2973177],[50.2409675,53.297342],[50.2409336,53.2973074],[50.2410025,53.2972832]]]},"properties":{"id":"a3fc4136-dd63-45ce-8570-1e19006e12fa","source_type":"ml"}},{"type":"Feature","geometry":{"type":"Polygon","coordinates":[[[50.2426006,53.2974401],[50.2426577,53.2974127],[50.2427357,53.2974708],[50.2426786,53.2974982],[50.2426006,53.2974401]]]},"properties":{"id":"1118d7a9-a91d-49ff-87ab-a2487451b3dc","source_type":"ml"}},{"type":"Feature","geometry":{"type":"Polygon","coordinates":[[[50.242273,53.2978143],[50.2423193,53.2977958],[50.2423186,53.2977952],[50.2424298,53.2977507],[50.2425123,53.2978245],[50.2424159,53.297863],[50.2423706,53.2978225],[50.2423094,53.2978469],[50.242273,53.2978143]]]},"properties":{"id":"98125a08-a939-46b5-a207-56cb851ad457","source_type":"ml"}},{"type":"Feature","geometry":{"type":"Polygon","coordinates":[[[50.243152,53.2977545],[50.2431906,53.2977873],[50.2431027,53.2978242],[50.2430641,53.2977915],[50.243152,53.2977545]]]},"properties":{"id":"fd1272db-ac3b-423e-a241-d45b395d618c","source_type":"ml"}},{"type":"Feature","geometry":{"type":"Polygon","coordinates":[[[50.2423484,53.2972044],[50.2422911,53.2971475],[50.242413,53.2971035],[50.2424704,53.2971605],[50.2423484,53.2972044]]]},"properties":{"id":"a081ee47-890c-4c69-9d99-4e877fc86ae6","source_type":"ml"}},{"type":"Feature","geometry":{"type":"Polygon","coordinates":[[[50.2425617,53.2962521],[50.2425237,53.2962034],[50.2425788,53.2961881],[50.2426168,53.2962368],[50.2425617,53.2962521]]]},"properties":{"id":"6abc5f09-e077-4558-8589-af45c0eca72f","source_type":"ml"}},{"type":"Feature","geometry":{"type":"Polygon","coordinates":[[[50.243336,53.2962524],[50.2434083,53.2962191],[50.2434641,53.2962623],[50.2433918,53.2962957],[50.243336,53.2962524]]]},"properties":{"id":"bc7b786e-eba1-4842-aff1-0c3004985dbf","source_type":"ml"}},{"type":"Feature","geometry":{"type":"Polygon","coordinates":[[[50.2437838,53.298834],[50.2436884,53.2988157],[50.2437261,53.2987456],[50.2438215,53.2987639],[50.2437838,53.298834]]]},"properties":{"id":"5cf2f5b6-63ee-4544-a273-b46aa86894f3","source_type":"osm"}},{"type":"Feature","geometry":{"type":"Polygon","coordinates":[[[50.2439979,53.2986195],[50.244039,53.2986481],[50.2440051,53.2986655],[50.243964,53.298637],[50.2439979,53.2986195]]]},"properties":{"id":"0552562b-eac4-4a95-9768-af5bd9fd665b","source_type":"ml"}},{"type":"Feature","geometry":{"type":"Polygon","coordinates":[[[50.2420797,53.3002805],[50.2421324,53.300265],[50.2421644,53.3003036],[50.2421117,53.3003192],[50.2420797,53.3002805]]]},"properties":{"id":"8816e3a4-93c8-49ef-9eb0-4eaee8cc8bb0","source_type":"ml"}},{"type":"Feature","geometry":{"type":"Polygon","coordinates":[[[50.2416199,53.3073552],[50.2416126,53.3073883],[50.2415256,53.3073814],[50.2415329,53.3073483],[50.2416199,53.3073552]]]},"properties":{"id":"89765328-3357-4f9c-9c1f-1ab0aebfcba5","source_type":"ml"}},{"type":"Feature","geometry":{"type":"Polygon","coordinates":[[[50.2436353,53.3064365],[50.2436413,53.3063871],[50.2437373,53.3063913],[50.2437313,53.3064407],[50.2436353,53.3064365]]]},"properties":{"id":"2d121b83-d46d-40f1-b083-f5fefde41ac8","source_type":"ml"}},{"type":"Feature","geometry":{"type":"Polygon","coordinates":[[[50.2424991,53.3076693],[50.2424187,53.3076675],[50.242421,53.3076307],[50.2425013,53.3076325],[50.2424991,53.3076693]]]},"properties":{"id":"2a7d10bf-cc43-44e1-9f8b-b3a4e509263e","source_type":"ml"}},{"type":"Feature","geometry":{"type":"Polygon","coordinates":[[[50.2418633,53.308038],[50.2419585,53.3080368],[50.2419605,53.3080945],[50.2418653,53.3080957],[50.2418633,53.308038]]]},"properties":{"id":"5927b0ef-7126-4d54-b64b-1ede4c420cb9","source_type":"ml"}},{"type":"Feature","geometry":{"type":"Polygon","coordinates":[[[50.2415808,53.3097797],[50.2416083,53.3097979],[50.2415452,53.3098319],[50.2415177,53.3098136],[50.2415808,53.3097797]]]},"properties":{"id":"ff1d850b-6a86-4a51-9839-313d5aab9d84","source_type":"ml"}},{"type":"Feature","geometry":{"type":"Polygon","coordinates":[[[50.2442228,53.3071187],[50.24422,53.3070555],[50.2442507,53.307055],[50.2442535,53.3071182],[50.2442228,53.3071187]]]},"properties":{"id":"f60b73a6-43ba-40d5-86a8-35394c778c54","source_type":"ml"}},{"type":"Feature","geometry":{"type":"Polygon","coordinates":[[[50.2397977,53.3083078],[50.2398002,53.308279],[50.2398871,53.3082818],[50.2398846,53.3083105],[50.2397977,53.3083078]]]},"properties":{"id":"fd5868e2-5970-4c6d-b5c8-7faff40e87b6","source_type":"ml"}},{"type":"Feature","geometry":{"type":"Polygon","coordinates":[[[50.2406137,53.3058611],[50.2406105,53.305901],[50.2405501,53.3058993],[50.2405533,53.3058593],[50.2406137,53.3058611]]]},"properties":{"id":"9206f29c-ad37-40d4-a49d-2dea600d6dec","source_type":"ml"}},{"type":"Feature","geometry":{"type":"Polygon","coordinates":[[[50.239081,53.3066141],[50.239083,53.3065757],[50.2391741,53.3065773],[50.2391722,53.3066158],[50.239081,53.3066141]]]},"properties":{"id":"30d363d8-d228-4a48-972a-efdf36a662b0","source_type":"ml"}},{"type":"Feature","geometry":{"type":"Polygon","coordinates":[[[50.2355671,53.307436],[50.2354278,53.3074332],[50.2354324,53.3073516],[50.2355717,53.3073544],[50.2355671,53.307436]]]},"properties":{"id":"e1e05366-c8a1-4840-a3e3-be14ac7b9192","source_type":"ml"}},{"type":"Feature","geometry":{"type":"Polygon","coordinates":[[[50.2359135,53.3088831],[50.2359893,53.3088411],[50.2360288,53.3088665],[50.235953,53.3089085],[50.2359135,53.3088831]]]},"properties":{"id":"814f51b0-2404-4e85-ac10-06589b4c9905","source_type":"ml"}},{"type":"Feature","geometry":{"type":"Polygon","coordinates":[[[50.2289976,53.3069485],[50.2285538,53.3070498],[50.2284749,53.3069264],[50.2289187,53.3068251],[50.2289976,53.3069485]]]},"properties":{"id":"67d1c57f-750a-4730-9876-e138e5705a3c","source_type":"osm"}},{"type":"Feature","geometry":{"type":"Polygon","coordinates":[[[50.2287366,53.3072461],[50.2287996,53.3072383],[50.2288291,53.3073227],[50.228725,53.3073357],[50.2286874,53.3072282],[50.2287285,53.3072231],[50.2287366,53.3072461]]]},"properties":{"id":"712e183e-5fd1-4d09-819d-5fdb7ead2ac9","source_type":"ml"}},{"type":"Feature","geometry":{"type":"Polygon","coordinates":[[[50.2249973,53.3061022],[50.2249786,53.306043],[50.2250608,53.3060338],[50.2250795,53.3060929],[50.2249973,53.3061022]]]},"properties":{"id":"5a4ff868-3e18-4bdc-8040-e49a973115e0","source_type":"osm"}},{"type":"Feature","geometry":{"type":"Polygon","coordinates":[[[50.2231001,53.3057737],[50.2231344,53.3058568],[50.2230206,53.3058735],[50.2229863,53.3057904],[50.2231001,53.3057737]]]},"properties":{"id":"b55c33c7-13f0-4a79-a0a6-c0b7582ee767","source_type":"ml"}},{"type":"Feature","geometry":{"type":"Polygon","coordinates":[[[50.222825,53.3057875],[50.2228151,53.3057566],[50.2229677,53.3057391],[50.223011,53.3058735],[50.2228093,53.3058967],[50.2227759,53.3057932],[50.222825,53.3057875]]]},"properties":{"id":"d059ebae-a32c-4cf0-b70e-667c631c57ee","source_type":"ml"}},{"type":"Feature","geometry":{"type":"Polygon","coordinates":[[[50.2282757,53.3049582],[50.2282039,53.3049015],[50.2282602,53.3048761],[50.228332,53.3049327],[50.2282757,53.3049582]]]},"properties":{"id":"1d0d6a53-3990-4316-8261-38b6e34e5dfe","source_type":"ml"}},{"type":"Feature","geometry":{"type":"Polygon","coordinates":[[[50.229017,53.2941072],[50.2291093,53.2940953],[50.2291209,53.2941275],[50.2290286,53.2941393],[50.229017,53.2941072]]]},"properties":{"id":"312e1cb0-b8dd-4fbf-96f6-0cb0958cebd6","source_type":"ml"}},{"type":"Feature","geometry":{"type":"Polygon","coordinates":[[[50.2297713,53.2948303],[50.2298399,53.2948251],[50.2298446,53.2948472],[50.229776,53.2948524],[50.2297713,53.2948303]]]},"properties":{"id":"2948221b-be08-475f-90f1-4f49824d9b2a","source_type":"ml"}},{"type":"Feature","geometry":{"type":"Polygon","coordinates":[[[50.2333758,53.2961814],[50.2333005,53.2961645],[50.2333618,53.2960667],[50.2334371,53.2960836],[50.2333758,53.2961814]]]},"properties":{"id":"7923eb5b-6a6b-4fd2-94f1-a44ab3ea2db0","source_type":"ml"}},{"type":"Feature","geometry":{"type":"Polygon","coordinates":[[[50.2335056,53.2961006],[50.2334678,53.2960848],[50.233508,53.2960503],[50.2335459,53.2960661],[50.2335056,53.2961006]]]},"properties":{"id":"02b394e2-4110-4a88-8944-8d7fa9c7b3ae","source_type":"ml"}},{"type":"Feature","geometry":{"type":"Polygon","coordinates":[[[50.2342103,53.2957874],[50.2341244,53.2958531],[50.2340212,53.2958048],[50.2340804,53.2957596],[50.2341054,53.2957713],[50.2341321,53.2957508],[50.2342103,53.2957874]]]},"properties":{"id":"023c950f-f868-493b-9e99-38f7aa7146d8","source_type":"ml"}},{"type":"Feature","geometry":{"type":"Polygon","coordinates":[[[50.2317505,53.2977499],[50.2317478,53.2977932],[50.2316664,53.2977913],[50.2316691,53.2977481],[50.2317505,53.2977499]]]},"properties":{"id":"a54ca8c0-705b-4012-ad7e-17678082fe03","source_type":"ml"}},{"type":"Feature","geometry":{"type":"Polygon","coordinates":[[[50.23163,53.2977728],[50.2314879,53.2977739],[50.2314862,53.2976986],[50.2316283,53.2976974],[50.23163,53.2977728]]]},"properties":{"id":"34fb21de-a759-4f05-8352-d65f986734b1","source_type":"ml"}},{"type":"Feature","geometry":{"type":"Polygon","coordinates":[[[50.2316639,53.2978892],[50.231667,53.2979372],[50.2315197,53.2979406],[50.2315166,53.2978926],[50.2316639,53.2978892]]]},"properties":{"id":"0edf0dc2-4241-4b5e-8a9d-68309249c565","source_type":"ml"}},{"type":"Feature","geometry":{"type":"Polygon","coordinates":[[[50.2315855,53.2982857],[50.2315765,53.2982496],[50.2316579,53.2982424],[50.2316669,53.2982784],[50.2315855,53.2982857]]]},"properties":{"id":"315b7191-64b3-4aa5-b0f6-c017dae27cd2","source_type":"ml"}},{"type":"Feature","geometry":{"type":"Polygon","coordinates":[[[50.2316794,53.2986555],[50.2317268,53.29863],[50.2317735,53.298661],[50.2317261,53.2986865],[50.2316794,53.2986555]]]},"properties":{"id":"a372fa5b-79c1-43f5-8482-bf0fc3b1218e","source_type":"ml"}},{"type":"Feature","geometry":{"type":"Polygon","coordinates":[[[50.2305717,53.2982932],[50.2307083,53.2982898],[50.2307165,53.2984066],[50.2305799,53.29841],[50.2305717,53.2982932]]]},"properties":{"id":"dd8cf023-6bea-4686-9ecf-2f89504fdccf","source_type":"ml"}},{"type":"Feature","geometry":{"type":"Polygon","coordinates":[[[50.2314427,53.2977714],[50.2314409,53.2977987],[50.2313723,53.297797],[50.2313741,53.2977698],[50.2314427,53.2977714]]]},"properties":{"id":"605562c7-a080-4b2b-9b99-1b3e67ac233a","source_type":"ml"}},{"type":"Feature","geometry":{"type":"Polygon","coordinates":[[[50.2297394,53.297328],[50.2298477,53.2973263],[50.2298505,53.2973903],[50.2297423,53.297392],[50.2297394,53.297328]]]},"properties":{"id":"5146c5f5-a1cf-4abd-8e35-670d5677cb05","source_type":"ml"}},{"type":"Feature","geometry":{"type":"Polygon","coordinates":[[[50.229653,53.2977804],[50.2296539,53.2978012],[50.229543,53.2978029],[50.2295421,53.297782],[50.229653,53.2977804]]]},"properties":{"id":"990d5bf7-a5dd-4e0d-ade7-08a6cdec0b54","source_type":"ml"}},{"type":"Feature","geometry":{"type":"Polygon","coordinates":[[[50.2295349,53.2995265],[50.2295358,53.2994806],[50.2296726,53.2994816],[50.2296717,53.2995275],[50.2295349,53.2995265]]]},"properties":{"id":"0f44b3f8-90e4-4562-9a9a-72d75b5b845f","source_type":"ml"}},{"type":"Feature","geometry":{"type":"Polygon","coordinates":[[[50.2309261,53.299524],[50.2309239,53.2994881],[50.2309963,53.2994866],[50.2309984,53.2995224],[50.2309261,53.299524]]]},"properties":{"id":"699b3ff4-f0a5-4e8c-a659-01dec1e2473f","source_type":"ml"}},{"type":"Feature","geometry":{"type":"Polygon","coordinates":[[[50.2308424,53.3013261],[50.2308512,53.3013914],[50.2306406,53.3014016],[50.2306318,53.3013363],[50.2308424,53.3013261]]]},"properties":{"id":"37dc44be-b307-42d8-93c8-a26df8bbf76f","source_type":"ml"}},{"type":"Feature","geometry":{"type":"Polygon","coordinates":[[[50.2309456,53.3022267],[50.2310305,53.3022213],[50.2310367,53.3022568],[50.2309519,53.3022622],[50.2309456,53.3022267]]]},"properties":{"id":"b4869a34-960c-49d9-b5be-be511088c18f","source_type":"ml"}},{"type":"Feature","geometry":{"type":"Polygon","coordinates":[[[50.2305381,53.3020518],[50.2305433,53.3020722],[50.2304687,53.3020791],[50.2304635,53.3020587],[50.2305381,53.3020518]]]},"properties":{"id":"387dce8a-a3d3-4949-8c31-c86576a2d22d","source_type":"ml"}},{"type":"Feature","geometry":{"type":"Polygon","coordinates":[[[50.2300492,53.3020895],[50.2300264,53.3020318],[50.2301166,53.3020191],[50.2301394,53.3020768],[50.2300492,53.3020895]]]},"properties":{"id":"108529be-5c4d-4192-a663-819cf14be075","source_type":"ml"}},{"type":"Feature","geometry":{"type":"Polygon","coordinates":[[[50.2293408,53.3014343],[50.2293446,53.3015214],[50.2291918,53.3015237],[50.229188,53.3014367],[50.2293408,53.3014343]]]},"properties":{"id":"cdf0286f-fea6-4818-b0e8-205fe5af16a5","source_type":"ml"}},{"type":"Feature","geometry":{"type":"Polygon","coordinates":[[[50.2287731,53.301243],[50.228772,53.3012248],[50.2289221,53.3012217],[50.2289231,53.3012399],[50.2287731,53.301243]]]},"properties":{"id":"9fdb3194-5791-469d-adc9-ba9df78d8af8","source_type":"ml"}},{"type":"Feature","geometry":{"type":"Polygon","coordinates":[[[50.2288176,53.3024254],[50.2288154,53.3023687],[50.2289306,53.3023671],[50.2289329,53.3024238],[50.2288176,53.3024254]]]},"properties":{"id":"11f96173-fffb-4588-b728-e36244fc06d2","source_type":"ml"}},{"type":"Feature","geometry":{"type":"Polygon","coordinates":[[[50.2298023,53.302544],[50.2296751,53.3025425],[50.2296766,53.3024998],[50.2298038,53.3025014],[50.2298023,53.302544]]]},"properties":{"id":"1d5d39ff-e7e4-401d-adb7-0b4060ad14ff","source_type":"ml"}},{"type":"Feature","geometry":{"type":"Polygon","coordinates":[[[50.2306372,53.3045956],[50.2306735,53.3046462],[50.2306101,53.3046625],[50.2305932,53.304639],[50.2306083,53.3046351],[50.2305888,53.304608],[50.2306372,53.3045956]]]},"properties":{"id":"44cd3db8-0eb8-4867-b1b0-5cdd265d5e51","source_type":"ml"}},{"type":"Feature","geometry":{"type":"Polygon","coordinates":[[[50.2310544,53.3033941],[50.2310603,53.3033099],[50.2311995,53.3033134],[50.2311937,53.3033975],[50.2310544,53.3033941]]]},"properties":{"id":"43f91117-d622-4403-bed5-a46e55ab2603","source_type":"ml"}},{"type":"Feature","geometry":{"type":"Polygon","coordinates":[[[50.2306081,53.3034568],[50.2306112,53.3035023],[50.2305095,53.3035047],[50.2305064,53.3034593],[50.2306081,53.3034568]]]},"properties":{"id":"04267d4f-4f21-4557-b256-22faf86ed892","source_type":"ml"}},{"type":"Feature","geometry":{"type":"Polygon","coordinates":[[[50.2326075,53.3036048],[50.2324588,53.3035168],[50.2325788,53.3034444],[50.2327275,53.3035324],[50.2326075,53.3036048]]]},"properties":{"id":"9f711668-6ecd-4af5-82cc-c6df5ec3a402","source_type":"my"}},{"type":"Feature","geometry":{"type":"Polygon","coordinates":[[[50.2316044,53.3049627],[50.2318011,53.3049647],[50.2318005,53.3049855],[50.2319523,53.3049871],[50.2319492,53.3050935],[50.2318189,53.3050922],[50.2318197,53.3050627],[50.2316015,53.3050604],[50.2316044,53.3049627]]]},"properties":{"id":"4e73bfd2-ad3a-416b-ad99-109350b5e6a5","source_type":"ml"}},{"type":"Feature","geometry":{"type":"Polygon","coordinates":[[[50.2325278,53.3055],[50.2324465,53.3054927],[50.2324604,53.3054378],[50.2325417,53.3054452],[50.2325278,53.3055]]]},"properties":{"id":"7dde3587-f8ad-4c6d-a078-a2be0a2707d4","source_type":"ml"}},{"type":"Feature","geometry":{"type":"Polygon","coordinates":[[[50.2329873,53.3043076],[50.2329676,53.3043516],[50.2329041,53.3043415],[50.2328846,53.3043848],[50.2326904,53.3043537],[50.2327289,53.3042678],[50.2329256,53.3042993],[50.2329263,53.3042978],[50.2329873,53.3043076]]]},"properties":{"id":"42e17efa-132a-4d9a-bcb8-116e4268dc52","source_type":"ml"}},{"type":"Feature","geometry":{"type":"Polygon","coordinates":[[[50.2330924,53.3027679],[50.2329333,53.3027674],[50.2329341,53.3026794],[50.2330932,53.3026799],[50.2330924,53.3027679]]]},"properties":{"id":"c30f2f06-d3ce-479f-aa12-c98a7a285e37","source_type":"osm"}},{"type":"Feature","geometry":{"type":"Polygon","coordinates":[[[50.2337775,53.3031345],[50.2337694,53.3031773],[50.2337191,53.3031739],[50.2337272,53.3031311],[50.2337775,53.3031345]]]},"properties":{"id":"d39055a5-a27b-4ada-ad0f-bccc8fb01cec","source_type":"ml"}},{"type":"Feature","geometry":{"type":"Polygon","coordinates":[[[50.2345688,53.3018334],[50.234564,53.301899],[50.2345226,53.301898],[50.2345242,53.3018756],[50.2344225,53.301873],[50.2344256,53.3018298],[50.2345688,53.3018334]]]},"properties":{"id":"9be8e686-41c0-457e-ba7a-73f90b8d449c","source_type":"ml"}},{"type":"Feature","geometry":{"type":"Polygon","coordinates":[[[50.2317889,53.2999949],[50.2318308,53.3000356],[50.231784,53.3000528],[50.2317422,53.300012],[50.2317889,53.2999949]]]},"properties":{"id":"17dd4604-6ba3-460b-8a4e-322ea7ad3eb6","source_type":"ml"}},{"type":"Feature","geometry":{"type":"Polygon","coordinates":[[[50.2317234,53.299693],[50.2317525,53.2997137],[50.2317069,53.2997366],[50.2316778,53.2997159],[50.2317234,53.299693]]]},"properties":{"id":"fde3d425-3547-43a2-bc3e-c179a3c942ec","source_type":"ml"}},{"type":"Feature","geometry":{"type":"Polygon","coordinates":[[[50.2352044,53.3029196],[50.2352414,53.3029143],[50.2352569,53.302953],[50.2352199,53.3029583],[50.2352044,53.3029196]]]},"properties":{"id":"f98a2249-8b5e-4945-94f2-c11eb07266b7","source_type":"ml"}},{"type":"Feature","geometry":{"type":"Polygon","coordinates":[[[50.2348495,53.3027912],[50.2349901,53.3027898],[50.2349911,53.3028251],[50.2348505,53.3028265],[50.2348495,53.3027912]]]},"properties":{"id":"7f596046-bf91-4097-b0a2-13f1fb4402bf","source_type":"ml"}},{"type":"Feature","geometry":{"type":"Polygon","coordinates":[[[50.2363486,53.3043472],[50.2364493,53.3043406],[50.2364585,53.3043906],[50.2363578,53.3043972],[50.2363486,53.3043472]]]},"properties":{"id":"ff91f897-286e-4c32-a4fb-02cc674246ee","source_type":"ml"}},{"type":"Feature","geometry":{"type":"Polygon","coordinates":[[[50.2399333,53.2969799],[50.2399933,53.2970429],[50.239913,53.2970702],[50.2398531,53.2970072],[50.2399333,53.2969799]]]},"properties":{"id":"8de3c225-6336-471a-b142-5c0c6870f417","source_type":"ml"}},{"type":"Feature","geometry":{"type":"Polygon","coordinates":[[[50.2402408,53.2960097],[50.2402932,53.2959917],[50.2403268,53.2960266],[50.2402744,53.2960447],[50.2402408,53.2960097]]]},"properties":{"id":"bbef3c02-f483-4501-8a16-788a49160012","source_type":"ml"}},{"type":"Feature","geometry":{"type":"Polygon","coordinates":[[[50.2398231,53.2966365],[50.2398357,53.2966534],[50.2397686,53.2966713],[50.23973,53.2966196],[50.2398675,53.296583],[50.2398934,53.2966178],[50.2398231,53.2966365]]]},"properties":{"id":"b515bf1e-7833-4704-ac64-ef9aec0564d1","source_type":"ml"}},{"type":"Feature","geometry":{"type":"Polygon","coordinates":[[[50.2386472,53.2965483],[50.2386913,53.2965769],[50.2385926,53.2966312],[50.2385485,53.2966026],[50.2386472,53.2965483]]]},"properties":{"id":"1b75dfd1-ad48-46fd-96a9-c69e40890eaa","source_type":"ml"}},{"type":"Feature","geometry":{"type":"Polygon","coordinates":[[[50.2386247,53.296158],[50.2385717,53.2961276],[50.2386333,53.2960892],[50.2386863,53.2961196],[50.2386247,53.296158]]]},"properties":{"id":"cffacbef-da08-40e2-8d48-a17e0dd0bfb4","source_type":"ml"}},{"type":"Feature","geometry":{"type":"Polygon","coordinates":[[[50.2381638,53.2960232],[50.2381322,53.2959965],[50.2381679,53.2959814],[50.2381995,53.296008],[50.2381638,53.2960232]]]},"properties":{"id":"f75b2c79-98f7-4a0e-a16f-61d42d71eb87","source_type":"ml"}},{"type":"Feature","geometry":{"type":"Polygon","coordinates":[[[50.2357718,53.2971927],[50.2357181,53.297164],[50.2357468,53.2971449],[50.2358004,53.2971736],[50.2357718,53.2971927]]]},"properties":{"id":"614b68c4-ec4b-49fe-be01-28d4af82d54d","source_type":"ml"}},{"type":"Feature","geometry":{"type":"Polygon","coordinates":[[[50.2350996,53.2965344],[50.235123,53.2965868],[50.2350554,53.2965976],[50.235032,53.2965453],[50.2350996,53.2965344]]]},"properties":{"id":"05aee324-2f35-4442-a94a-23f3090ea5ff","source_type":"ml"}},{"type":"Feature","geometry":{"type":"Polygon","coordinates":[[[50.2360126,53.2963153],[50.2359881,53.2962957],[50.2360365,53.2962742],[50.2360609,53.2962938],[50.2360126,53.2963153]]]},"properties":{"id":"f787b566-6471-4c4d-98ff-79fd22e4460b","source_type":"ml"}},{"type":"Feature","geometry":{"type":"Polygon","coordinates":[[[50.2354418,53.2953216],[50.2353702,53.295356],[50.2354501,53.2954154],[50.2353744,53.2954518],[50.2352152,53.2953336],[50.2353308,53.295278],[50.2353806,53.295315],[50.2354123,53.2952997],[50.2354418,53.2953216]]]},"properties":{"id":"47ae12a3-d0a3-4587-aabf-e57c77d01b3e","source_type":"ml"}},{"type":"Feature","geometry":{"type":"Polygon","coordinates":[[[50.2421534,53.2946983],[50.2422024,53.294678],[50.2422601,53.2947279],[50.2422112,53.2947481],[50.2421534,53.2946983]]]},"properties":{"id":"cee1ed76-cf47-4d3b-b39e-6c752d39af27","source_type":"ml"}},{"type":"Feature","geometry":{"type":"Polygon","coordinates":[[[50.2422429,53.2955849],[50.2423287,53.295626],[50.2422848,53.2956587],[50.242199,53.2956176],[50.2422429,53.2955849]]]},"properties":{"id":"ee8da980-89a1-4b9b-9bab-76ef7d443538","source_type":"ml"}},{"type":"Feature","geometry":{"type":"Polygon","coordinates":[[[50.2416878,53.2950477],[50.2416304,53.2949981],[50.2417091,53.2949656],[50.2417665,53.2950151],[50.2416878,53.2950477]]]},"properties":{"id":"1ca5f555-2124-4633-8aa7-5e7004c63a2f","source_type":"osm"}},{"type":"Feature","geometry":{"type":"Polygon","coordinates":[[[50.2406144,53.2954387],[50.2406905,53.2954029],[50.2407439,53.2954434],[50.2406678,53.2954793],[50.2406144,53.2954387]]]},"properties":{"id":"8228aa19-9670-4803-b811-c03442c0acdd","source_type":"ml"}},{"type":"Feature","geometry":{"type":"Polygon","coordinates":[[[50.2414992,53.2967573],[50.2414927,53.2967365],[50.2415585,53.2967291],[50.241565,53.2967498],[50.2414992,53.2967573]]]},"properties":{"id":"a7ad8630-4b29-4565-a42b-cd4f1a2a5ba1","source_type":"ml"}},{"type":"Feature","geometry":{"type":"Polygon","coordinates":[[[50.2408525,53.2965707],[50.2409025,53.2966068],[50.2408564,53.2966297],[50.2408063,53.2965935],[50.2408525,53.2965707]]]},"properties":{"id":"9e1011e7-c313-4b81-b41d-35813c803625","source_type":"ml"}},{"type":"Feature","geometry":{"type":"Polygon","coordinates":[[[50.2423516,53.2978835],[50.2424076,53.2979211],[50.2423657,53.2979434],[50.2423097,53.2979058],[50.2423516,53.2978835]]]},"properties":{"id":"43b86f30-1cc3-4829-be42-5c2f4b8961e3","source_type":"ml"}},{"type":"Feature","geometry":{"type":"Polygon","coordinates":[[[50.2423181,53.2981285],[50.242378,53.2981154],[50.2424018,53.2981541],[50.2423419,53.2981672],[50.2423181,53.2981285]]]},"properties":{"id":"8e70c001-aaea-4efe-a7ad-f5b6b826a8df","source_type":"ml"}},{"type":"Feature","geometry":{"type":"Polygon","coordinates":[[[50.2427215,53.296599],[50.242756,53.2966331],[50.2427097,53.2966498],[50.2426752,53.2966158],[50.2427215,53.296599]]]},"properties":{"id":"6c5db49e-64af-4a4b-a4c3-e70e3fda9e9f","source_type":"ml"}},{"type":"Feature","geometry":{"type":"Polygon","coordinates":[[[50.2423483,53.2957042],[50.2423753,53.2957288],[50.2423303,53.2957465],[50.2423032,53.2957218],[50.2423483,53.2957042]]]},"properties":{"id":"67240b8c-9b7a-497b-9972-e6d257f30ca3","source_type":"ml"}},{"type":"Feature","geometry":{"type":"Polygon","coordinates":[[[50.2424446,53.2956893],[50.2425622,53.2956473],[50.2426048,53.2956898],[50.2424871,53.2957318],[50.2424446,53.2956893]]]},"properties":{"id":"02e16ecd-2fb2-4019-bccd-351e49610a7e","source_type":"ml"}},{"type":"Feature","geometry":{"type":"Polygon","coordinates":[[[50.2441002,53.3044183],[50.2441551,53.304429],[50.2441354,53.3044652],[50.2440805,53.3044546],[50.2441002,53.3044183]]]},"properties":{"id":"a76475d3-5345-4531-9e6b-86d84f6391d5","source_type":"ml"}},{"type":"Feature","geometry":{"type":"Polygon","coordinates":[[[50.2441953,53.3043563],[50.2441913,53.30429],[50.2442305,53.3042891],[50.2442345,53.3043555],[50.2441953,53.3043563]]]},"properties":{"id":"f2fc16bc-7f02-406e-8825-e5eb7e7009fd","source_type":"ml"}},{"type":"Feature","geometry":{"type":"Polygon","coordinates":[[[50.2408325,53.3065245],[50.2408297,53.3064899],[50.2408912,53.3064881],[50.240894,53.3065227],[50.2408325,53.3065245]]]},"properties":{"id":"dcdad88d-ed39-460c-b4a9-b46d05852ce9","source_type":"ml"}},{"type":"Feature","geometry":{"type":"Polygon","coordinates":[[[50.2419472,53.3070834],[50.241946,53.3071075],[50.2418736,53.3071061],[50.2418749,53.3070821],[50.2419472,53.3070834]]]},"properties":{"id":"74e8abe7-701c-40fb-ba37-2e5fc345b9e9","source_type":"ml"}},{"type":"Feature","geometry":{"type":"Polygon","coordinates":[[[50.2426075,53.3059891],[50.2425476,53.3059767],[50.2425626,53.3059509],[50.2426224,53.3059633],[50.2426075,53.3059891]]]},"properties":{"id":"24b96c07-46ee-4db5-be58-c2286f315d44","source_type":"ml"}},{"type":"Feature","geometry":{"type":"Polygon","coordinates":[[[50.2424487,53.3064036],[50.2423186,53.3064009],[50.2423219,53.3063433],[50.242452,53.3063459],[50.2424487,53.3064036]]]},"properties":{"id":"2316a12e-8fc7-4baf-9d42-c7888c56307f","source_type":"ml"}},{"type":"Feature","geometry":{"type":"Polygon","coordinates":[[[50.2430829,53.3077496],[50.2431688,53.3077496],[50.2431688,53.3077768],[50.2430829,53.3077768],[50.2430829,53.3077496]]]},"properties":{"id":"25282fc6-41ac-496b-8a8b-84c04a511082","source_type":"ml"}},{"type":"Feature","geometry":{"type":"Polygon","coordinates":[[[50.2435265,53.308857],[50.2435451,53.3089024],[50.2434996,53.308909],[50.243481,53.3088637],[50.2435265,53.308857]]]},"properties":{"id":"28ea9f08-ec38-40b3-9be9-c93c70525cd4","source_type":"ml"}},{"type":"Feature","geometry":{"type":"Polygon","coordinates":[[[50.2446176,53.3082534],[50.244631,53.3083255],[50.2445316,53.3083321],[50.2445182,53.30826],[50.2446176,53.3082534]]]},"properties":{"id":"46e9d25a-ded7-4fe0-9957-307aa28500d6","source_type":"ml"}},{"type":"Feature","geometry":{"type":"Polygon","coordinates":[[[50.2438325,53.307083],[50.2438252,53.3072143],[50.2437046,53.3072119],[50.2437062,53.307184],[50.2436699,53.3071833],[50.2436756,53.3070799],[50.2438325,53.307083]]]},"properties":{"id":"c2bfa4e1-69b9-4291-adf1-7cd53d560552","source_type":"ml"}},{"type":"Feature","geometry":{"type":"Polygon","coordinates":[[[50.2441026,53.3062217],[50.2440036,53.3062187],[50.2440061,53.30619],[50.2441051,53.306193],[50.2441026,53.3062217]]]},"properties":{"id":"c00a6418-dbaa-4785-a49e-382a20b6f392","source_type":"ml"}},{"type":"Feature","geometry":{"type":"Polygon","coordinates":[[[50.2403487,53.3060398],[50.2403458,53.3060894],[50.2402547,53.3060875],[50.2402576,53.3060379],[50.2403487,53.3060398]]]},"properties":{"id":"b52f9bd2-20c1-485e-b629-6ae7facddc93","source_type":"ml"}},{"type":"Feature","geometry":{"type":"Polygon","coordinates":[[[50.2371541,53.3058645],[50.237245,53.3059007],[50.2371929,53.3059473],[50.2371021,53.305911],[50.2371541,53.3058645]]]},"properties":{"id":"ad1159b7-fa18-449f-b84b-159d200ada6a","source_type":"ml"}},{"type":"Feature","geometry":{"type":"Polygon","coordinates":[[[50.2337289,53.3064145],[50.233537,53.3064132],[50.2335388,53.3063155],[50.2337307,53.3063167],[50.2337289,53.3064145]]]},"properties":{"id":"bcddce12-9063-4eb1-bbdd-eb3d31010b01","source_type":"ml"}},{"type":"Feature","geometry":{"type":"Polygon","coordinates":[[[50.2280701,53.3083322],[50.2276768,53.3082611],[50.2277305,53.3081551],[50.2281238,53.3082263],[50.2280701,53.3083322]]]},"properties":{"id":"740d7612-20cc-4e38-9d8e-478198130e87","source_type":"osm"}},{"type":"Feature","geometry":{"type":"Polygon","coordinates":[[[50.2292954,53.2944507],[50.22928,53.2944112],[50.2293206,53.2944055],[50.2293361,53.294445],[50.2292954,53.2944507]]]},"properties":{"id":"20dfd11b-9cb5-4b7c-bf78-0a8dc5159323","source_type":"ml"}},{"type":"Feature","geometry":{"type":"Polygon","coordinates":[[[50.2326394,53.2972556],[50.2326382,53.2972323],[50.2327159,53.2972309],[50.2327171,53.2972542],[50.2326394,53.2972556]]]},"properties":{"id":"3739839f-e31a-43aa-b631-689648a21155","source_type":"ml"}},{"type":"Feature","geometry":{"type":"Polygon","coordinates":[[[50.2340752,53.2971914],[50.2341076,53.2971804],[50.2341457,53.2972203],[50.2341133,53.2972314],[50.2340752,53.2971914]]]},"properties":{"id":"92e85318-85a7-4146-84a4-53cd1ca4823f","source_type":"ml"}},{"type":"Feature","geometry":{"type":"Polygon","coordinates":[[[50.2335956,53.2975074],[50.2336835,53.2975535],[50.233637,53.2975852],[50.233549,53.2975392],[50.2335956,53.2975074]]]},"properties":{"id":"2f319b1c-99e7-4ce8-970f-4206d7ba6193","source_type":"ml"}},{"type":"Feature","geometry":{"type":"Polygon","coordinates":[[[50.2339367,53.2979789],[50.2339798,53.2980132],[50.2339078,53.2980456],[50.2338647,53.2980113],[50.2339367,53.2979789]]]},"properties":{"id":"0941bfbc-4475-40b1-b466-d36e72b55ca5","source_type":"ml"}},{"type":"Feature","geometry":{"type":"Polygon","coordinates":[[[50.2321449,53.2987003],[50.2322497,53.298641],[50.2323636,53.298713],[50.2322588,53.2987722],[50.2321449,53.2987003]]]},"properties":{"id":"6cfe13ee-4ae8-44a1-92e2-d4f118fe8f37","source_type":"ml"}},{"type":"Feature","geometry":{"type":"Polygon","coordinates":[[[50.2326707,53.2985501],[50.2326318,53.29852],[50.2326698,53.2985024],[50.2327087,53.2985325],[50.2326707,53.2985501]]]},"properties":{"id":"1661e63a-47cc-419e-8785-e855cf29e44b","source_type":"ml"}},{"type":"Feature","geometry":{"type":"Polygon","coordinates":[[[50.2309214,53.2983089],[50.230905,53.2982777],[50.2310172,53.2982565],[50.2310336,53.2982877],[50.2309214,53.2983089]]]},"properties":{"id":"8ddeb0c3-bd3f-4cda-800e-1de86b9f908a","source_type":"ml"}},{"type":"Feature","geometry":{"type":"Polygon","coordinates":[[[50.2303244,53.2989849],[50.2304676,53.2989833],[50.2304707,53.2990843],[50.2303275,53.2990858],[50.2303244,53.2989849]]]},"properties":{"id":"359dbb74-68c0-48bc-acdf-8f74d2847379","source_type":"ml"}},{"type":"Feature","geometry":{"type":"Polygon","coordinates":[[[50.2299516,53.2986772],[50.2300401,53.2986765],[50.2300418,53.2987454],[50.2299533,53.2987461],[50.2299516,53.2986772]]]},"properties":{"id":"2e7a57a8-9b22-4fb6-a60c-3e59a9d942b0","source_type":"ml"}},{"type":"Feature","geometry":{"type":"Polygon","coordinates":[[[50.2301105,53.2978413],[50.2301092,53.2978077],[50.2302325,53.297806],[50.2302338,53.2978396],[50.2301105,53.2978413]]]},"properties":{"id":"69b7ae8a-a163-43da-a8f7-03eb530337e7","source_type":"ml"}},{"type":"Feature","geometry":{"type":"Polygon","coordinates":[[[50.2304401,53.2977059],[50.2302457,53.2977087],[50.2302412,53.2975984],[50.2304356,53.2975956],[50.2304401,53.2977059]]]},"properties":{"id":"282bcc83-e12c-48d1-86cb-d7e81d912d51","source_type":"osm"}},{"type":"Feature","geometry":{"type":"Polygon","coordinates":[[[50.2312769,53.2972838],[50.2312814,53.2973349],[50.231236,53.2973364],[50.2312314,53.2972852],[50.2312769,53.2972838]]]},"properties":{"id":"ff9bc190-2603-49d6-a3cb-cc4b2f544840","source_type":"ml"}},{"type":"Feature","geometry":{"type":"Polygon","coordinates":[[[50.2308014,53.2962995],[50.2308912,53.2962724],[50.2309365,53.2963261],[50.2308467,53.2963532],[50.2308014,53.2962995]]]},"properties":{"id":"09a5eb9d-05c2-46e0-97f5-a0fa5b3ce8ce","source_type":"ml"}},{"type":"Feature","geometry":{"type":"Polygon","coordinates":[[[50.22879,53.2963552],[50.2288418,53.2963125],[50.228898,53.2963369],[50.2288462,53.2963796],[50.22879,53.2963552]]]},"properties":{"id":"4d2e561e-af23-4e23-adef-5cc4a43f039c","source_type":"ml"}},{"type":"Feature","geometry":{"type":"Polygon","coordinates":[[[50.2296139,53.2981532],[50.2296782,53.2981525],[50.2296799,53.2982054],[50.2296155,53.2982061],[50.2296139,53.2981532]]]},"properties":{"id":"c1422ad1-cb0a-4de6-9465-eaa4ac5c18d5","source_type":"ml"}},{"type":"Feature","geometry":{"type":"Polygon","coordinates":[[[50.2295009,53.2984293],[50.229324,53.2984321],[50.2293219,53.298384],[50.2294989,53.2983813],[50.2295009,53.2984293]]]},"properties":{"id":"b443446c-1c84-4cdd-9d05-25eaa1b8aedc","source_type":"ml"}},{"type":"Feature","geometry":{"type":"Polygon","coordinates":[[[50.2298636,53.3011811],[50.2299278,53.3011791],[50.2299308,53.3012143],[50.2298666,53.3012163],[50.2298636,53.3011811]]]},"properties":{"id":"3a2c3d0c-8c1c-451b-b51c-904a09b376c2","source_type":"ml"}},{"type":"Feature","geometry":{"type":"Polygon","coordinates":[[[50.2313196,53.3015575],[50.2313152,53.3015112],[50.23139,53.3015086],[50.2313945,53.3015549],[50.2313196,53.3015575]]]},"properties":{"id":"f08e7faf-e0c6-4b4c-9ff3-bd7fdf000b15","source_type":"ml"}},{"type":"Feature","geometry":{"type":"Polygon","coordinates":[[[50.2298494,53.3020895],[50.2298811,53.302087],[50.2298953,53.3021516],[50.2298637,53.3021541],[50.2298494,53.3020895]]]},"properties":{"id":"116c5279-68c6-444d-8018-2560e5233dba","source_type":"ml"}},{"type":"Feature","geometry":{"type":"Polygon","coordinates":[[[50.2293047,53.3043752],[50.2294563,53.3043713],[50.2294609,53.3044331],[50.2293092,53.304437],[50.2293047,53.3043752]]]},"properties":{"id":"467df1a3-5dde-455b-aabb-3085ed1d90c7","source_type":"ml"}},{"type":"Feature","geometry":{"type":"Polygon","coordinates":[[[50.2310529,53.3030675],[50.2312163,53.3030714],[50.2312082,53.3031952],[50.2310448,53.3031914],[50.2310529,53.3030675]]]},"properties":{"id":"0139ce70-99ec-4627-8034-62cc20226236","source_type":"ml"}},{"type":"Feature","geometry":{"type":"Polygon","coordinates":[[[50.2312976,53.3031207],[50.2314234,53.3031239],[50.2314182,53.3031975],[50.2312924,53.3031943],[50.2312976,53.3031207]]]},"properties":{"id":"c75b1b02-b5f4-4de9-a609-cd118a4d3b28","source_type":"ml"}},{"type":"Feature","geometry":{"type":"Polygon","coordinates":[[[50.2318395,53.3030555],[50.2317537,53.3030543],[50.2317561,53.3029912],[50.2318419,53.3029924],[50.2318395,53.3030555]]]},"properties":{"id":"9ca58cc0-f368-4d79-808e-046309b16ca3","source_type":"ml"}},{"type":"Feature","geometry":{"type":"Polygon","coordinates":[[[50.231684,53.3033993],[50.2317471,53.3033977],[50.2317489,53.3034217],[50.2316857,53.3034233],[50.231684,53.3033993]]]},"properties":{"id":"6d6af50e-7c3b-474b-aa8e-38109f7316ab","source_type":"ml"}},{"type":"Feature","geometry":{"type":"Polygon","coordinates":[[[50.2319248,53.3042612],[50.2318739,53.3042542],[50.2318904,53.3042116],[50.2319413,53.3042187],[50.2319248,53.3042612]]]},"properties":{"id":"c03f0a0b-819a-4dd7-a7ab-ba74371afef4","source_type":"ml"}},{"type":"Feature","geometry":{"type":"Polygon","coordinates":[[[50.2325452,53.3050701],[50.2324809,53.3049857],[50.2326445,53.3049412],[50.2327088,53.3050256],[50.2325452,53.3050701]]]},"properties":{"id":"6a874fca-df5f-4070-aa69-1e2876c78f3d","source_type":"ml"}},{"type":"Feature","geometry":{"type":"Polygon","coordinates":[[[50.2334589,53.3042948],[50.2334084,53.3043576],[50.2332728,53.3043187],[50.2333233,53.3042559],[50.2334589,53.3042948]]]},"properties":{"id":"4dd1021a-f20f-4106-a46b-60b1c5bd8bfc","source_type":"my"}},{"type":"Feature","geometry":{"type":"Polygon","coordinates":[[[50.2331981,53.3046492],[50.233145,53.3047168],[50.2329932,53.3046741],[50.2330463,53.3046066],[50.2331981,53.3046492]]]},"properties":{"id":"3127bd4b-27a9-41f4-afd4-363ce20aa581","source_type":"my"}},{"type":"Feature","geometry":{"type":"Polygon","coordinates":[[[50.2331918,53.3050955],[50.2331945,53.3050498],[50.2334131,53.3050543],[50.2334105,53.3051],[50.2331918,53.3050955]]]},"properties":{"id":"e891406b-6cb3-4591-8833-c152a736eb2b","source_type":"ml"}},{"type":"Feature","geometry":{"type":"Polygon","coordinates":[[[50.2345686,53.3018301],[50.234424,53.3018269],[50.2344286,53.3017517],[50.2345733,53.3017549],[50.2345686,53.3018301]]]},"properties":{"id":"f9a6b5dc-dc76-426f-9224-4312db1e13e4","source_type":"ml"}},{"type":"Feature","geometry":{"type":"Polygon","coordinates":[[[50.2333053,53.3009403],[50.2332783,53.3009003],[50.2334132,53.3008677],[50.2334402,53.3009077],[50.2333053,53.3009403]]]},"properties":{"id":"47a31430-4f88-42ff-856f-c7862078e98d","source_type":"ml"}},{"type":"Feature","geometry":{"type":"Polygon","coordinates":[[[50.233038,53.3009652],[50.2330062,53.3008729],[50.2331271,53.3008581],[50.233159,53.3009503],[50.233038,53.3009652]]]},"properties":{"id":"636405e4-910b-4d10-8521-c00e142f43ad","source_type":"ml"}},{"type":"Feature","geometry":{"type":"Polygon","coordinates":[[[50.2336501,53.3018182],[50.2337827,53.301821],[50.2337807,53.3018562],[50.233648,53.3018535],[50.2336501,53.3018182]]]},"properties":{"id":"1d250230-b371-45f6-a1d3-3f166a645023","source_type":"ml"}},{"type":"Feature","geometry":{"type":"Polygon","coordinates":[[[50.2330202,53.3022037],[50.2328698,53.3022118],[50.232856,53.3021214],[50.2330065,53.3021132],[50.2330202,53.3022037]]]},"properties":{"id":"fd61e842-2b82-4a0e-b43a-27ae945c2b22","source_type":"osm"}},{"type":"Feature","geometry":{"type":"Polygon","coordinates":[[[50.2321647,53.3023468],[50.2319344,53.3023529],[50.2319261,53.3022409],[50.2320975,53.3022364],[50.2320987,53.3022524],[50.2321575,53.3022508],[50.2321647,53.3023468]]]},"properties":{"id":"4c95f7e9-9d04-48fe-8679-9754833c9cae","source_type":"ml"}},{"type":"Feature","geometry":{"type":"Polygon","coordinates":[[[50.2326518,53.3015391],[50.2326643,53.3015751],[50.232618,53.3015808],[50.2326055,53.3015448],[50.2326518,53.3015391]]]},"properties":{"id":"ffeda251-589a-4289-b101-a5b90d20506b","source_type":"ml"}},{"type":"Feature","geometry":{"type":"Polygon","coordinates":[[[50.2327254,53.300746],[50.2327587,53.300826],[50.232635,53.3008444],[50.2326142,53.3007946],[50.2325954,53.3007974],[50.2325828,53.3007672],[50.2327254,53.300746]]]},"properties":{"id":"1219a06e-16f9-4ec2-b6dd-70e09c2cfa07","source_type":"ml"}},{"type":"Feature","geometry":{"type":"Polygon","coordinates":[[[50.2326894,53.3007099],[50.2327039,53.300748],[50.2325624,53.3007673],[50.2325478,53.3007292],[50.2326894,53.3007099]]]},"properties":{"id":"6c7cb626-b764-4e72-abc8-cd8240e82450","source_type":"ml"}},{"type":"Feature","geometry":{"type":"Polygon","coordinates":[[[50.2320856,53.3005234],[50.2321618,53.3005072],[50.2321787,53.3005357],[50.2321025,53.3005518],[50.2320856,53.3005234]]]},"properties":{"id":"eabdedee-b027-402b-bd54-b5d57e6f567a","source_type":"ml"}},{"type":"Feature","geometry":{"type":"Polygon","coordinates":[[[50.231902,53.299647],[50.2320033,53.2995796],[50.2320641,53.2996123],[50.2319628,53.2996797],[50.231902,53.299647]]]},"properties":{"id":"a73d0d26-ae80-44fc-a0f8-9a124184deef","source_type":"ml"}},{"type":"Feature","geometry":{"type":"Polygon","coordinates":[[[50.2317383,53.2997434],[50.2318185,53.2996987],[50.2318881,53.2997432],[50.2318079,53.299788],[50.2317383,53.2997434]]]},"properties":{"id":"06ce427d-b50d-48f1-9691-8bfa5fbc2ab9","source_type":"ml"}},{"type":"Feature","geometry":{"type":"Polygon","coordinates":[[[50.234671,53.3045349],[50.2347465,53.3045516],[50.2347012,53.304625],[50.2346257,53.3046083],[50.234671,53.3045349]]]},"properties":{"id":"0b6b1e93-59ec-4ac0-ab25-2c9ce1175d39","source_type":"ml"}},{"type":"Feature","geometry":{"type":"Polygon","coordinates":[[[50.2349417,53.3052507],[50.2348714,53.3052347],[50.2348973,53.3051941],[50.2349676,53.3052101],[50.2349417,53.3052507]]]},"properties":{"id":"ad72a37c-94b0-4be0-80a1-6d1d06cb62f0","source_type":"ml"}},{"type":"Feature","geometry":{"type":"Polygon","coordinates":[[[50.2353181,53.3052674],[50.2353817,53.3052836],[50.2353474,53.3053317],[50.2352838,53.3053156],[50.2353181,53.3052674]]]},"properties":{"id":"626db88f-5c4e-4742-8bcd-5451e6157ea6","source_type":"ml"}},{"type":"Feature","geometry":{"type":"Polygon","coordinates":[[[50.236118,53.3043332],[50.2361599,53.3043326],[50.2361628,53.3044143],[50.2360234,53.3044161],[50.23602,53.30432],[50.2361175,53.3043187],[50.236118,53.3043332]]]},"properties":{"id":"d31c840a-210f-4564-9269-402ba5536c51","source_type":"ml"}},{"type":"Feature","geometry":{"type":"Polygon","coordinates":[[[50.2373076,53.3054917],[50.2371594,53.3055084],[50.2371285,53.3054101],[50.2372767,53.3053935],[50.2373076,53.3054917]]]},"properties":{"id":"6edb74c6-0409-4377-96e1-42d1b900ef31","source_type":"osm"}},{"type":"Feature","geometry":{"type":"Polygon","coordinates":[[[50.2390913,53.303411],[50.2390551,53.3034024],[50.2390845,53.3033581],[50.2390752,53.3033559],[50.2390982,53.3033213],[50.2391436,53.303332],[50.2390913,53.303411]]]},"properties":{"id":"2d6311ea-89ae-4b8c-9d42-689269bf9af4","source_type":"ml"}},{"type":"Feature","geometry":{"type":"Polygon","coordinates":[[[50.2385926,53.3055199],[50.2385586,53.3054778],[50.2386597,53.3054487],[50.2386936,53.3054909],[50.2385926,53.3055199]]]},"properties":{"id":"0aa3a6e3-d08e-4e56-ab93-ec71721758ae","source_type":"ml"}},{"type":"Feature","geometry":{"type":"Polygon","coordinates":[[[50.2386025,53.297276],[50.2385064,53.2972351],[50.2385376,53.2972089],[50.2386337,53.2972498],[50.2386025,53.297276]]]},"properties":{"id":"39bbd9da-a348-465b-88e3-0050bd30d40f","source_type":"ml"}},{"type":"Feature","geometry":{"type":"Polygon","coordinates":[[[50.238754,53.296028],[50.2388384,53.2959834],[50.2388996,53.2960248],[50.2388153,53.2960694],[50.238754,53.296028]]]},"properties":{"id":"a6eb83e4-50ff-4402-9738-91f8b290f2bf","source_type":"ml"}},{"type":"Feature","geometry":{"type":"Polygon","coordinates":[[[50.2382738,53.2957346],[50.2382458,53.2957096],[50.2382855,53.2956936],[50.2383136,53.2957186],[50.2382738,53.2957346]]]},"properties":{"id":"0f9726b5-3c8a-4378-ac38-eeb6465b06ea","source_type":"ml"}},{"type":"Feature","geometry":{"type":"Polygon","coordinates":[[[50.2379894,53.295867],[50.2380301,53.2959188],[50.2379532,53.2959404],[50.2379125,53.2958886],[50.2379894,53.295867]]]},"properties":{"id":"101e8c4c-6208-4d28-997a-9fcda527a576","source_type":"ml"}},{"type":"Feature","geometry":{"type":"Polygon","coordinates":[[[50.2375681,53.2964967],[50.2376218,53.2964699],[50.237674,53.2965073],[50.2376203,53.2965341],[50.2375681,53.2964967]]]},"properties":{"id":"10a21408-17ed-420b-9ab9-a732871b89aa","source_type":"ml"}},{"type":"Feature","geometry":{"type":"Polygon","coordinates":[[[50.2399313,53.2943925],[50.2397838,53.2944582],[50.2397191,53.2944063],[50.2398666,53.2943406],[50.2399313,53.2943925]]]},"properties":{"id":"909733b3-93f3-43ae-b6f6-2e483567521b","source_type":"osm"}},{"type":"Feature","geometry":{"type":"Polygon","coordinates":[[[50.2404866,53.2949552],[50.2403337,53.2950177],[50.2402706,53.2949627],[50.2404235,53.2949001],[50.2404866,53.2949552]]]},"properties":{"id":"7087c098-0c9f-4ee1-b797-b36de763be55","source_type":"osm"}},{"type":"Feature","geometry":{"type":"Polygon","coordinates":[[[50.240523,53.2947648],[50.2404831,53.2947175],[50.2405238,53.2947053],[50.2405637,53.2947526],[50.240523,53.2947648]]]},"properties":{"id":"e8a0e8e1-4856-46dc-846d-0e80e36c5d68","source_type":"ml"}},{"type":"Feature","geometry":{"type":"Polygon","coordinates":[[[50.2426527,53.2948421],[50.2425233,53.2948637],[50.242499,53.2948116],[50.2426285,53.29479],[50.2426527,53.2948421]]]},"properties":{"id":"b86c51bf-4ab3-4985-b07c-f3ed9e34ec41","source_type":"ml"}},{"type":"Feature","geometry":{"type":"Polygon","coordinates":[[[50.2419158,53.295607],[50.241975,53.295672],[50.2419129,53.2956922],[50.2418537,53.2956272],[50.2419158,53.295607]]]},"properties":{"id":"6aee7bb6-ba2a-4536-9ffe-11686acde9ae","source_type":"ml"}},{"type":"Feature","geometry":{"type":"Polygon","coordinates":[[[50.2406706,53.2961797],[50.2407239,53.2961612],[50.2407821,53.2962212],[50.2407288,53.2962396],[50.2406706,53.2961797]]]},"properties":{"id":"4cd80b8a-2078-4e9d-b47f-c0d201bfc929","source_type":"ml"}},{"type":"Feature","geometry":{"type":"Polygon","coordinates":[[[50.2414421,53.2960719],[50.2414909,53.2961068],[50.2414104,53.296147],[50.2413616,53.2961121],[50.2414421,53.2960719]]]},"properties":{"id":"4c0d5b99-e299-4542-b0ea-b69a2105a543","source_type":"ml"}},{"type":"Feature","geometry":{"type":"Polygon","coordinates":[[[50.2418993,53.2961178],[50.241954,53.2961579],[50.2419136,53.2961775],[50.241859,53.2961374],[50.2418993,53.2961178]]]},"properties":{"id":"e1e8cae9-fd1f-43f7-9ae2-65b07afbe2dc","source_type":"ml"}},{"type":"Feature","geometry":{"type":"Polygon","coordinates":[[[50.2416351,53.2968303],[50.2415998,53.29679],[50.241625,53.2967821],[50.2415975,53.2967507],[50.2416649,53.2967296],[50.2417277,53.2968013],[50.2416351,53.2968303]]]},"properties":{"id":"a92cb0ab-b28d-4544-a109-f393069c70c7","source_type":"ml"}},{"type":"Feature","geometry":{"type":"Polygon","coordinates":[[[50.2407289,53.2970756],[50.2407426,53.2971122],[50.2406711,53.2971218],[50.2406574,53.2970851],[50.2407289,53.2970756]]]},"properties":{"id":"90464786-256b-4a93-9e23-8a52082931c9","source_type":"ml"}},{"type":"Feature","geometry":{"type":"Polygon","coordinates":[[[50.2428398,53.2976452],[50.2427467,53.2975686],[50.2428257,53.2975343],[50.2429188,53.2976109],[50.2428398,53.2976452]]]},"properties":{"id":"65e66c88-b369-41d0-8470-30fe11839c02","source_type":"ml"}},{"type":"Feature","geometry":{"type":"Polygon","coordinates":[[[50.2433616,53.2964292],[50.2433325,53.2964048],[50.243409,53.2963722],[50.2434381,53.2963966],[50.2433616,53.2964292]]]},"properties":{"id":"1add8b8f-e7a6-4293-a4f8-5a657781a030","source_type":"ml"}},{"type":"Feature","geometry":{"type":"Polygon","coordinates":[[[50.2438832,53.2968406],[50.2439356,53.2968865],[50.2438545,53.2969197],[50.243802,53.2968738],[50.2438832,53.2968406]]]},"properties":{"id":"593c72f2-0a46-45fe-a78c-2801aaf2b501","source_type":"ml"}},{"type":"Feature","geometry":{"type":"Polygon","coordinates":[[[50.2437947,53.2978534],[50.2436716,53.2977622],[50.2436856,53.2977608],[50.2437671,53.2977227],[50.2438845,53.2978124],[50.2437947,53.2978534]]]},"properties":{"id":"4be0dd8e-5263-4026-9468-635d52ce67f8","source_type":"osm"}},{"type":"Feature","geometry":{"type":"Polygon","coordinates":[[[50.2424226,53.3080895],[50.2423073,53.3080879],[50.2423109,53.3079966],[50.2424261,53.3079982],[50.2424226,53.3080895]]]},"properties":{"id":"064a1fcb-02dc-4681-ae27-337d5ee57354","source_type":"ml"}},{"type":"Feature","geometry":{"type":"Polygon","coordinates":[[[50.2433287,53.3080825],[50.2434636,53.3080554],[50.2434839,53.3080914],[50.2435176,53.3080846],[50.2435598,53.3081594],[50.2433911,53.3081933],[50.2433287,53.3080825]]]},"properties":{"id":"08c8fa28-725e-4a7b-8fca-885815cd68ff","source_type":"ml"}},{"type":"Feature","geometry":{"type":"Polygon","coordinates":[[[50.2416358,53.3078654],[50.24151,53.3078623],[50.2415133,53.3078137],[50.2415401,53.3078143],[50.241542,53.3077871],[50.2416411,53.3077896],[50.2416358,53.3078654]]]},"properties":{"id":"a6676a7f-412f-4f97-a373-89993b199b59","source_type":"ml"}},{"type":"Feature","geometry":{"type":"Polygon","coordinates":[[[50.2437837,53.308709],[50.2439128,53.3086887],[50.2439445,53.3087607],[50.2438154,53.308781],[50.2437837,53.308709]]]},"properties":{"id":"9eed6049-8575-432a-8491-22df2de0e8f6","source_type":"ml"}},{"type":"Feature","geometry":{"type":"Polygon","coordinates":[[[50.2437699,53.3086322],[50.2437572,53.3085805],[50.2438439,53.3085729],[50.2438565,53.3086247],[50.2437699,53.3086322]]]},"properties":{"id":"9aa8e28f-bd21-4604-9a86-95e6791d5f08","source_type":"ml"}},{"type":"Feature","geometry":{"type":"Polygon","coordinates":[[[50.2393813,53.3085679],[50.2394743,53.3085786],[50.2394651,53.3086074],[50.239372,53.3085966],[50.2393813,53.3085679]]]},"properties":{"id":"dc6d2b6f-3e15-4732-9e1d-4dc2037431f2","source_type":"ml"}},{"type":"Feature","geometry":{"type":"Polygon","coordinates":[[[50.2395272,53.3078129],[50.2394416,53.3078153],[50.2394388,53.3077801],[50.2395244,53.3077777],[50.2395272,53.3078129]]]},"properties":{"id":"def946c1-813b-4149-80f9-e3d90801451c","source_type":"ml"}},{"type":"Feature","geometry":{"type":"Polygon","coordinates":[[[50.2393874,53.3074859],[50.2394679,53.3074873],[50.2394664,53.3075177],[50.239386,53.3075164],[50.2393874,53.3074859]]]},"properties":{"id":"b352db1b-f0c3-49db-962b-261be2b89d13","source_type":"ml"}},{"type":"Feature","geometry":{"type":"Polygon","coordinates":[[[50.2401348,53.3070796],[50.240133,53.3071197],[50.2400862,53.307119],[50.240088,53.3070789],[50.2401348,53.3070796]]]},"properties":{"id":"c59659f8-87b3-4777-999e-1a79ae97118b","source_type":"ml"}},{"type":"Feature","geometry":{"type":"Polygon","coordinates":[[[50.2368078,53.3069023],[50.236648,53.3069036],[50.2366458,53.3068064],[50.2368055,53.3068051],[50.2368078,53.3069023]]]},"properties":{"id":"b1c93a31-e07e-44a9-9eb5-33ae843ba364","source_type":"osm"}},{"type":"Feature","geometry":{"type":"Polygon","coordinates":[[[50.2363535,53.3073875],[50.2360984,53.3073447],[50.2361568,53.3072203],[50.2364119,53.3072632],[50.2363535,53.3073875]]]},"properties":{"id":"bd9286db-4fd9-4e96-9aae-b56d8c08a612","source_type":"osm"}},{"type":"Feature","geometry":{"type":"Polygon","coordinates":[[[50.2332058,53.3072904],[50.233227,53.307427],[50.2330515,53.3074368],[50.2330481,53.3074145],[50.2329842,53.3074181],[50.2329685,53.3073164],[50.2330084,53.3073141],[50.2330064,53.3073014],[50.2332058,53.3072904]]]},"properties":{"id":"83671700-265c-4f37-85f7-b3479a248aaf","source_type":"ml"}},{"type":"Feature","geometry":{"type":"Polygon","coordinates":[[[50.2329994,53.3064342],[50.2330136,53.3064873],[50.2329168,53.3064966],[50.2329026,53.3064434],[50.2329994,53.3064342]]]},"properties":{"id":"c9791d61-5ff3-4916-9dc4-c10068c2903d","source_type":"ml"}},{"type":"Feature","geometry":{"type":"Polygon","coordinates":[[[50.2302411,53.3057703],[50.2305466,53.3057748],[50.2305422,53.3058821],[50.2302366,53.3058776],[50.2302411,53.3057703]]]},"properties":{"id":"3b5ddfcb-b4b2-4d68-96af-f8a0152f526f","source_type":"ml"}},{"type":"Feature","geometry":{"type":"Polygon","coordinates":[[[50.2302884,53.3061064],[50.2303025,53.3060839],[50.2303566,53.306096],[50.2303426,53.3061185],[50.2302884,53.3061064]]]},"properties":{"id":"3d4f169d-1a39-4b23-a31d-8ca00e885adf","source_type":"ml"}},{"type":"Feature","geometry":{"type":"Polygon","coordinates":[[[50.2241683,53.3062147],[50.2245705,53.3061627],[50.2246135,53.3062813],[50.2244624,53.3063008],[50.2244405,53.3062404],[50.224402,53.3062454],[50.2244259,53.3063112],[50.2243403,53.3063223],[50.2243378,53.3063154],[50.2242697,53.3063242],[50.224263,53.3063058],[50.2242041,53.3063135],[50.2241683,53.3062147]]]},"properties":{"id":"1d695730-70bf-47ce-a642-c88cb2dbd5ed","source_type":"ml"}},{"type":"Feature","geometry":{"type":"Polygon","coordinates":[[[50.2234643,53.3073011],[50.2234769,53.3073397],[50.223283,53.3073621],[50.2232304,53.3071999],[50.2234088,53.3071793],[50.2234093,53.3071808],[50.2236795,53.3071495],[50.223719,53.3072716],[50.2234643,53.3073011]]]},"properties":{"id":"f0bf28c9-2ba6-4be7-9f79-aa9f3a1d393e","source_type":"ml"}},{"type":"Feature","geometry":{"type":"Polygon","coordinates":[[[50.2233198,53.3064557],[50.2234527,53.3064481],[50.2234673,53.3065394],[50.2233344,53.306547],[50.2233198,53.3064557]]]},"properties":{"id":"63ac249a-dd91-400f-88bc-cb143c935fe6","source_type":"ml"}},{"type":"Feature","geometry":{"type":"Polygon","coordinates":[[[50.2250822,53.2952838],[50.2251295,53.2952797],[50.2251462,53.2953488],[50.2250989,53.2953529],[50.2250822,53.2952838]]]},"properties":{"id":"791eab91-1e04-40a2-9530-6d112e07dc79","source_type":"ml"}},{"type":"Feature","geometry":{"type":"Polygon","coordinates":[[[50.2291732,53.2952019],[50.2292485,53.2951937],[50.2292593,53.2952288],[50.229184,53.295237],[50.2291732,53.2952019]]]},"properties":{"id":"286e1852-5457-4378-8144-c3eeda2c3439","source_type":"ml"}},{"type":"Feature","geometry":{"type":"Polygon","coordinates":[[[50.2296844,53.2947108],[50.2297687,53.2947083],[50.2297703,53.2947286],[50.229686,53.294731],[50.2296844,53.2947108]]]},"properties":{"id":"bc1a8cce-3d8d-417f-8b18-bd97bee950fa","source_type":"ml"}},{"type":"Feature","geometry":{"type":"Polygon","coordinates":[[[50.229212,53.2944724],[50.2291831,53.294429],[50.2292677,53.2944089],[50.2292966,53.2944523],[50.229212,53.2944724]]]},"properties":{"id":"70bb162b-af45-489a-b3a5-d54302a36798","source_type":"ml"}},{"type":"Feature","geometry":{"type":"Polygon","coordinates":[[[50.2300823,53.2945608],[50.2300823,53.2944454],[50.2301493,53.2944454],[50.2301493,53.2944181],[50.2302298,53.2944181],[50.2302298,53.2944486],[50.2303022,53.2944486],[50.2303022,53.2945432],[50.2302244,53.2945432],[50.2302244,53.2945608],[50.2300823,53.2945608]]]},"properties":{"id":"bb9dd051-4dd2-48c7-83b0-70a378f9237f","source_type":"ml"}},{"type":"Feature","geometry":{"type":"Polygon","coordinates":[[[50.230108,53.2947042],[50.2300156,53.2947021],[50.2300198,53.2946349],[50.2301122,53.2946369],[50.230108,53.2947042]]]},"properties":{"id":"f6e4fd3d-2c56-4a0c-b209-bdf4be02cbee","source_type":"ml"}},{"type":"Feature","geometry":{"type":"Polygon","coordinates":[[[50.2321171,53.2967765],[50.232111,53.2967262],[50.2321526,53.2967244],[50.2321587,53.2967747],[50.2321171,53.2967765]]]},"properties":{"id":"827beeab-9218-46f4-b02e-ab533f813bf7","source_type":"ml"}},{"type":"Feature","geometry":{"type":"Polygon","coordinates":[[[50.2321793,53.2967031],[50.2321163,53.2967086],[50.2321088,53.2966779],[50.2321718,53.2966724],[50.2321793,53.2967031]]]},"properties":{"id":"c0f2a154-ea25-44b5-ae32-a80b3ed2b8c6","source_type":"ml"}},{"type":"Feature","geometry":{"type":"Polygon","coordinates":[[[50.2341294,53.2959634],[50.2342295,53.2959336],[50.2342793,53.2959934],[50.2342019,53.2960164],[50.2341762,53.2959856],[50.2341535,53.2959923],[50.2341294,53.2959634]]]},"properties":{"id":"0b846acd-2ab4-41d3-9e10-5042af9ba5a1","source_type":"ml"}},{"type":"Feature","geometry":{"type":"Polygon","coordinates":[[[50.2335631,53.2965524],[50.2335924,53.2965226],[50.233665,53.2965481],[50.2336356,53.2965779],[50.2335631,53.2965524]]]},"properties":{"id":"9e6ba2d9-8262-412c-9396-ac8cd698dc65","source_type":"ml"}},{"type":"Feature","geometry":{"type":"Polygon","coordinates":[[[50.2330034,53.2978887],[50.2330667,53.2978524],[50.2331478,53.2979028],[50.2330846,53.2979392],[50.2330034,53.2978887]]]},"properties":{"id":"1611d6b1-9d20-45f6-82ce-0ad7e65762ee","source_type":"ml"}},{"type":"Feature","geometry":{"type":"Polygon","coordinates":[[[50.2326774,53.2976515],[50.2326791,53.2977156],[50.2325262,53.297717],[50.2325245,53.2976529],[50.2326774,53.2976515]]]},"properties":{"id":"db190faf-a4b6-404f-8573-c7a04c193c87","source_type":"ml"}},{"type":"Feature","geometry":{"type":"Polygon","coordinates":[[[50.2320438,53.2975115],[50.2321483,53.2975093],[50.2321519,53.2975685],[50.2320474,53.2975707],[50.2320438,53.2975115]]]},"properties":{"id":"dd79916e-a0d0-43d0-835f-2bfa7aaa46b1","source_type":"ml"}},{"type":"Feature","geometry":{"type":"Polygon","coordinates":[[[50.2318426,53.2977435],[50.231931,53.2977418],[50.2319332,53.2977827],[50.2318448,53.2977844],[50.2318426,53.2977435]]]},"properties":{"id":"73f48b13-1ca1-453d-b2db-3b726bb0bd68","source_type":"ml"}},{"type":"Feature","geometry":{"type":"Polygon","coordinates":[[[50.2316206,53.2975579],[50.2316642,53.2975495],[50.23168,53.2975785],[50.2316363,53.2975869],[50.2316206,53.2975579]]]},"properties":{"id":"eb84c0df-2d08-4672-a94f-70cea88067ab","source_type":"ml"}},{"type":"Feature","geometry":{"type":"Polygon","coordinates":[[[50.2307852,53.2987798],[50.2307848,53.2987654],[50.230883,53.2987644],[50.2308834,53.2987788],[50.2307852,53.2987798]]]},"properties":{"id":"c22b97ae-1a27-410b-87ab-9be2286fe4e1","source_type":"ml"}},{"type":"Feature","geometry":{"type":"Polygon","coordinates":[[[50.2303825,53.298073],[50.2304101,53.2981087],[50.2303394,53.2981282],[50.2303118,53.2980926],[50.2303825,53.298073]]]},"properties":{"id":"048e4bf6-468c-49ae-b744-8f0b28a8aaa9","source_type":"ml"}},{"type":"Feature","geometry":{"type":"Polygon","coordinates":[[[50.231457,53.2978805],[50.2314619,53.2979413],[50.2313816,53.2979436],[50.2313767,53.2978828],[50.231457,53.2978805]]]},"properties":{"id":"f8c674fc-80d9-4dc1-beab-f41e48d7a8bd","source_type":"ml"}},{"type":"Feature","geometry":{"type":"Polygon","coordinates":[[[50.2312739,53.2978896],[50.2313597,53.2978884],[50.2313626,53.2979595],[50.2312768,53.2979608],[50.2312739,53.2978896]]]},"properties":{"id":"50659145-4afb-4fc9-85ee-854f4c12f0e9","source_type":"ml"}},{"type":"Feature","geometry":{"type":"Polygon","coordinates":[[[50.2311491,53.2977433],[50.2312081,53.2977427],[50.23121,53.2978091],[50.231151,53.2978097],[50.2311491,53.2977433]]]},"properties":{"id":"75dd033b-2c08-4749-bf85-5871eb656814","source_type":"ml"}},{"type":"Feature","geometry":{"type":"Polygon","coordinates":[[[50.2292934,53.2980246],[50.2292949,53.2979909],[50.2293753,53.2979922],[50.2293738,53.2980258],[50.2292934,53.2980246]]]},"properties":{"id":"c405f9f4-9d45-4f73-94b9-da2d890cee1a","source_type":"ml"}},{"type":"Feature","geometry":{"type":"Polygon","coordinates":[[[50.2297341,53.3004606],[50.2298369,53.3004573],[50.2298401,53.3004924],[50.2297372,53.3004957],[50.2297341,53.3004606]]]},"properties":{"id":"62dcd8e7-a298-4ed6-8cbd-d419d2607559","source_type":"ml"}},{"type":"Feature","geometry":{"type":"Polygon","coordinates":[[[50.2296753,53.2994255],[50.2296749,53.2994768],[50.2295355,53.2994765],[50.2295358,53.2994252],[50.2296753,53.2994255]]]},"properties":{"id":"8f106519-905e-43cf-adc9-a5be3e26e047","source_type":"ml"}},{"type":"Feature","geometry":{"type":"Polygon","coordinates":[[[50.2307533,53.2996571],[50.230823,53.2996563],[50.230825,53.2997172],[50.2307552,53.299718],[50.2307533,53.2996571]]]},"properties":{"id":"7d27f29f-b1d6-4352-a4e5-7f3fcc335045","source_type":"ml"}},{"type":"Feature","geometry":{"type":"Polygon","coordinates":[[[50.2301568,53.3001007],[50.2301599,53.3001888],[50.2298984,53.3001921],[50.2298953,53.3001039],[50.2301568,53.3001007]]]},"properties":{"id":"86a99af0-4c41-4b24-9233-ddef14ce0623","source_type":"ml"}},{"type":"Feature","geometry":{"type":"Polygon","coordinates":[[[50.2292326,53.3016346],[50.2292311,53.3016144],[50.2293382,53.3016116],[50.2293397,53.3016318],[50.2292326,53.3016346]]]},"properties":{"id":"bd65352d-d514-4c5a-a254-7ebb3f35b3cc","source_type":"ml"}},{"type":"Feature","geometry":{"type":"Polygon","coordinates":[[[50.2297039,53.3013306],[50.2297046,53.3013589],[50.2296027,53.3013598],[50.229602,53.3013316],[50.2297039,53.3013306]]]},"properties":{"id":"d0a3678d-c398-455f-8236-2a7205233aa6","source_type":"ml"}},{"type":"Feature","geometry":{"type":"Polygon","coordinates":[[[50.229571,53.3010036],[50.2295674,53.3009684],[50.2296502,53.3009654],[50.2296538,53.3010006],[50.229571,53.3010036]]]},"properties":{"id":"8a11064c-b570-4488-93c6-d5613222ddd1","source_type":"ml"}},{"type":"Feature","geometry":{"type":"Polygon","coordinates":[[[50.2290098,53.3007801],[50.2290017,53.3006852],[50.2290846,53.3006826],[50.2290927,53.3007775],[50.2290098,53.3007801]]]},"properties":{"id":"1ff6ca37-a1ef-4488-9b26-516e8834c9aa","source_type":"ml"}},{"type":"Feature","geometry":{"type":"Polygon","coordinates":[[[50.2285406,53.3024474],[50.2284441,53.3024379],[50.2284527,53.3024067],[50.2285493,53.3024162],[50.2285406,53.3024474]]]},"properties":{"id":"7defa272-98e0-412f-bc2f-22a6a1f2bdc0","source_type":"ml"}},{"type":"Feature","geometry":{"type":"Polygon","coordinates":[[[50.2285437,53.3053289],[50.2285396,53.3052841],[50.2286108,53.3052818],[50.2286148,53.3053265],[50.2285437,53.3053289]]]},"properties":{"id":"2726fc52-910a-42b7-947b-26d306122def","source_type":"ml"}},{"type":"Feature","geometry":{"type":"Polygon","coordinates":[[[50.2297523,53.3045396],[50.2297096,53.304465],[50.2297561,53.3044555],[50.2297988,53.3045301],[50.2297523,53.3045396]]]},"properties":{"id":"cfde7a7e-3d7f-4004-98fe-b535b82213f3","source_type":"ml"}},{"type":"Feature","geometry":{"type":"Polygon","coordinates":[[[50.2295405,53.3046743],[50.2295395,53.304709],[50.2293464,53.3047071],[50.2293488,53.3046221],[50.2294239,53.3046229],[50.2294249,53.304586],[50.2294892,53.3045867],[50.2294883,53.3046219],[50.2295043,53.3046221],[50.2295029,53.3046739],[50.2295405,53.3046743]]]},"properties":{"id":"61f331d1-6df1-44d2-b02e-1248d3abc762","source_type":"ml"}},{"type":"Feature","geometry":{"type":"Polygon","coordinates":[[[50.2305115,53.3054412],[50.2305081,53.3054866],[50.2304064,53.3054838],[50.2304098,53.3054384],[50.2305115,53.3054412]]]},"properties":{"id":"b26c0e60-5930-4ebe-a9cd-a58dc3f54ec3","source_type":"ml"}},{"type":"Feature","geometry":{"type":"Polygon","coordinates":[[[50.2309215,53.3050004],[50.2309644,53.3050008],[50.2309633,53.3050441],[50.2309204,53.3050437],[50.2309215,53.3050004]]]},"properties":{"id":"eab0e55e-0397-42de-bdc5-69e0bf6d8add","source_type":"ml"}},{"type":"Feature","geometry":{"type":"Polygon","coordinates":[[[50.2311201,53.3053057],[50.2312058,53.3053068],[50.2312111,53.3051668],[50.2312513,53.3051673],[50.231244,53.3053628],[50.231193,53.3053621],[50.2311948,53.3053147],[50.2311198,53.3053137],[50.2311201,53.3053057]]]},"properties":{"id":"994b0410-406f-4f12-b8b6-0963d0d28470","source_type":"ml"}},{"type":"Feature","geometry":{"type":"Polygon","coordinates":[[[50.2307644,53.3041158],[50.2307566,53.3041585],[50.2306797,53.3041535],[50.2306876,53.3041108],[50.2307644,53.3041158]]]},"properties":{"id":"99a4f21b-95d6-4f60-b43a-b2d25f96d261","source_type":"ml"}},{"type":"Feature","geometry":{"type":"Polygon","coordinates":[[[50.2303174,53.3030213],[50.2303238,53.3029962],[50.2303919,53.3030024],[50.2303871,53.3030212],[50.2304343,53.3030256],[50.2304182,53.3030882],[50.2303344,53.3030805],[50.2303488,53.3030241],[50.2303174,53.3030213]]]},"properties":{"id":"3c7b1608-6d54-4be8-a224-1b42d49be7cd","source_type":"ml"}},{"type":"Feature","geometry":{"type":"Polygon","coordinates":[[[50.2310435,53.302671],[50.2310395,53.3026504],[50.2311374,53.3026436],[50.2311414,53.3026642],[50.2310435,53.302671]]]},"properties":{"id":"8560b4a8-255b-4842-b66d-303fe9f83c5f","source_type":"ml"}},{"type":"Feature","geometry":{"type":"Polygon","coordinates":[[[50.2317008,53.3041842],[50.2317257,53.3041959],[50.2316748,53.3042345],[50.23165,53.3042228],[50.2317008,53.3041842]]]},"properties":{"id":"36c0d40a-a720-4091-8e77-6d41e0ba73ea","source_type":"ml"}},{"type":"Feature","geometry":{"type":"Polygon","coordinates":[[[50.2334844,53.3046005],[50.2334087,53.3045839],[50.2334269,53.3045543],[50.2335026,53.3045708],[50.2334844,53.3046005]]]},"properties":{"id":"9f7000bb-0a52-4ae6-b644-3d6f199da929","source_type":"ml"}},{"type":"Feature","geometry":{"type":"Polygon","coordinates":[[[50.233938,53.3043186],[50.2340139,53.304335],[50.2339721,53.3044037],[50.2338963,53.3043872],[50.233938,53.3043186]]]},"properties":{"id":"7c2c37da-800d-4857-9ee0-377410cb6895","source_type":"ml"}},{"type":"Feature","geometry":{"type":"Polygon","coordinates":[[[50.2343251,53.3043698],[50.2343403,53.3043432],[50.234386,53.3043525],[50.2343707,53.3043791],[50.2343251,53.3043698]]]},"properties":{"id":"89922357-ddc7-4173-832e-ab1a95cfbfe2","source_type":"ml"}},{"type":"Feature","geometry":{"type":"Polygon","coordinates":[[[50.2342744,53.3019828],[50.2342711,53.3020187],[50.2342257,53.3020172],[50.234229,53.3019813],[50.2342744,53.3019828]]]},"properties":{"id":"7e96bdcf-a47d-4b68-b439-569c804490af","source_type":"ml"}},{"type":"Feature","geometry":{"type":"Polygon","coordinates":[[[50.2337316,53.3017719],[50.2337226,53.3016784],[50.2338723,53.3016733],[50.2338813,53.3017668],[50.2337316,53.3017719]]]},"properties":{"id":"cea53a95-84b2-4277-8a71-880184df512c","source_type":"ml"}},{"type":"Feature","geometry":{"type":"Polygon","coordinates":[[[50.2334317,53.301366],[50.2334468,53.3014223],[50.233401,53.3014267],[50.2333859,53.3013704],[50.2334317,53.301366]]]},"properties":{"id":"ec0ea47a-a58d-42b1-8817-6267dfa04029","source_type":"ml"}},{"type":"Feature","geometry":{"type":"Polygon","coordinates":[[[50.2332662,53.3016021],[50.2330906,53.301628],[50.2330472,53.3015232],[50.2332228,53.3014973],[50.2332662,53.3016021]]]},"properties":{"id":"b132307f-0097-463e-a0a8-47b9bca736e8","source_type":"osm"}},{"type":"Feature","geometry":{"type":"Polygon","coordinates":[[[50.2335997,53.3016033],[50.2336285,53.3016693],[50.233489,53.301691],[50.2334603,53.3016249],[50.2335997,53.3016033]]]},"properties":{"id":"31744a80-7489-4493-83c1-5b227c968a0f","source_type":"ml"}},{"type":"Feature","geometry":{"type":"Polygon","coordinates":[[[50.2324768,53.3011321],[50.2324917,53.3011834],[50.232407,53.3011922],[50.2323921,53.3011408],[50.2324768,53.3011321]]]},"properties":{"id":"8f613e8f-c6e8-49b4-8d81-77a3fe0c4ba5","source_type":"ml"}},{"type":"Feature","geometry":{"type":"Polygon","coordinates":[[[50.2315286,53.3002364],[50.2315267,53.300198],[50.231583,53.300197],[50.2315849,53.3002354],[50.2315286,53.3002364]]]},"properties":{"id":"2c78e2ac-8852-491f-87fe-42b1dd752639","source_type":"ml"}},{"type":"Feature","geometry":{"type":"Polygon","coordinates":[[[50.2314197,53.3001433],[50.231422,53.300112],[50.2314783,53.3001135],[50.2314759,53.3001448],[50.2314197,53.3001433]]]},"properties":{"id":"8cb089d9-c0cb-4e4d-ab93-c2337015ef8e","source_type":"ml"}},{"type":"Feature","geometry":{"type":"Polygon","coordinates":[[[50.2333423,53.3005608],[50.2332867,53.3004162],[50.2334421,53.3003949],[50.2334977,53.3005395],[50.2333423,53.3005608]]]},"properties":{"id":"6211a99f-910c-48b5-8c80-db9289266866","source_type":"ml"}},{"type":"Feature","geometry":{"type":"Polygon","coordinates":[[[50.2340188,53.3005709],[50.2340726,53.3006792],[50.23391,53.3007081],[50.2338561,53.3005998],[50.2340188,53.3005709]]]},"properties":{"id":"6678e3c4-9c58-42ac-977e-c50fb0fd6799","source_type":"ml"}},{"type":"Feature","geometry":{"type":"Polygon","coordinates":[[[50.2355136,53.3027891],[50.2354548,53.3027513],[50.235495,53.302729],[50.2355539,53.3027667],[50.2355136,53.3027891]]]},"properties":{"id":"177d96eb-666d-4548-bac2-a3e8e5026a54","source_type":"ml"}},{"type":"Feature","geometry":{"type":"Polygon","coordinates":[[[50.2345557,53.3055853],[50.2346161,53.3056218],[50.2345789,53.3056438],[50.2345185,53.3056073],[50.2345557,53.3055853]]]},"properties":{"id":"21aadaa1-7e34-4c34-89f8-871d5afb96ba","source_type":"ml"}},{"type":"Feature","geometry":{"type":"Polygon","coordinates":[[[50.2381815,53.3037893],[50.2382967,53.3037356],[50.2383526,53.3037786],[50.2382374,53.3038322],[50.2381815,53.3037893]]]},"properties":{"id":"f7333055-4304-4161-b671-b4fc9817c488","source_type":"ml"}},{"type":"Feature","geometry":{"type":"Polygon","coordinates":[[[50.239258,53.3029688],[50.2394598,53.3029953],[50.2393855,53.3030789],[50.2393844,53.3030819],[50.2393477,53.3031232],[50.2393011,53.3031171],[50.2392147,53.3030897],[50.2391765,53.3030847],[50.2391936,53.3030654],[50.239232,53.3030776],[50.239251,53.3030801],[50.2392577,53.3030617],[50.2391978,53.3030427],[50.2392205,53.303017],[50.2392243,53.3030067],[50.239258,53.3029688]]]},"properties":{"id":"9baf2195-73a0-4fa4-8268-846763f3aadc","source_type":"ml"}},{"type":"Feature","geometry":{"type":"Polygon","coordinates":[[[50.2403728,53.2959736],[50.2403039,53.295921],[50.2403851,53.295883],[50.240454,53.2959357],[50.2403728,53.2959736]]]},"properties":{"id":"893ff27b-25d5-44ec-a121-9cb70e12ca7e","source_type":"osm"}},{"type":"Feature","geometry":{"type":"Polygon","coordinates":[[[50.2399112,53.296162],[50.2399635,53.2961949],[50.2400058,53.2961709],[50.2400608,53.2962055],[50.2399739,53.2962547],[50.2398668,53.2961871],[50.2399112,53.296162]]]},"properties":{"id":"ed6f5a34-f741-4967-beef-acd458be4b84","source_type":"ml"}},{"type":"Feature","geometry":{"type":"Polygon","coordinates":[[[50.2389989,53.2963966],[50.2390387,53.2963831],[50.2390713,53.2964177],[50.2390315,53.2964311],[50.2389989,53.2963966]]]},"properties":{"id":"0ab4c85d-7d22-4a76-adbd-1113cb53bb40","source_type":"ml"}},{"type":"Feature","geometry":{"type":"Polygon","coordinates":[[[50.2353834,53.2975947],[50.2353342,53.2975678],[50.2353863,53.2975337],[50.2354355,53.2975606],[50.2353834,53.2975947]]]},"properties":{"id":"194c682b-29c0-4c9c-bf34-6bac6e4c86c8","source_type":"ml"}},{"type":"Feature","geometry":{"type":"Polygon","coordinates":[[[50.2349979,53.2970614],[50.2350646,53.2970473],[50.2350912,53.2970922],[50.2350244,53.2971063],[50.2349979,53.2970614]]]},"properties":{"id":"100e1a05-99b6-4993-abe6-d39fcd6ebf25","source_type":"ml"}},{"type":"Feature","geometry":{"type":"Polygon","coordinates":[[[50.2362074,53.2970054],[50.236236,53.2970273],[50.2361943,53.2970467],[50.2361657,53.2970248],[50.2362074,53.2970054]]]},"properties":{"id":"4f8333c8-0c40-4ac4-aca0-2cfb4f84620b","source_type":"ml"}},{"type":"Feature","geometry":{"type":"Polygon","coordinates":[[[50.2369914,53.2965603],[50.2370184,53.2965944],[50.2369824,53.2966046],[50.2369554,53.2965705],[50.2369914,53.2965603]]]},"properties":{"id":"867a8709-4540-4491-94f8-bc6d39a2746a","source_type":"ml"}},{"type":"Feature","geometry":{"type":"Polygon","coordinates":[[[50.2351148,53.2956693],[50.2351718,53.2956424],[50.2352207,53.2956795],[50.2351637,53.2957063],[50.2351148,53.2956693]]]},"properties":{"id":"83763fd0-4c11-418f-83b5-ca3f97089941","source_type":"ml"}},{"type":"Feature","geometry":{"type":"Polygon","coordinates":[[[50.235046,53.2954781],[50.2350642,53.2954965],[50.2349926,53.2955218],[50.2349744,53.2955033],[50.235046,53.2954781]]]},"properties":{"id":"50a2bb31-2e65-4007-8ab0-57df1c72217a","source_type":"ml"}},{"type":"Feature","geometry":{"type":"Polygon","coordinates":[[[50.2388266,53.2955166],[50.238923,53.29559],[50.2387761,53.2956589],[50.2386646,53.2955741],[50.2386049,53.2956021],[50.2385483,53.2955591],[50.2385924,53.2955384],[50.2386333,53.2955695],[50.2387577,53.2955111],[50.2387884,53.2955345],[50.2388266,53.2955166]]]},"properties":{"id":"ec951d28-1430-400b-b933-3c5e20e26709","source_type":"ml"}},{"type":"Feature","geometry":{"type":"Polygon","coordinates":[[[50.2395337,53.2953209],[50.2395786,53.2953798],[50.2394699,53.2954094],[50.2394249,53.2953506],[50.2395337,53.2953209]]]},"properties":{"id":"fafaf2b1-a670-447a-910a-e460aceb807c","source_type":"ml"}},{"type":"Feature","geometry":{"type":"Polygon","coordinates":[[[50.2415586,53.2945994],[50.2414996,53.2945626],[50.2415626,53.2945266],[50.2416216,53.2945634],[50.2415586,53.2945994]]]},"properties":{"id":"98d809c5-dadb-4d05-9c66-016b25b40bf0","source_type":"ml"}},{"type":"Feature","geometry":{"type":"Polygon","coordinates":[[[50.2409022,53.2958707],[50.2409617,53.2959267],[50.2409207,53.2959422],[50.2408612,53.2958862],[50.2409022,53.2958707]]]},"properties":{"id":"c55058d4-d429-46a8-aab4-0c6a53355a9a","source_type":"ml"}},{"type":"Feature","geometry":{"type":"Polygon","coordinates":[[[50.2419696,53.2965115],[50.2419044,53.2964561],[50.2419493,53.2964373],[50.2420144,53.2964926],[50.2419696,53.2965115]]]},"properties":{"id":"e64a4768-1641-456e-b34f-d873ab39afed","source_type":"ml"}},{"type":"Feature","geometry":{"type":"Polygon","coordinates":[[[50.2429625,53.2976493],[50.243013,53.2976964],[50.2429369,53.2977255],[50.2428864,53.2976784],[50.2429625,53.2976493]]]},"properties":{"id":"acaf3c37-ce08-4c29-b502-6d3bf3bc5e0e","source_type":"ml"}},{"type":"Feature","geometry":{"type":"Polygon","coordinates":[[[50.2434717,53.2979966],[50.2434899,53.2979632],[50.2435505,53.297975],[50.2435324,53.2980083],[50.2434717,53.2979966]]]},"properties":{"id":"0bb2a256-b063-42f9-a58c-87615fe1b4ef","source_type":"ml"}},{"type":"Feature","geometry":{"type":"Polygon","coordinates":[[[50.2427431,53.2969048],[50.2429126,53.2968558],[50.2429725,53.2969299],[50.242803,53.2969789],[50.2427431,53.2969048]]]},"properties":{"id":"09fb1398-86d0-4d38-90df-996708710c51","source_type":"ml"}},{"type":"Feature","geometry":{"type":"Polygon","coordinates":[[[50.2444679,53.2978663],[50.2445254,53.2979118],[50.2444889,53.2979282],[50.2444314,53.2978828],[50.2444679,53.2978663]]]},"properties":{"id":"d5f129e2-078d-4434-aa2b-ac89c1dc01fc","source_type":"ml"}},{"type":"Feature","geometry":{"type":"Polygon","coordinates":[[[50.2442617,53.2988533],[50.2443073,53.298913],[50.2440854,53.2989736],[50.2440398,53.2989139],[50.2442617,53.2988533]]]},"properties":{"id":"329e7add-18c5-4d64-a7cd-8ed5cfcadc42","source_type":"ml"}},{"type":"Feature","geometry":{"type":"Polygon","coordinates":[[[50.2438193,53.3043008],[50.2438387,53.3042372],[50.243914,53.3042454],[50.2438946,53.304309],[50.2438193,53.3043008]]]},"properties":{"id":"b5dfbc07-2afe-4bce-9c2b-c9e01eccc51b","source_type":"ml"}},{"type":"Feature","geometry":{"type":"Polygon","coordinates":[[[50.2440727,53.3042468],[50.2440191,53.304246],[50.2440211,53.3042005],[50.2440747,53.3042013],[50.2440727,53.3042468]]]},"properties":{"id":"d82e29d0-a82d-4b1e-a51d-aca237e8512f","source_type":"ml"}},{"type":"Feature","geometry":{"type":"Polygon","coordinates":[[[50.2444887,53.2992343],[50.2445117,53.2992155],[50.2445624,53.2992376],[50.2445394,53.2992564],[50.2444887,53.2992343]]]},"properties":{"id":"a4d5125c-2fe0-43ad-87bd-4bcfd1d2626b","source_type":"ml"}},{"type":"Feature","geometry":{"type":"Polygon","coordinates":[[[50.2435624,53.2990346],[50.2436098,53.2990384],[50.2435938,53.2991092],[50.2435464,53.2991054],[50.2435624,53.2990346]]]},"properties":{"id":"81e5d7a6-ff12-44a7-bb94-cce42a0f81cc","source_type":"ml"}},{"type":"Feature","geometry":{"type":"Polygon","coordinates":[[[50.2435911,53.3047902],[50.2435376,53.3047731],[50.243556,53.3047526],[50.2434651,53.3047234],[50.2435176,53.3046649],[50.243662,53.3047112],[50.2435911,53.3047902]]]},"properties":{"id":"0e17011c-2f7a-4d6f-9b46-f394dafef49a","source_type":"osm"}},{"type":"Feature","geometry":{"type":"Polygon","coordinates":[[[50.2418936,53.3069903],[50.2418951,53.3069471],[50.241938,53.3069476],[50.2419365,53.3069909],[50.2418936,53.3069903]]]},"properties":{"id":"e5c3f3cb-356b-4dab-bd09-e06d249b8fd1","source_type":"ml"}},{"type":"Feature","geometry":{"type":"Polygon","coordinates":[[[50.2420877,53.3063694],[50.2420898,53.3063284],[50.2421434,53.3063294],[50.2421413,53.3063704],[50.2420877,53.3063694]]]},"properties":{"id":"b9bb00e7-9992-442e-86ea-5fbd80c8fbfd","source_type":"ml"}},{"type":"Feature","geometry":{"type":"Polygon","coordinates":[[[50.2414534,53.30585],[50.2414595,53.305808],[50.2415005,53.3058101],[50.2414945,53.3058521],[50.2414534,53.30585]]]},"properties":{"id":"c03462b6-b85f-4126-95ba-931cc5a4785e","source_type":"ml"}},{"type":"Feature","geometry":{"type":"Polygon","coordinates":[[[50.2426154,53.3064589],[50.2426189,53.3063554],[50.2427595,53.3063572],[50.2427559,53.3064606],[50.2426154,53.3064589]]]},"properties":{"id":"61c32e71-690d-4bfb-aead-02b6c967d615","source_type":"ml"}},{"type":"Feature","geometry":{"type":"Polygon","coordinates":[[[50.2428621,53.307588],[50.2429557,53.3075913],[50.2429524,53.3076249],[50.2428588,53.3076216],[50.2428621,53.307588]]]},"properties":{"id":"b06d9a78-1b20-4fbf-8a7a-e2f840789ed5","source_type":"ml"}},{"type":"Feature","geometry":{"type":"Polygon","coordinates":[[[50.2422621,53.3086589],[50.242297,53.3086876],[50.2422022,53.3087288],[50.2421673,53.3087],[50.2422621,53.3086589]]]},"properties":{"id":"7e6964ab-a619-4a88-be68-746d75df6aba","source_type":"ml"}},{"type":"Feature","geometry":{"type":"Polygon","coordinates":[[[50.2418715,53.3096723],[50.2419423,53.3097185],[50.2418869,53.3097488],[50.2418161,53.3097026],[50.2418715,53.3096723]]]},"properties":{"id":"643152b6-ba00-4d0e-9d62-5ddada4db970","source_type":"ml"}},{"type":"Feature","geometry":{"type":"Polygon","coordinates":[[[50.2438733,53.3090049],[50.2438447,53.3089388],[50.2439202,53.3089271],[50.2439488,53.3089932],[50.2438733,53.3090049]]]},"properties":{"id":"9b2ee4ef-2169-48aa-b37a-286e6f6f4015","source_type":"ml"}},{"type":"Feature","geometry":{"type":"Polygon","coordinates":[[[50.2445105,53.307984],[50.244531,53.3080243],[50.2443996,53.3080481],[50.2443791,53.3080078],[50.2445105,53.307984]]]},"properties":{"id":"aaa20fa6-51fd-4ddf-954b-6975f8b6e486","source_type":"ml"}},{"type":"Feature","geometry":{"type":"Polygon","coordinates":[[[50.2438064,53.3059652],[50.2437635,53.3059646],[50.2437657,53.3059149],[50.2438086,53.3059156],[50.2438064,53.3059652]]]},"properties":{"id":"74ab100c-6bb6-4be4-9956-a4b8797c31c8","source_type":"ml"}},{"type":"Feature","geometry":{"type":"Polygon","coordinates":[[[50.2359286,53.3151825],[50.2358803,53.3151524],[50.2359413,53.3151176],[50.2359896,53.3151477],[50.2359286,53.3151825]]]},"properties":{"id":"ddbf6ee8-ab18-414f-b48c-f7ba2a8eb83d","source_type":"ml"}},{"type":"Feature","geometry":{"type":"Polygon","coordinates":[[[50.2381305,53.3063009],[50.23785,53.3065244],[50.2377199,53.3064685],[50.2377443,53.3064442],[50.2376833,53.3064175],[50.237915,53.3062329],[50.2379475,53.3062475],[50.237976,53.3062305],[50.2381305,53.3063009]]]},"properties":{"id":"8bceac14-ec99-42cb-968b-a5a7d9effb5e","source_type":"osm"}},{"type":"Feature","geometry":{"type":"Polygon","coordinates":[[[50.2306121,53.3057602],[50.2307489,53.3057591],[50.2307492,53.3057752],[50.2307851,53.3057749],[50.2307864,53.3058342],[50.2307424,53.3058345],[50.2307427,53.3058489],[50.2306139,53.3058499],[50.2306121,53.3057602]]]},"properties":{"id":"1bf40e43-c808-429a-90cb-fd2ac4d0437f","source_type":"ml"}},{"type":"Feature","geometry":{"type":"Polygon","coordinates":[[[50.2245563,53.3069958],[50.2246623,53.3069683],[50.2247143,53.3070397],[50.2246083,53.3070672],[50.2245563,53.3069958]]]},"properties":{"id":"3c09227d-82a1-432c-936c-5678746788bd","source_type":"ml"}},{"type":"Feature","geometry":{"type":"Polygon","coordinates":[[[50.2232818,53.3058502],[50.2232395,53.3057222],[50.2233453,53.3057097],[50.2233877,53.3058377],[50.2232818,53.3058502]]]},"properties":{"id":"33df9928-0465-418f-89fd-4e52eb108d09","source_type":"ml"}},{"type":"Feature","geometry":{"type":"Polygon","coordinates":[[[50.2288155,53.2934797],[50.2289015,53.2934671],[50.2289133,53.2934958],[50.2288272,53.2935084],[50.2288155,53.2934797]]]},"properties":{"id":"4ee3b016-f307-47fa-b08f-2a8d4d932128","source_type":"ml"}},{"type":"Feature","geometry":{"type":"Polygon","coordinates":[[[50.2342956,53.2949678],[50.234363,53.2950123],[50.2342628,53.2950665],[50.2341954,53.295022],[50.2342956,53.2949678]]]},"properties":{"id":"dcb3ef95-2003-41da-afb9-ea18807fe881","source_type":"ml"}},{"type":"Feature","geometry":{"type":"Polygon","coordinates":[[[50.2337148,53.2955524],[50.2338028,53.295651],[50.2336608,53.2956962],[50.2335728,53.2955976],[50.2337148,53.2955524]]]},"properties":{"id":"afc33208-0ff7-46f2-a1ed-24ef3fef1b87","source_type":"ml"}},{"type":"Feature","geometry":{"type":"Polygon","coordinates":[[[50.2335542,53.2969052],[50.2334539,53.2968801],[50.2334797,53.2968432],[50.2334432,53.2968341],[50.2334919,53.2967646],[50.2336288,53.2967989],[50.2335542,53.2969052]]]},"properties":{"id":"ff568363-1767-4c5c-bc94-e95478bc170b","source_type":"ml"}},{"type":"Feature","geometry":{"type":"Polygon","coordinates":[[[50.233338,53.2972647],[50.2332253,53.2972645],[50.2332256,53.2972068],[50.2333383,53.297207],[50.233338,53.2972647]]]},"properties":{"id":"bd21783e-912d-4a96-874b-b70d783b362a","source_type":"ml"}},{"type":"Feature","geometry":{"type":"Polygon","coordinates":[[[50.2334332,53.2987036],[50.2334914,53.2986855],[50.2335139,53.2987113],[50.2334556,53.2987294],[50.2334332,53.2987036]]]},"properties":{"id":"d32155cd-8904-4f24-b8d2-d7664d665b41","source_type":"ml"}},{"type":"Feature","geometry":{"type":"Polygon","coordinates":[[[50.2316874,53.2988922],[50.2317634,53.2989456],[50.231694,53.2989809],[50.231618,53.2989275],[50.2316874,53.2988922]]]},"properties":{"id":"96d7997f-a6ab-47e3-ba38-6c2b1e26d633","source_type":"ml"}},{"type":"Feature","geometry":{"type":"Polygon","coordinates":[[[50.2315755,53.2988219],[50.2315954,53.2988421],[50.2315225,53.2988678],[50.2315026,53.2988476],[50.2315755,53.2988219]]]},"properties":{"id":"43f817db-e0d2-4c3c-91bb-6e8a5565fcab","source_type":"ml"}},{"type":"Feature","geometry":{"type":"Polygon","coordinates":[[[50.2311421,53.2966541],[50.2312815,53.2966515],[50.2312839,53.2966979],[50.2311445,53.2967005],[50.2311421,53.2966541]]]},"properties":{"id":"4b9d353d-9cf1-4f7f-afd1-6a355b3a4690","source_type":"ml"}},{"type":"Feature","geometry":{"type":"Polygon","coordinates":[[[50.2295802,53.2989003],[50.2295781,53.298849],[50.2297014,53.2988473],[50.2297035,53.2988985],[50.2295802,53.2989003]]]},"properties":{"id":"44062b63-59bd-4a85-b53e-d17e83dc8a43","source_type":"ml"}},{"type":"Feature","geometry":{"type":"Polygon","coordinates":[[[50.2314449,53.2997548],[50.2314568,53.2997869],[50.2313954,53.299795],[50.2313835,53.2997629],[50.2314449,53.2997548]]]},"properties":{"id":"7887ca32-3795-405b-a158-4e3eed1fa08d","source_type":"ml"}},{"type":"Feature","geometry":{"type":"Polygon","coordinates":[[[50.230942,53.300316],[50.2308662,53.3003177],[50.2308627,53.3002604],[50.2309384,53.3002587],[50.230942,53.300316]]]},"properties":{"id":"019ea32d-b854-4264-9723-982f29bc8b8c","source_type":"osm"}},{"type":"Feature","geometry":{"type":"Polygon","coordinates":[[[50.2294935,53.3020757],[50.2294907,53.3019646],[50.2296099,53.3019635],[50.2296116,53.3020282],[50.2295352,53.3020288],[50.2295364,53.3020753],[50.2294935,53.3020757]]]},"properties":{"id":"fd587fb8-37d8-4c04-9670-d6eb9a589f2d","source_type":"ml"}},{"type":"Feature","geometry":{"type":"Polygon","coordinates":[[[50.2288414,53.3014419],[50.2289515,53.3014624],[50.2289286,53.3015062],[50.2288186,53.3014857],[50.2288414,53.3014419]]]},"properties":{"id":"b2e9323e-3b83-4972-a9e9-222dc4cf3593","source_type":"ml"}},{"type":"Feature","geometry":{"type":"Polygon","coordinates":[[[50.2289911,53.3048775],[50.2288973,53.3048792],[50.2288942,53.3048183],[50.228988,53.3048166],[50.2289911,53.3048775]]]},"properties":{"id":"143ecabb-81c7-46c4-b801-619170901719","source_type":"ml"}},{"type":"Feature","geometry":{"type":"Polygon","coordinates":[[[50.228853,53.3050642],[50.2288565,53.3050264],[50.2289063,53.3050281],[50.2289028,53.3050659],[50.228853,53.3050642]]]},"properties":{"id":"641cd95e-7daf-4b9f-b4ad-07652ad08a75","source_type":"ml"}},{"type":"Feature","geometry":{"type":"Polygon","coordinates":[[[50.2304514,53.3025241],[50.2305396,53.302527],[50.2305379,53.3025462],[50.2304496,53.3025433],[50.2304514,53.3025241]]]},"properties":{"id":"1557dad7-94da-441d-8704-7adb942f44ff","source_type":"ml"}},{"type":"Feature","geometry":{"type":"Polygon","coordinates":[[[50.2326679,53.3024867],[50.2326691,53.3025315],[50.2325725,53.3025325],[50.2325713,53.3024876],[50.2326679,53.3024867]]]},"properties":{"id":"78fd3248-57b1-4cd5-afd5-3e4c241ada2f","source_type":"ml"}},{"type":"Feature","geometry":{"type":"Polygon","coordinates":[[[50.2318475,53.3035999],[50.2318461,53.3036287],[50.2317727,53.3036274],[50.2317741,53.3035986],[50.2318475,53.3035999]]]},"properties":{"id":"c58b9fe1-de51-430a-8fad-1df52292bc4b","source_type":"ml"}},{"type":"Feature","geometry":{"type":"Polygon","coordinates":[[[50.2323683,53.3049023],[50.2322356,53.3049098],[50.2322077,53.3048763],[50.2322074,53.3048737],[50.232151,53.3048058],[50.2321479,53.3047859],[50.2321294,53.3047635],[50.2320246,53.3047694],[50.2320148,53.3047073],[50.2320608,53.3046937],[50.2321221,53.3046902],[50.2321283,53.3047299],[50.2321515,53.3047286],[50.232328,53.3046764],[50.2323514,53.3047045],[50.2324026,53.3047017],[50.2324389,53.3047454],[50.2324581,53.3047443],[50.2323752,53.3047689],[50.2324527,53.3048623],[50.2324949,53.3048599],[50.2324956,53.3048646],[50.2323683,53.3049023]]]},"properties":{"id":"7b1858e7-b50c-4834-8b8e-022a7aff7756","source_type":"ml"}},{"type":"Feature","geometry":{"type":"Polygon","coordinates":[[[50.2342528,53.3050418],[50.2343087,53.3050496],[50.234288,53.305102],[50.2342321,53.3050941],[50.2342528,53.3050418]]]},"properties":{"id":"80bbd2d4-8db3-41f6-b0a6-32508734a246","source_type":"ml"}},{"type":"Feature","geometry":{"type":"Polygon","coordinates":[[[50.2341479,53.3046045],[50.2341242,53.3046347],[50.2340253,53.304607],[50.234049,53.3045767],[50.2341479,53.3046045]]]},"properties":{"id":"8536ec02-b07e-41c8-8da7-66bcb2412de0","source_type":"ml"}},{"type":"Feature","geometry":{"type":"Polygon","coordinates":[[[50.2338039,53.3035192],[50.2338065,53.3034905],[50.2339028,53.3034936],[50.2339001,53.3035224],[50.2338039,53.3035192]]]},"properties":{"id":"01c853e0-dd8e-465c-9a86-70e89a1fbc4f","source_type":"ml"}},{"type":"Feature","geometry":{"type":"Polygon","coordinates":[[[50.234236,53.3030683],[50.2343353,53.303085],[50.2343143,53.3031296],[50.2342149,53.3031128],[50.234236,53.3030683]]]},"properties":{"id":"97dfadac-e594-4f53-9eb1-fcfa9bc47d5a","source_type":"ml"}},{"type":"Feature","geometry":{"type":"Polygon","coordinates":[[[50.2343958,53.3029725],[50.234388,53.3030006],[50.2343108,53.302993],[50.2343186,53.3029649],[50.2343958,53.3029725]]]},"properties":{"id":"faa1d47a-0cfb-4e87-8242-8fbc8cb2c435","source_type":"ml"}},{"type":"Feature","geometry":{"type":"Polygon","coordinates":[[[50.2342999,53.3019799],[50.2341554,53.3019759],[50.2341595,53.3019231],[50.234304,53.3019271],[50.2342999,53.3019799]]]},"properties":{"id":"9a874dcc-7b5a-4dce-a61a-a8886b661e20","source_type":"ml"}},{"type":"Feature","geometry":{"type":"Polygon","coordinates":[[[50.2335875,53.3009746],[50.2335463,53.3009047],[50.2335904,53.3008954],[50.2336317,53.3009652],[50.2335875,53.3009746]]]},"properties":{"id":"f48747fe-2fa4-494e-9379-706ea0283618","source_type":"ml"}},{"type":"Feature","geometry":{"type":"Polygon","coordinates":[[[50.2334402,53.3017882],[50.233441,53.3018202],[50.2333981,53.3018206],[50.2333973,53.3017886],[50.2334402,53.3017882]]]},"properties":{"id":"398c053c-b654-43eb-b874-87057a34abcf","source_type":"ml"}},{"type":"Feature","geometry":{"type":"Polygon","coordinates":[[[50.2333704,53.3021122],[50.2333676,53.3020419],[50.2336086,53.3020385],[50.2336132,53.3021549],[50.2335602,53.3021439],[50.2335787,53.3021932],[50.233432,53.3021881],[50.2333704,53.3021122]]]},"properties":{"id":"96e2862b-a8b9-427e-93a8-760f22e32a61","source_type":"osm"}},{"type":"Feature","geometry":{"type":"Polygon","coordinates":[[[50.2317851,53.302049],[50.2319391,53.3020466],[50.2319456,53.3021917],[50.2317916,53.3021941],[50.2317851,53.302049]]]},"properties":{"id":"78915ffb-4f8b-41ff-983f-57dda3adda9a","source_type":"ml"}},{"type":"Feature","geometry":{"type":"Polygon","coordinates":[[[50.2324026,53.3014906],[50.2324199,53.3015463],[50.232381,53.3015506],[50.2323637,53.3014949],[50.2324026,53.3014906]]]},"properties":{"id":"6c7b88da-46e6-4d85-b403-62c70b023697","source_type":"ml"}},{"type":"Feature","geometry":{"type":"Polygon","coordinates":[[[50.2324957,53.3011826],[50.2324904,53.3011235],[50.2325572,53.3011213],[50.2325626,53.3011804],[50.2324957,53.3011826]]]},"properties":{"id":"3881a981-988b-47df-b11e-dc9c92cf34f7","source_type":"ml"}},{"type":"Feature","geometry":{"type":"Polygon","coordinates":[[[50.2314525,53.300531],[50.2315228,53.3005122],[50.2315478,53.3005455],[50.2314776,53.3005644],[50.2314525,53.300531]]]},"properties":{"id":"ef55a68f-532a-42b4-bce5-216fac3de9f2","source_type":"ml"}},{"type":"Feature","geometry":{"type":"Polygon","coordinates":[[[50.2346629,53.3012035],[50.234651,53.3011698],[50.2347229,53.3011607],[50.2347348,53.3011945],[50.2346629,53.3012035]]]},"properties":{"id":"98a5b5af-3369-4016-87db-9a093c3f9011","source_type":"ml"}},{"type":"Feature","geometry":{"type":"Polygon","coordinates":[[[50.2345293,53.3030161],[50.2345483,53.3029426],[50.2347201,53.3029585],[50.234701,53.303032],[50.2345293,53.3030161]]]},"properties":{"id":"3be6adf2-dcad-4960-81c2-455d6327d197","source_type":"ml"}},{"type":"Feature","geometry":{"type":"Polygon","coordinates":[[[50.2348954,53.3030249],[50.2349872,53.3030124],[50.2349988,53.3030429],[50.234907,53.3030554],[50.2348954,53.3030249]]]},"properties":{"id":"e7659917-eb65-41d3-afd4-120816ede72a","source_type":"ml"}},{"type":"Feature","geometry":{"type":"Polygon","coordinates":[[[50.2351852,53.3047126],[50.2351284,53.3046964],[50.2351488,53.3046709],[50.2352055,53.3046871],[50.2351852,53.3047126]]]},"properties":{"id":"116f79ce-7d8b-4de0-b0ed-657f1f2918f9","source_type":"ml"}},{"type":"Feature","geometry":{"type":"Polygon","coordinates":[[[50.2361653,53.3046364],[50.2363033,53.3046609],[50.2362788,53.3047103],[50.2361408,53.3046858],[50.2361653,53.3046364]]]},"properties":{"id":"d8d6806b-fd38-4a48-9e09-f8b0e8edcbfb","source_type":"ml"}},{"type":"Feature","geometry":{"type":"Polygon","coordinates":[[[50.2385144,53.3032224],[50.2385638,53.3031678],[50.2386903,53.3032088],[50.2386409,53.3032633],[50.2385144,53.3032224]]]},"properties":{"id":"394e9c59-2557-42c5-8c5f-c52a1dfae886","source_type":"ml"}},{"type":"Feature","geometry":{"type":"Polygon","coordinates":[[[50.2388558,53.3033293],[50.238697,53.3032835],[50.2386964,53.3032843],[50.238642,53.3032686],[50.238692,53.3032067],[50.2386573,53.3031967],[50.2386688,53.3031824],[50.2387253,53.3031987],[50.2387064,53.3032221],[50.2388,53.3032491],[50.2388126,53.3032335],[50.2388504,53.3032444],[50.2388494,53.3032457],[50.2388485,53.3032455],[50.2388338,53.3032637],[50.2388947,53.3032812],[50.2388558,53.3033293]]]},"properties":{"id":"9ab37972-536f-4c40-81c6-62066c753af0","source_type":"ml"}},{"type":"Feature","geometry":{"type":"Polygon","coordinates":[[[50.2389003,53.3034048],[50.2390584,53.3034594],[50.2389992,53.3035207],[50.2388411,53.3034662],[50.2389003,53.3034048]]]},"properties":{"id":"1c247ec6-47b5-4e75-bc1a-3da9781609ff","source_type":"ml"}},{"type":"Feature","geometry":{"type":"Polygon","coordinates":[[[50.2399364,53.2957227],[50.2399825,53.2956975],[50.2400265,53.2957265],[50.2399804,53.2957516],[50.2399364,53.2957227]]]},"properties":{"id":"1fcea679-f060-4715-9591-019a97d8c7a6","source_type":"ml"}},{"type":"Feature","geometry":{"type":"Polygon","coordinates":[[[50.2395744,53.2959143],[50.2396562,53.2958885],[50.2397039,53.2959424],[50.2396221,53.2959682],[50.2395744,53.2959143]]]},"properties":{"id":"829590f7-6334-45c0-b85e-b5be6c5b6ea2","source_type":"ml"}},{"type":"Feature","geometry":{"type":"Polygon","coordinates":[[[50.2393609,53.2969758],[50.2393312,53.2969388],[50.2393901,53.296922],[50.2394198,53.296959],[50.2393609,53.2969758]]]},"properties":{"id":"018f9766-abbf-4947-b378-6c0a769fbc1a","source_type":"ml"}},{"type":"Feature","geometry":{"type":"Polygon","coordinates":[[[50.2377192,53.2964894],[50.2377771,53.2964622],[50.2378182,53.2964933],[50.2377604,53.2965206],[50.2377192,53.2964894]]]},"properties":{"id":"463dee9b-f784-4ac1-a273-2e6483d47437","source_type":"ml"}},{"type":"Feature","geometry":{"type":"Polygon","coordinates":[[[50.2353389,53.2972048],[50.2353825,53.2972399],[50.2353185,53.2972683],[50.2352749,53.2972331],[50.2353389,53.2972048]]]},"properties":{"id":"60dd28b8-9a98-4ab8-bb07-ef5e343973db","source_type":"ml"}},{"type":"Feature","geometry":{"type":"Polygon","coordinates":[[[50.2388021,53.2956848],[50.2389104,53.295639],[50.2389678,53.2956876],[50.2388595,53.2957333],[50.2388021,53.2956848]]]},"properties":{"id":"1d9f2b6f-a06d-4aab-bfa9-a800e9c2c301","source_type":"ml"}},{"type":"Feature","geometry":{"type":"Polygon","coordinates":[[[50.239352,53.2954698],[50.239183,53.2955404],[50.2390818,53.2954538],[50.2392508,53.2953832],[50.239352,53.2954698]]]},"properties":{"id":"ce35999c-a5bf-41e1-9bc7-9c8786f188b1","source_type":"osm"}},{"type":"Feature","geometry":{"type":"Polygon","coordinates":[[[50.2402628,53.2953676],[50.2402156,53.2953329],[50.2402696,53.2953066],[50.2403169,53.2953413],[50.2402628,53.2953676]]]},"properties":{"id":"294412e6-da5a-4adc-80d6-5002abfc8e04","source_type":"ml"}},{"type":"Feature","geometry":{"type":"Polygon","coordinates":[[[50.2420017,53.2938796],[50.2419658,53.2938521],[50.2420193,53.2938272],[50.2420552,53.2938548],[50.2420017,53.2938796]]]},"properties":{"id":"40330e84-3f12-4350-9e93-9ccb0ce98701","source_type":"ml"}},{"type":"Feature","geometry":{"type":"Polygon","coordinates":[[[50.2430466,53.2950118],[50.242978,53.2949556],[50.2431,53.2949024],[50.2431686,53.2949586],[50.2430466,53.2950118]]]},"properties":{"id":"902166b7-220c-4818-b69a-ff6eca33d9e9","source_type":"osm"}},{"type":"Feature","geometry":{"type":"Polygon","coordinates":[[[50.241872,53.2940484],[50.2420564,53.2939744],[50.2423042,53.2941951],[50.2421198,53.2942691],[50.241872,53.2940484]]]},"properties":{"id":"46935cdd-d48f-41e3-8d43-c0632ca36092","source_type":"osm"}},{"type":"Feature","geometry":{"type":"Polygon","coordinates":[[[50.2413518,53.2942664],[50.2414079,53.2943238],[50.2413788,53.2943339],[50.2413227,53.2942766],[50.2413518,53.2942664]]]},"properties":{"id":"fe193706-0b9d-4715-9dfa-c89e2df141e2","source_type":"ml"}},{"type":"Feature","geometry":{"type":"Polygon","coordinates":[[[50.2409242,53.2951194],[50.2408787,53.2950905],[50.2409355,53.2950585],[50.240981,53.2950874],[50.2409242,53.2951194]]]},"properties":{"id":"bd896f29-54e9-4f0a-944b-4ca7fc6b5596","source_type":"ml"}},{"type":"Feature","geometry":{"type":"Polygon","coordinates":[[[50.2411292,53.2950512],[50.2410771,53.2949901],[50.2411495,53.2949681],[50.2412016,53.2950292],[50.2411292,53.2950512]]]},"properties":{"id":"0515faed-5c19-47d2-9ab2-fd5b2f386471","source_type":"ml"}},{"type":"Feature","geometry":{"type":"Polygon","coordinates":[[[50.2414406,53.2948133],[50.241499,53.2948535],[50.2413891,53.2949106],[50.2413307,53.2948705],[50.2414406,53.2948133]]]},"properties":{"id":"20a082d5-f311-4230-b084-8c125283ad2f","source_type":"ml"}},{"type":"Feature","geometry":{"type":"Polygon","coordinates":[[[50.2412491,53.2950078],[50.2411969,53.294956],[50.2412836,53.2949248],[50.2413357,53.2949766],[50.2412491,53.2950078]]]},"properties":{"id":"2c9db584-23c7-4acf-a5a0-685d98db735d","source_type":"ml"}},{"type":"Feature","geometry":{"type":"Polygon","coordinates":[[[50.2417986,53.2966883],[50.2417379,53.2966192],[50.2418716,53.2965772],[50.2419323,53.2966464],[50.2417986,53.2966883]]]},"properties":{"id":"9c22637c-6a37-486b-8c74-8decb367ac8e","source_type":"ml"}},{"type":"Feature","geometry":{"type":"Polygon","coordinates":[[[50.2436856,53.2977608],[50.2435922,53.2976924],[50.2436763,53.297652],[50.2437671,53.2977227],[50.2436856,53.2977608]]]},"properties":{"id":"122ea889-9661-4d5a-8c17-bffd8c86c11d","source_type":"osm"}},{"type":"Feature","geometry":{"type":"Polygon","coordinates":[[[50.2429793,53.2965409],[50.2430347,53.2965257],[50.243055,53.2965521],[50.2429996,53.2965673],[50.2429793,53.2965409]]]},"properties":{"id":"6586f3c1-1e7e-4d8b-b2ee-bc1002e6b012","source_type":"ml"}},{"type":"Feature","geometry":{"type":"Polygon","coordinates":[[[50.2444634,53.2990061],[50.2443791,53.2990405],[50.2442946,53.2989665],[50.2443789,53.2989321],[50.2444634,53.2990061]]]},"properties":{"id":"381af3c9-da62-4b6c-a887-a09ff00664fd","source_type":"osm"}},{"type":"Feature","geometry":{"type":"Polygon","coordinates":[[[50.2442031,53.3042799],[50.244217,53.3042185],[50.2442644,53.3042223],[50.2442505,53.3042837],[50.2442031,53.3042799]]]},"properties":{"id":"b1036e02-b2e0-4346-8982-3b5656b826af","source_type":"ml"}},{"type":"Feature","geometry":{"type":"Polygon","coordinates":[[[50.2437346,53.2993593],[50.2435538,53.2992114],[50.243785,53.2991128],[50.2439751,53.2992708],[50.243783,53.2993589],[50.2437346,53.2993593]]]},"properties":{"id":"3b69ab93-6bcc-4dc9-ba36-6e5c3d940520","source_type":"osm"}},{"type":"Feature","geometry":{"type":"Polygon","coordinates":[[[50.2415995,53.3071282],[50.2415522,53.3071241],[50.2415594,53.3070943],[50.2416067,53.3070984],[50.2415995,53.3071282]]]},"properties":{"id":"c32dcbeb-d32f-47b7-adca-7a154b1b7348","source_type":"ml"}},{"type":"Feature","geometry":{"type":"Polygon","coordinates":[[[50.2422837,53.3058952],[50.242357,53.3059089],[50.2423334,53.3059542],[50.2422601,53.3059405],[50.2422837,53.3058952]]]},"properties":{"id":"130f0d10-55e3-4a27-b81e-6c36c9dddec7","source_type":"ml"}},{"type":"Feature","geometry":{"type":"Polygon","coordinates":[[[50.2427862,53.3065282],[50.242777,53.3065821],[50.2427478,53.3065803],[50.242757,53.3065264],[50.2427862,53.3065282]]]},"properties":{"id":"88896ab9-221a-4f76-9ec0-60897138706f","source_type":"ml"}},{"type":"Feature","geometry":{"type":"Polygon","coordinates":[[[50.2436206,53.3065816],[50.2436193,53.306604],[50.2435562,53.3066026],[50.2435575,53.3065802],[50.2436206,53.3065816]]]},"properties":{"id":"51726aa2-5964-4542-a129-fca8ce0f0786","source_type":"ml"}},{"type":"Feature","geometry":{"type":"Polygon","coordinates":[[[50.2407148,53.3078162],[50.2407105,53.3078705],[50.2406342,53.3078683],[50.2406386,53.307814],[50.2407148,53.3078162]]]},"properties":{"id":"55570b6c-959b-4176-868e-48cb0581b97a","source_type":"ml"}},{"type":"Feature","geometry":{"type":"Polygon","coordinates":[[[50.2442194,53.3085908],[50.2442029,53.3085439],[50.2442452,53.3085386],[50.2442617,53.3085855],[50.2442194,53.3085908]]]},"properties":{"id":"7bc1157f-8108-4ff3-ab72-8bd010105469","source_type":"ml"}},{"type":"Feature","geometry":{"type":"Polygon","coordinates":[[[50.2443158,53.3072421],[50.2443171,53.30721],[50.2443895,53.3072111],[50.2443882,53.3072431],[50.2443158,53.3072421]]]},"properties":{"id":"393a9f76-ec74-4dec-9b52-6798cb389a3d","source_type":"ml"}},{"type":"Feature","geometry":{"type":"Polygon","coordinates":[[[50.2439764,53.3059563],[50.2439705,53.305988],[50.2438131,53.3059775],[50.243819,53.3059459],[50.2439764,53.3059563]]]},"properties":{"id":"dfa3a078-d1e9-425a-b3aa-c258ef8ed311","source_type":"ml"}},{"type":"Feature","geometry":{"type":"Polygon","coordinates":[[[50.244546,53.3062726],[50.2446022,53.3062738],[50.2446,53.3063107],[50.2445437,53.3063094],[50.244546,53.3062726]]]},"properties":{"id":"8f069197-9916-4e2b-8c94-4ef9e3c469aa","source_type":"ml"}},{"type":"Feature","geometry":{"type":"Polygon","coordinates":[[[50.2348589,53.3061068],[50.2348732,53.3060817],[50.2349333,53.3060939],[50.234919,53.306119],[50.2348589,53.3061068]]]},"properties":{"id":"e65f62ab-d0fe-4a32-85a0-5a338f55ae4f","source_type":"ml"}},{"type":"Feature","geometry":{"type":"Polygon","coordinates":[[[50.2351847,53.3066469],[50.2351868,53.3067078],[50.2351144,53.3067087],[50.2351123,53.3066478],[50.2351847,53.3066469]]]},"properties":{"id":"6cbf64ec-1dcb-404d-b0d9-415e05702893","source_type":"ml"}},{"type":"Feature","geometry":{"type":"Polygon","coordinates":[[[50.231538,53.3068921],[50.231463,53.306862],[50.2314958,53.3068329],[50.2315707,53.3068629],[50.231538,53.3068921]]]},"properties":{"id":"284a6a72-852e-4c6e-a1ff-26398b4fb073","source_type":"ml"}},{"type":"Feature","geometry":{"type":"Polygon","coordinates":[[[50.230412,53.306117],[50.2303954,53.3061335],[50.2305042,53.3061723],[50.2304522,53.3062243],[50.230296,53.3061686],[50.2303645,53.3061001],[50.230412,53.306117]]]},"properties":{"id":"872208ef-6e28-4d31-a01f-3d91939f667d","source_type":"ml"}},{"type":"Feature","geometry":{"type":"Polygon","coordinates":[[[50.2286768,53.3078062],[50.2287765,53.3077816],[50.2289167,53.3079849],[50.228817,53.3080095],[50.2286768,53.3078062]]]},"properties":{"id":"1274e4f0-beca-4c68-ab98-193e65615199","source_type":"ml"}}]}
